Galatac	English / French	Part of Speech	Source	Notes (original parenthesis data)
a	to			
a	towards			
aga	to bring	verb		
canaga	to take along	verb		
canagat	taking along	noun		noun
canagaiat	one who takes along			
agat	bringing	noun		noun
agaiat	bringer			
acatac	adjectival			
acatan	adjective			
acaun	stone			
acaunac	stony			
acaunan	stoning	noun		noun
acauni	to stone	verb		
acauniat	stoner			
acinci	to dechain	verb		
acinciat	dechainer			
acincan	dechaining	noun		noun
acit	field			
acitan	fielding			
aciti	to field	verb		
acitiat	fielder			
melic	sap			< Melicios, Graufesenque, DLG 2003, p. 224; associated with larch tree > the sap of the larch tree > used for making turpentine, cf. Pr.C. *melg-, Matasovic 2008, p. 263
melici	to sap	verb		
meliciat	sapper			
melican	sapping	noun		noun
tom	cheese			< toma, toumo, tomme, in Buccini 2022, p. 56, ‘Cé a bhog mo cháis? The Celtic Origins of Early Irish Cheese-making’
tomac	cheesy			
tomacas	cheesiness			
tamis	sieve			
tamisa	to sieve	verb		
tamisaiat	siever			
tamisan	sieving	noun		noun
tamisu	rennet			
dagru	twice-cooked cheese			from the western Alps, cf. Ger. ziger, zieger, Romansh tschigrun, tschagrun < Gaul. *dwi-gr-os “twice-cooked”, cf. ricotta, id., in Buccini 2022, from Hubschmied 1936
acol	skinny			
acolas	skinnyness			
acru	high			
acrunan	raising			
acrunas	altitude		derivation / compound	acru + -nas, n-enlargement, cf. Anaone, DLG 2003, p. 45
acruni	to raise	verb	derivation / compound	acru + -ni, cf. carni < car-ni, DLG 2003, p. 106; cf. E. to accrue “to accumulate”
acruniat	raiser			
acrunitu	raised			
acu	fast			
acunas	speed			n-enlargement, cf. Anaone, DLG 2003, p. 45
acuni	to speed	verb	derivation / compound	acu + -ni, cf. carni < car + -ni, DLG 2003, p. 106
acunan	speeding	noun		noun
acuniat	speeder			
acunitu	sped			
ed	foot			unit of measurement; cf. cantedon, ades, DLG 2003, p. 103, 32; ed- instead of ad- to avoid confusion with common prefix ad- “towards”
ared	ankle		derivation / compound	ar + ed, “before-foot”, cf. araus, ar-aus “before-ear” > “temple”
ada	to place	verb		re-addas, “has placed”, DLG 2003, p. 261
adaiat	placer			
adat	placement			
adarc	reedsap			
ade	feet			measurement
adgar	to accuse	verb	derivation / compound	ad + gar, “at-shout”
adgariat	accusor			
adgaru	accusation			
adianta	to strive	verb		
adiantaiat	striver			
adiantan	striving	noun		noun
adiantu	ambition			
adiantumar	ambitious			
adiantumaras	ambitiousness			
adol	appropriate			< adlo, DLG 2003, p. 33, with metathesis for easier pronunciation, cf. W. eddyl, id.
adolas	appropriateness			
adogar	to proclaim	verb		
adogariat	proclaimer			
adogaru	proclamation			
adogaran	proclaiming	noun		noun
adretan	attack		derivation / compound	a + reti, “at-run” < ad-ret-
adreti	to attack	verb		
adretiat	attacker			
adrodi	to augment	verb	derivation / compound	ad + rodi, “at-give””
adrodiat	augmenter			
adrodan	augmentation			
adruc	shameful		derivation / compound	ad + ruc, “at-shame”, DLG 2003, p. 263
adrucas	shamefulness			
adwatan	improvement			
adwati	to improve	verb		
adwatiat	improver			
awel	wind			
awelac	windy			
aweli	to wind	verb		to get out of breath
aweliat	winder			agent for getting out of breath
awelan	winding	noun		noun; “getting out of breath”
awelbar	huricane			
awelpen	cyclone			
awelpenac	cyclonic			
urawelpenac	anti-cyclonic			
swawel	welcome		derivation / compound	su + awel, “good-wind”, DLG 2003, p. 284
swaweli	to welcome	verb		
swaweliat	welcomer			
awen	source			
aweni	to source	verb		
aweniat	sourcer			
awenan	sourcing	noun		noun
agu	struggle			
agwi	to struggle	verb		
agwiat	struggler			
agwian	struggling	noun		noun
agunan	agony			
aguni	to agonise	verb	derivation / compound	agu + -ni, cf. carni < car + -ni, DLG 2003, p. 106
aguniat	agoniser			
agru	massacre			
agranu	fruit			
agruni	to massacre	verb	derivation / compound	agru + -ni, cf. carni < car + -ni, DLG 2003, p. 106
agruniat	massacrer			
agrunan	massacring	noun		noun
agrunac	aggressive			
agrunacas	aggression			
agrunacait	aggressiveness			
agrin	plum			
agrinu	plumtree			
agrinon	plum orchard			
agwar	valiant			
agwaras	valiance			
ai	to go	verb		
canai	to become	verb	derivation / compound	can + ai, “with-go”
aiat	goer			
canaiat	becomer			
aid	flame			
aidi	to flame	verb		
aidiat	flamer			
aidan	flaming	noun		noun
aidu	heat			
aidunac	hot			
aidwi	to heat	verb		
aidwian	heating	noun		noun
aidwiat	heater			
aged	face			
agedi	to face	verb		
agediat	facer			
agedan	facing	noun		noun
agedu	manner			
agedunait	mannerism		derivation / compound	agedu + n + -ait
canagedu	aspect		derivation / compound	can + agedu, “with-manner”
awol	nephew			< auolus, “descendant” DLG 2003 p. 60
awal	niece			by analogy with awol
ariawa	great-granddaughter			< ariaua, DLG 2003, p. 60
ariawu	great-grandson			
awitian	envy			
awitianwar	envious			
awiti	to envy	verb		
awitiat	envier			
aitin	gorse			
aitol	go	noun		noun
canaitol	outcome			
aiu	age			
aiu	era			
aiuni	to age	verb	derivation / compound	aiu + -ni, cf. carni < car + -ni, DLG 2003, p. 106
aiuniat	ager			
aiunitu	aged			
aiunan	aging	noun		noun
al	other			
alas	other-ness			
alat	savage			
alatas	savageness			
alatait	savagery			
alati	to savage	verb		
alatiat	savager			
alatan	savaging	noun		noun
alaud	lark			
alaudi	to trill	verb		
alaudiat	triller			
alaudan	trill			
alauniat	wanderer			
alaun	nomad			
alaunac	nomadic			
alaunan	wandering	noun		noun
ala	to trek	verb		
alan	trek			
alaiat	trekker			
alaunait	nomadism			
alauni	to wander	verb		cf. W. allan, “to go out”
esidu	expedition		derivation / compound	es + idu-, “from-fetters”, cf. L. exped-, id.
esidwiat	expeditor			
esidwi	to expedite	verb		
esidwian	expediting	noun		noun
idu	fetter			s
epidu	hobbles”		derivation / compound	ep + idu, “horse-fetters
epidwi	to hobble	verb		
epidwiat	hobbler			
epidwian	hobbling	noun		noun
idwi	to fetter	verb		
idwiat	fetterer			
idwian	fettering	noun		noun
alaus	sardine			
alausal	anchovy		derivation / compound	alaus + -al, “small-sardine”
alausu	pelagic fish			
alausac	pelagic			
alausa	to flit	verb		
alausaiat	flitter			
alausan	flitting	noun		noun
alc	elk			large deer
anc	key			< anco “hook”, cf. W. allwedd < alchwedd < achlwedd < *(s)kleh2w- “hook, peg”
ancid	indispensable			
ancidas	indispensability			
dicoriat	key			“opener”, cf. W. agoriad, id.
aldon	other person			
ali	to feed	verb		
aliac	nutritious			
aliacas	nutrition			
aliacan	nutrient			
alian	feed	noun		noun
swalian	nourishment			
swali	to nourish	verb	derivation / compound	su + ali, “good-feed”
swaliat	nourisher			
aliat	feeder			
alis	cliff			
alisu	escarpment			
alisac	cliff-like			
dialisac	precipitous		derivation / compound	di + alisac, “off-cliff-like”
dialisa	to precipitate	verb		to cause something bad to happen suddenly
dialisaiat	precipitator			
dialisan	precipitation			sudden unexpected bad event – not rain, hail or snow
alon	comfrey			plant
alv	firmament			
alban	air			
albanac	airy			
albani	to air	verb		
albaniat	airer			
albanan	airing	noun		noun
albu	upper world			world of the gods
albunac	celestial			
albol	mint			
albolac	minty			
albroi	foreigner			
esalbroi	stranger		derivation / compound	es + albroi, “from/out-of-other country”
albroiac	foreign			
esalbroiac	strange			
albroiacas	foreign-ness			
esalbroiacas	strangeness			
alwi	to grow	verb		
alu	growth			
alwiat	grower			
alwian	growing	noun		noun
alwitol	adult		derivation / compound	alwit(u) + ol, “grown-all”
alwitolait	adulthood			
am	around			on both sides
am	about			
am	on two sides			
ama	to like	verb		
swama	to approve	verb	derivation / compound	 su + amam, “good-like”
ambaiat	delegate			
ambai	to delegate	verb		to go around
ambaitol	delegation			
-tol	substantivising suffix for verbs ending on –ai, -oi, -ei, -ui	affix		
amal	moment			
aman lan	all the time			
aman ol	always			
aman bir	soon			
aman mar	often			
aman sir	long time			
amaiat	mate			
amantu	beloved			lover
canamaiat	ally			
canama	to ally	verb		
canamat	alliance			
swamaiat	approver			
swamat	approval			
amat	liking	noun		noun
aman	time			
aman nowi	spring time			“new time”, cf. Br. nevezamzer, id.
amanan	timing			
amani	to time	verb		
amaniat	timer			
ambantaran	insertion			
ambantari	to insert	verb	derivation / compound	refering to insertion of a month; < amb + antar, “both-sides-between”, attested at Coligny, intercalary month
ambantariat	inserter			
amapis	to visit	verb	derivation / compound	am + apis “around-see”, cf. W. ymweld, id.
amapisan	visit	noun		noun
amapisiat	visitor			
amarc	vision			
amarcid	visionary	adjective		adjective
amarcaun	visionary	noun		noun; amarc-aun, “visionary-ist”
amarcid	observant			
amarcidas	observantness			
amarcan	observation			
amarci	to observe	verb		
amarciat	observer			
amat	like	noun		noun
amgwertan	exchange	noun		noun
amgwerti	exchange		derivation / compound	am + gwerti “around-turn”
amgwertiat	exchanger			
amgwici	to defend	verb	derivation / compound	am + gwic- “around-win”
amgwiciat	defender			
amgwican	defence			
amdes	to organise	verb	derivation / compound	am + des “around-prepare”
amdesan	organisation			
amdesiat	organiser			
amgar	to announce	verb	derivation / compound	am + gar “around-call”
amgariat	announcer			
amgaru	announcement			
amgavan	avoidance			
amgavi	to avoid	verb	derivation / compound	am + gavi “around-take”, cf. OIr. imgabail
amgaviat	avoider			
ambol	enclosure		derivation / compound	< ambio- + -ol, “enclose-all”
amboli	to enclose	verb		
amboliat	encloser			
ambolan	enclosing	noun		noun
ambit	environment			
ambitac	environmental			
ambi	to surround	verb		
ambiat	surrounder			
amban	surrounding	noun		noun
ambilat	buckle			
ambilati	to buckle	verb		to keep together
ambilatiat	buckler			
amin	acquaintance			
amini	to acquaint	verb		
aminiat	acquainter			
aminan	acquainting			
aminac	casual			
aminacas	casualness			
ambos	joined hands			
ambosa	to join	verb		
lambosa	to shake hands	verb	derivation / compound	lam + ambos, “hand-joined”
lambosan	handshake			
lambosaiat	handshaker			
ambosan	joint			
ambosaiat	joiner			
amtot	nation		derivation / compound	am + tot, “around-people”
amtotac	national			
amtotas	nationality			
amtoti	nationalise			
amtotiat	nationaliser			
amtotan	nationalisation			
amtrev	village			
ambu	stream			running water; cf. ambe DLG 2003, p. 41
ambuni	to stream	verb		
ambuniat	streamer			
ambunan	streaming	noun		noun
ambunac	streamlined			“streaming-like”, resembling running water
ambunaci	to streamline	verb		
ambunaciat	streamliner			
ambunacan	streamlining	noun		noun
ambol	watershed		derivation / compound	amb(u) + ol, “stream-all”
amben	rivulet			< ambe, DLG 2003, p. 41
amgweri	to guide	verb		
amgweriat	guide			
amgweran	guidance			
an-	un-	affix		im-
ani	to breathe	verb		
Anagan	month 4 of the Gaulish calendar			corresponding to August
anagan	unfixed			
aniat	breather			
anan	breath			
ananac	breathy			
anol	respiration			
anolac	respirational			
anandogan	non-indigenous		derivation / compound	an + andogan, “not-born-inside”
anandoganas	non-indigenousness			
anat	soul			
anwar	blow		derivation / compound	an + mar, “breath-big”
anwari	to blow	verb		
anwariat	blower			
anwaran	blowing	noun		noun
anatwar	magnanimous		derivation / compound	anat + mar, “soul-big”
anatwaras	magnanimity			
ancani	to whistle	verb	derivation / compound	an + can, “breathe-sing”
ancaniat	whistler			
ancanu	whistle tune			
ancanan	whistling	noun		noun
ancanol	whistle			
anau	richness			
anauni	to enrich	verb	derivation / compound	-n- enlargement, cf. Anaone, DLG 2003, p. 45; cf. carni < car + -ni, DLG 2003, p. 106)
anaunan	enrichment			
anauniat	enricher			
anaunac	rich			
andavat	blinded fighter			fighter with helmet without eyeholes; artificially and temporarily blinded
andavata	to fight blindedly	verb		
andavatan	blinded combat			
andat	blinded			temporarily and artificially; < ander-, “below, underworld, darkness”
andatas	blindedness			temporary
andati	to blind	verb		artificially and temporarily
andatiat	blinder			
andatan	blinding	noun		noun
andat argu	snowblind			
andatas argu	snowblindness			
ancaranac	unfriendly			
ancaranacas	unfriendliness			
ancinac	late		derivation / compound	an + cinac, “un-early”
ancinacas	lateness			
ancu	hook			
ancuni	to hook	verb	derivation / compound	ancu + -ni, cf. carni < car + -ni, DLG 2003, p. 106
ancuniat	hooker			
ancunan	hooking	noun		noun; “accrochement”
ancomes	unlike			
ancomesac	dissimilar			
ancomesacas	dissimilarity			
comes	like			comparative
comesac	similar			
ancurai	salmon of the Rhine			ancu-rai, “hook-front” > hook-shaped snout
ancrinac	carefree			
riunac	easy		derivation / compound	riu + -nac, “free-like”; cf. Ir. saoráideach
suriunacan	facilitation			
riunacas	ease			
riunacan	easing	noun		noun
riunaci	to ease	verb		
suriunaci	to facilitate	verb	derivation / compound	su + riunaci, “good-easing”
riunaciat	easer			
suriunaciat	facilitator			
riuni	to free	verb	derivation / compound	riu + -ni, cf. carni < car + -ni, DLG 2003
suriuni	to liberate	verb		
riuniat	free-er			
riunan	freeing	noun		noun
suriuniat	liberator			
suriunan	liberation			
riunas	freedom		derivation / compound	riu + -nas, n-enlargement, cf. Anaone, DLG 2003, p. 45
angweli	dishonest			
angwelias	dishonesty			
angwiru	untrue			
angwirot	untruth			
angworetwar	unhelpful			
angworetwaras	unhelpfulness			
ande-	very	affix		prefix of augmentation
andecing	to survey	verb		to measure land
andecinget	surveyor			
andecingen	survey			
anded	inferior			
andedas	inferiority			
gweranded	worse			
gwerandedi	to worsen	verb		
gwerandedan	worsening	noun		noun
gwerandediat	worsener			
anei	to protect	verb		
aneiac	protective			
aneiat	protector			
aneitol	protection			
aneli	to wait	verb		
aneliat	waiter			
anelan	wait	noun		noun
anelu	few		derivation / compound	an + elu, “not-many”
anep	white hellebore			veratrum album
andernad	those below			
ander	below			
andu	low			
andunas	lowness		derivation / compound	andu + -nas, n-enlargement, cf. Anaone, DLG 2003, p. 45
andwen	lowland			< anduenna, Whatmough 1970, p. 1255, cf Arduenna [Silva] “highland [forest]
andwen	low country			
anduni	to lower	verb		
andunan	lowering	noun		noun
anduniat	lowerer			
andescoci	to remove	verb	derivation / compound	ande + scoci, “very-activate”
andescociat	remover			
andescocan	removal			
aneti	less		derivation / compound	an + eti, “not-more”
andev	wealthy			< andebio-, DLG p. 47, andedios > andebion, “very-alive”, cf. OIr. indbe, id.
andevas	wealth			
anoni	to inspire	verb		
anoniat	inspirer			muse
anon	inspiration	noun		< anoun < aneun-
anonac	inspirational			
aniate	unborrowable			unalienable
aniati	to keep	verb		
aniatiat	keeper			
-te	-able	affix		adjectival suffix of ability, possibility or obligation; < -tei < ania-tei, DLG 2003, p. 49; cf. Ir. –ta, -tha, -the, id.
-teas	-ability	affix		substantival suffix of ability, possibility or obligation
iati	to borrow	verb		
iatiat	borrower			
iatan	loan			
duiati	to alienate	verb		
duiatiat	alienater			
duiatian	alienation			
andigu	innocent			<*andigs <*tixs-
andigunas	innocence		derivation / compound	andigu + -nas, n-enlargement, cf. Anaone, DLG 2003, p. 45
anam	swamp			
anamac	swampy			
anami	to swamp	verb		
anamiat	swamper			
anaman	swamping	noun		noun
anlan	empty			
anlanas	emptiness			
anlani	to empty	verb		
anlaniat	emptier			
anlanan	emptying	noun		noun
anlavar	shy			
anlavaras	shyness			
anlo	heavy		derivation / compound	an + lo, “un-light”, [o @] < lou
anloas	heaviness			
dulagu	poor			quality
dulagunas	poorness		derivation / compound	dulagu + -nas, n-enlargement, cf. Anaone, DLG 2003, p. 45
lagwi	to spoil	verb		to go off
lagwiat	spoiler			
lagwian	spoiling	noun		noun
dulagwi	to rot	verb		
dulagwiat	rotter			
dulagwian	rot			
anlosc	level		derivation / compound	adj., horizontal, an + losc, “un-tilted”
anloscas	levelness			
ando	inside			
andos	interior			
andedu	dwelling		derivation / compound	< andoedo- < ando + edo, “inside-space”; loss of /o/ before /e/; cf. cantedo-, DLG 2003, < *canto-edo, p. 103; cf. W. annedd, id.
andedan	abode			
andedwi	to dwell	verb		
andedwiat	dweller			
andedwian	act of dwelling			
andogon	indigenous			< andogn-, assimilation of atonic vowel schwa inside of cluster –gn- to vowel of previous syllable; cf. gavar, durun, duvur, etc.
andogonas	indigenousness			
andogonat	indigene			indigenous person
gentat	native			person
gentac	native	adjective		adjective
gentacas	nativeness			
andun	spring		derivation / compound	of water < andu +un “low-water”, andounna, DLG 2003, p. 48
usun	waterfall		derivation / compound	us + un, “high-water” i.e. “water from above”, uxouna, DLG 2003, p. 48
anduni	to spring	verb		to spring forth, e.g. water from the ground
anduniat	springer			
andunan	springing	noun		noun
un	waterflow			flowing water
anonu	inspired			
anordai	late		derivation / compound	an + or + dai, “not-hour-good”, cf Fr. de bonne heure “early”
anordaias	lateness			
anreitwar	illegitimate			an-reit-mar, “un-law-ful”
ansamal	different			
ansamalas	difference			
stiru	sterile			DLG 2003, p. 282
stirunas	sterility		derivation / compound	stiru + -nas, n-enlargement, cf. Anaone, DLG 2003, p. 45
stirwi	to sterilise	verb		
stirwiat	steriliser			
stirwian	sterilisation			
anstiru	fertile			
anstirunas	fertility		derivation / compound	anstiru + -nas, n-enlargement, cf. Anaone, DLG 2003, p. 45
anstirwi	to fertilise	verb		
anstirwiat	fertiliser			
anstirwian	fertilisation			
anta	to end	verb		
antumar	terminal	adjective		adjective
antol	terminal	noun		noun
antan	ending			
antaiat	ender			
antu	end			
antartu	wet			
antartunas	wetness		derivation / compound	antartu + -nas, n-enlargement, cf. Anaone, DLG 2003, p. 45
antarta	to make wet	verb		
antartaiat	wet-maker			
antartan	wet-making			
andam	bad			poor quality
andamic	of poor quality			
andamas	worst			andam – andedu/gwer andam – andamas, “bad-worse-worst”
antumun	underworld			realm of the dead
antumunac	underworldly			
antumunacas	underworldliness			
anderen	hell			cf. L. inferno, id.
anderen	inferno			
anderenac	hellish			infernal
anderenac	infernal			
anderenacas	hellishness			
anderenacas	infernalness			
anu	name			
diducartan	disinfection			
diducarti	to disinfect	verb		
diducartiat	disinfectant			
didumenac	unsuspecting		derivation / compound	di + du + men + ac, “un-bad-think-like”
anbur	humble		derivation / compound	an + bur, “un-proud/haughty”
anburac	modest			“humble-like”
anburan	humbling	noun		noun
anburas	humbleness			humility
anburacas	modesty			
anburi	to humble	verb		
anburiat	humbler			
dwanburi	to humiliate	verb	derivation / compound	du + anburi, “bad-humbling”
dwanburiat	humiliator			
dwanburan	humiliation			
anwat	unfavourable			not nice
anwatas	unfavourableness			
anwi	to name	verb		
anwian	naming			
anwiat	namer			
apis	to see	verb		
apisan	sight			
apisiat	see-er			
apiste	visible		derivation / compound	apis + -te, suffix of ability
apisteas	visibility			
apisac	visual			“seeing-like”
apisacas	visualness			
-ac	-like	affix		suffix of adjective
ar	in front			
ar	before			physical
ar	ahead			
rai	front			
raiac	frontal			
popit	cake			< popi “to cook, cf. crampopit “pancake”, cf. Br. krampouezh, id.
popiti	to cake	verb		
popitan	caking			
popitiat	caker			caking agent
aram	calm			
aramas	calmness			
arami	to calm	verb		
aramiat	calmer			
araus	temple			side of head
arcat	project			
arcati	to project	verb		
arcatan	projection			
arcatiat	projector			
dwarderci	to show off	verb	derivation / compound	du + arderci, “bad-boast”
dwarderciat	show-off			a person who shows off
dwardercan	showing-off	noun		noun
arderci	to boast	verb		
arderciat	boaster			
ardercan	boast			
ardos	forearm			
ardron	skirmish			
ardroni	to skirmish	verb		
ardroniat	skirmisher			
ardu	high			
ardunas	height		derivation / compound	ardu + -nas, n-enlargement, cf. Anaone, DLG 2003, p. 45
ardwen	highland			< Arduenna Silva “highland forest”
ardwen	high country			
ardwen	upland			
arduni	to heighten	verb	derivation / compound	ardu + -ni, “high-ing”
ardunan	heightening	noun		noun
arduniat	heightener			
are	east			
adretac	offensive			physical
adretan	attack			physical
adreti	to attack	verb		physical
adretiat	attacker			physical
arga	to shine	verb		
argat	shine	noun		noun
argaiat	shiner			
argan	money			“shining thing”; cf. silver
arganac	monetary			
argantu	silver			
argantunac	silvery			
argac	shiny			
argacas	shininess			
swargac	brilliant			
swargacas	brilliance		derivation / compound	su + argac, “good-shiny”
argu	snow			
argwi	to snow	verb		
argwian	snow event			
gwir argu	snowman			
taran argu	snow storm			
argar	to present	verb	derivation / compound	ar + gar, “before-shout”, i.e. “shouting in front of [people]”
argariat	presenter			
argaru presentation				
artrevac	agricultural			
ariu	nobleman			
ariunac	noble			
ariunacas	nobility			human quality
ariuloi	nobility			group of people
ariawa	great granddaughter			
ariawu	great grandson			
aric	foremost			
arican	excellent			
aricanas	excellence			
aricani	to excel	verb		
arici	to model	verb		
arici	to set an example	verb		
aricaniat	exceller			
ariciat	model			person
ariciat	one who sets an example			
aricu	example			
arinc	wheat			
poparinc	wheatcake			
arit	rockwall			natural formation
aritu	slate			
aritis	table			
aritisa	to table	verb		
aritisaiat	tabler			
aritisan	tabling	noun		noun
arlat	wetland			formation analoguous with araus, DLG 2003, p. 51-52
arluge	to promise	verb	derivation / compound	ar + luge, “in front of commitment”
arluget	promiser			
arlugen	promise	noun		noun
arpen	side			
arpeni	to side	verb		
arpeniat	sider			
arpenan	siding	noun		noun
arpenu	block of land			land area, approx. 1 acre
barpen	extremity (bar + pen, “top-head”, i.e. most upper, highest		derivation / compound	
barpenac	extreme			
barpenacas	extremeness			
barpenait	extremism			
barpenaun	extremist			
arsel	throne			
dwarsel	toilet		derivation / compound	du + arsel, “bad-throne”
arseli	to throne	verb		
arselan	throning	noun		noun
diarseli	to dethrone	verb		
diarselan	dethroning	noun		noun
dwarseli	to go to the toilet	verb		
dwarselan	toileting	noun		noun
dwarseliat	toiletter			
artu	bear			
arturig	bear-king			> Arthur
artrev	farm			
artrevan	agriculture			
artrevi	to farm	verb		
artreviat	farmer			
artus	structure			
artusac	structural			
artusa	to structure	verb		
artusaiat	structurer			
artusan	structuration			
arwer	pleasure			
aruran	discovery			
aruri	to discover	verb	derivation / compound	ar + uri, “in front-find”
aruriat	discoverer			
arbela	to forecast	verb	derivation / compound	ar + bela, “before-cast”, < belatu “throw”
arbelat	forecast			
arbelaiat	forecaster			
arbor	to use	verb	derivation / compound	Matasovic 2008; ar + bor, “in front-move”
arboriat	user			
arboru	use			n
arborwar	useful			
arborwaras	usefulness			
arbron	bosom			
arwerac	pleasant			
arweracas	pleasantness			
arwerc	cultivated field			
arwercan	cultivation			
arwerci	to cultivate	verb		
arwerciat	cultivator			
arweri	to please	verb		
arweriat	pleaser			
arweran	pleasing	noun		noun
arwor	coast			
arworac	coastal			
arworic	person from the coast			
asai	to achieve	verb		
canasai	to attain	verb	derivation / compound	can + asai, “with-achieve”
asaiat	achiever			
asaitol	achievement			
canasaiat	attainer			
canasaitol	attainment			
asedi	to establish	verb		
asediat	establisher			
asedan	establishment			
sun	dream			< suniducus “led-by-his-dreams”, DLG 2003, p. 280
suni	to dream	verb		
suniat	dreamer			
sunan	dreaming	noun		noun
asu	legal			
asunas	legality		derivation / compound	asu + -nas, n-enlargement, cf. Anaone, DLG 2003, p. 45
asuni	to legalise	verb	derivation / compound	asu + -ni, cf. carni < car-ni, DLG 2003, p. 106
asunan	legalisation			
asuniat	legaliser			
at(e)-	re-	affix		prefix; ate- before consonant, at- before vowel
ate	again			
atu	foster father			< atta “foster father”; abreviation of ater “father”
atugran	reaction			
atugriat	reactor			
atugri	to react	verb	derivation / compound	ate + ugri, loss of –e before u-
ate	yet			
atecati	to reject	verb		
atecatan	rejection			
atecatiat	rejector			
ategwertan	return			
ategwerti	to return	verb		
ategwertiat	returner			
atedici	to retaliate	verb		
atediciat	retaliator			
atedican	retaliation			
ategnud	descendant			grandson/daughter; < Atecnudis, DLG 2003, p. 58
ategnudan	descent			
ategnudi	to descend	verb		
ategnudiat	descender			
ategen	to be born again	verb		
ategentu	born-again			
ategenu	rebirth			
gen	to be born	verb		
gentu	born			
atei	hut			
dwatei	hovel		derivation / compound	du + atei , “bad-hut”
swatei	cabin		derivation / compound	su + atei, “good-hut”
critu swatei	cabin fever			
ategar	to repeat	verb		verbally
ategarac	repetitive	verb		verbally
ategariat	repeater	verb		verbally
ategaru	repetition	verb		verbally
ateit	slave			
ateitait	slavery			
enateitan	enslavement			
enateiti	to enslave	verb		
enateitiat	enslaver			
tepi	run			
tepiat	runner			
tepan	run	noun		noun
atenus	re-ascent		derivation / compound	ate + en + us- “again-in-up”, DLG 2003, p. 58
atenusa	to re-ascend	verb		
atenusaiat	re-ascender			
atenowi	new again			
atenowa	to renew	verb		
atenowaiat	renewer			
atenowat	renewal			
ater	father			
ateri	to father	verb		
ateran	fathering	noun		noun
aterait	fatherhood			
atesai	to research	verb		
atesaiat	researcher			
atesaitol	research			
atespa	to answer	verb		
atespaiat	answerer			
atespat	answer			
ateviuni	to revive	verb	derivation / compound	ateviu + -ni, cf. carni < car-ni, DLG 2003, p. 106
ateviunan	revival			
ateviuniat	reviver			
ateviu	revived		derivation / compound	ate + biu, “again-alive”
atwi	to foster	verb		
atwian	fostering			
atwiat	fosterer			
gnat atwian	foster child			
matir atwian	foster mother			
atiran	landing			
atiri	to land	verb		
atiriat	lander			
atrev	habitation			
atrevan	inhabitation			
atrevi	to inhabit	verb		
atreviat	inhabitant			
atwatu	oracle			
aturan	reunion			
aturi	to reunite	verb	derivation / compound	ate + uri, “re-find”
aturiat	reuniter			
adwatuc	oracle shrine			
au	away from			
es	out of			
es	from			
augar	to defend	verb		verbally; “away-shout”
augarac	defensive	verb		verbally
augariat	defender	verb		verbally
augaru	defence	verb		verbal
aunu	time			Fr. fois, concise moment in time, e.g. “two times”
aun	occasion			
auni	to occasion	verb		to cause something to happen
auniat	occasioner			
aunan	occasioning	noun		noun
gweraun	opportunity		derivation / compound	gwer + aun, “on-occasion”
gwerauni	to opportune	verb		
gwerauniat	opportunist			
gweraunan	opportuning	noun		noun
gweraunait	opportunism			
aunac	occasional			
aus	ear			
ausan	listening	noun		noun
ausa	to listen	verb		
ausaiat	listener			
autaitol	arrangement			
autai	to arrange	verb	derivation / compound	au + tai, “away-from-touch”, DLG 2003, p. 62
sutai	to tidy up	verb	derivation / compound	su + tai, “good-touch”
sutaiat	tidier			person who tidies up
sutaitol	tidying up	noun		noun
sutaiac	tidy			
dutai	to make a mess	verb	derivation / compound	 du + tai, “bad-touch”
dutaitol	mess			
dutaiat	person who makes a mess			
autaiat	arranger			
tai	to touch	verb		< tag-, DLG 2003, p. 62
taitol	touch			
taiat	toucher			
awa	granddaughter			
aval	apple			
avalu	apple tree			
avalon	apple grove		derivation / compound	aval + -on, “apple-forest”, cf. Gaul. bagona “beech forest”, bag- + -on
avat	product			
avan	deed			
avanc	waterspirit			
avonic	person of the river			cf. arworic, “person of the coast” < aremorici
avesa	to accustom	verb	derivation / compound	a + bes + a, “to-custom-ise”
avesaiat	accustomer			
avesan	accustoming	noun		noun
aviat	maker			
aviat	doer			
avo	to make	verb		
avo	to do	verb		
avon	river			
avonal	creek		derivation / compound	avon + -al, “river-let”
avotu	made			
avotu	done			
aureituvoi	to break the law	verb		ab-reitu-boi, “away [from]-law-break”, < Gaul. abrectubogi, “breaker of laws”, DLG 2003, p. 255; substitution of irregular prefix ab- for regular prefix au-; cf. abrextubogios, Chartres inscription, Stifter et al. 2013
aureituvoiat	lawbreaker			
aureituvoitol	lawbreaking			
aureit	outlaw			
aureiti	to outlaw	verb		
aureitiat	outlawer			
aureitan	outlaw declaration			
aureitac	illegal			
aureitacas	illegality			
coreitaun	law-enforcer			
coreitaun	sheriff			
selgiat aureit	outlaw-hunter			
awu	grandson			
augnat	grandchild		derivation / compound	au + gnat, “away-child”, cf. auo, aua
awiti	to desire	verb		
awitian	desire			
awitiat	desirer			
awan	watercourse			
badan	flood			
badi	to flood	verb		
badiat	flooder			
badit	waterlily			
bagan	combat			
baga	to combat	verb		
bagac	belligerent			
bagacas	belligerence			
bagaud	combatant			
canbagan	affliction		derivation / compound	can + bagan, “with-combat”, cf. MW. kymwy, id.
canbaga	to afflict	verb		
canbagaud	afflicter			
bagon	beech forest			
bagu	beech			
bal	penis			
balan	broom			
prenal balan	broom bush			
prenal	bush		derivation / compound	pren + -al, “tree-let”, i.e. small tree
balani	to sweep	verb		
balaniat	sweeper			
balar	bald			
balarac	baldly			
balaras	baldness			
balari	to go bald	verb		
balc	tough			
balcid	dignified			
balcidas	dignity			
balcas	toughness			
balci	to toughen	verb		
balciat	toughener			
balcan	toughening	noun		noun
balin	fuck			
baliniat	fucker			
balini	to fuck	verb		
balu	cave			
balwi	to cave	verb		
balwiat	caver			
balwian	caving	noun		noun
balugwidait	speleology		derivation / compound	balu + gwidait, “cave-science”
balugwid	speleologist		derivation / compound	balu + gwid, “cave-scientist”
ban	peak			
banac	peaky			
bani	to peak	verb		
baniat	peaker			
barban	summit		derivation / compound	bar + ban, “top of peak”
barbaniat	summiter			
barbani	to summit	verb		
barbanan	summiting	noun		noun
banu	piglet			
bar	top			
bari	to top	verb		
bariat	topper			
baran	topping			
bard	bard			
bard	poet			
bardi	to compose	verb		
bardan	composition			
bardiat	composer			
bardal	songbird		derivation / compound	bard + -al, “small bard”, < Gaul. bardala, DLG 2003, p. 67
bardit	war cry			
barditan	slogan			
bardit	battle chant			
divardan	satire			
divardi	to satirise	verb	derivation / compound	di + bardi, “un-compose”, cf. W. dychan “un-sing”
divardiat	satirist			
bargu	bread			< Pr. C. bargu-, not attested in Gaulish
bargwi	to bake	verb		
bargwiat	baker			
bargwian	bake	noun		noun
barnu	judgement			
barnue	judgements			
enbarnu	opinion		derivation / compound	en + barnu, “inside-judgement”
barna	to judge	verb		
barnaiat	judger			
barnan	judging	noun		noun
enbarna	to opine	verb		
enbarnaiat	opiner			
enbarnan	opining	noun		noun
barnac	judgemental			
enbarnac	opinionated			
barnaun	judge			
basc	weave	noun		noun; pattern in woven fabric
sirbasc	braid			
sirbasc	plait			
storbascaud	basin		derivation / compound	stor + bascaud, “solid basket”
stor	solid			
storas	solidity			
stori	to solidify	verb		
storiat	solidifier			
storan	solidification			
ster	firm			
steras	firmness			
steri	to firm	verb		
steriat	firmer			one who firms
steran	firming	noun		noun
asteri	to affirm	verb		
asteriat	affirmer			
asteran	affirmation			
costeri	to confirm	verb		
costeriat	confirmer			
costeran	confirmation			
atasteri	to reaffirm	verb	derivation / compound	at(e) + asteri, “again-affirm”, loss of /e/ before /a/
atasteriat	reaffirmer			
atasteran	reaffirmation			
bascaud	basket			
basci	to weave	verb		
sirbasci	to braid	verb		
sirbasci	to plait	verb	derivation / compound	sir + basci, “long-weave”
basciat	weaver			
sirbasciat	braider			
sirbasciat	plaiter			
bat	stick			
suvat	cudgel		derivation / compound	su + bat, “good stick”
baton	baton			
batan	fight			
bata	to fight	verb		
bataiat	fighter			
bator	combatant			
batu	appearance			
batwi	to appear	verb		
batwian	appearance			
batwiat	appearer			
bau	mud			
baunac	muddy		derivation / compound	bau + -ac, “mud-like”, n-enlargement, cf. Anaone, DLG 2003, p. 45 
baunacas	muddiness			
bauni	to muddy	verb		to make muddy
bauniat	muddier			someone who makes muddy
baunan	muddying	noun		noun
bia	to cut	verb		bia mi = I cut, < onobiia “thirst-cut”, DLG 2003, p. 242
bia mi	I cut			
bec	beak			
becu	bee			
duvecu	wasp			
bed	ditch			
duvedi	to ditch	verb	derivation / compound	to dump someone; du + bed + i, “bad-ditch-ing”
duvediat	ditcher			
duvedan	ditching	noun		noun
aucati	to cast out	verb	derivation / compound	au + cati, “away-throw”
aucatiat	outcaster			
aucatan	outcasting	noun		noun
aucatat	outcast			
bedsir	canal		derivation / compound	bed + sir, “long-ditch”
bedsiri	to canalise	verb		
bedsiriat	canaliser			
bedsiran	canalisation			
bedu	trench			
bedwi	to trench	verb		to dig a trench
bedwiat	trencher			
bedwian	trenching	noun		noun
sagu bedu	trench coat			
sagu	coat			
sagwi	to coat	verb		
sagwian	coating			
sagwiat	coater			
sagan	film			
sagul	membrane		derivation / compound	sagu + -l, “small-coat”; diminutive suffix –l after vowel
enbedwi	to entrench	verb	derivation / compound	en + bedwi, “in-trench-ing”
enbedwiat	entrencher			
enbedwian	entrenchment			
esbedi	to extract	verb	derivation / compound	es + bed, “out-dig”
esbediat	extracter			
esbedan	extraction			
bedi	to dig	verb		
bediat	digger			
bedan	dig	noun		noun
bedari	to persuade	verb		
bedar	persuasion			< Bedarus, Bedasius, DLG 2003, p. 70
bedariat	persuader			
biat	cutter			
bel	powerful			
bela	to reject	verb		
belat	rejection			
belen	henbane			halucinogenic plant
belenac	halucinogenic			
belenan	halucination			
beleni	to halucinate	verb		
beleniat	halucinator			
belaiat	rejector			
belican	thousand-leaf			plant
belis	power			
belisam	biggest power			
nanbelis	powerhunger			
nanbelisac	powerhungry			
besloi	culture		derivation / compound	bes + -loi, “custom-collective”
ben	woman			
bencel	wife		derivation / compound	ben + cel, “woman-partner”
benac	female			
bengwetan	wedding		derivation / compound	ben + gwetan, “woman-leading”, < gweti “to lead”, cf. Br. bangwez, DLG 2003, p. 72
bengweti	to wed	verb		
bengwetiat	celebrant			“woman-leader”, person who leads a woman [to the altar]
benin	feminine			
beninas	femininity			
ber	to carry	verb		Lezoux 1970, DLG 2003, p. 340
beran	portage			
berg	mount			
bergi	to mount	verb		
bergan	mounting			
bergiat	mounter			
beriat	carrier			
bertu	carriage			
beru	source			
berul	water cress			
aver	to sacrifice	verb	derivation / compound	a + ber, “towards-bring”
averiat	sacrificer			
avertu	sacrifice			physical matter; cf. W. aberthu
averan	sacrifice			act of offering
avertunac	sacrificial			
berwi	to source	verb		
berwiat	sourcer			
berwian	sourcing			
bes	custom			habit
besa	to customise	verb		
besaiat	customiser			
besan	customisation			
besaun	customer			
besaunait	custom			clientele
olbes	habit		derivation / compound	ol + bes, “all-custom”
olbesac	habitual			
olbesa	to habituate	verb		
olbesan	habituation			
olbesaiat	habituater			
bet	crazy			DLG 2003, p. 64
duvet	insane		derivation / compound	du + bet, “bad-crazy”
betas	crazyness			
duvetas	insanity			
suvet	debauched		derivation / compound	su + bet, “good-crazy”
suvetas	debauchery			
suveti	to debauch	verb		
suvetiat	debaucher			
suvetan	debauching	noun		noun
betu	birch tree			
betul	resin			
betulon	sap		derivation / compound	cf. Betulonius, DLG 2003, p. 74, betul + on, “resin-water(flow)”, cf. on “water(flow)”
betulu	gum			
betun	tar			< L. bitumen, loan from Gaulish
bevar	beaver			< beber, VulgLat. < bebr-, epenthetic /a/ cf. petuar-, etan- < petr-, etn-; DLG 2003, p. 69
bevari	to beaver	verb		
bevariat	beaverer			
bevaran	beavering	noun		noun
bi	will be			bi mi = I will be
bi mi	I will be			
bil	tree trunk			
bian	cut	noun		noun
gwiduv	axe			< uidubion, “wood-cut-thing”, DLG 2003, p. 75
gwiduvi	to axe	verb		
gwiduviat	axer			
gwiduvion	axing	noun		noun
bir	short			
biras	shortness			
bis gentu	to be born	verb		
bis	to be	verb		
bis	finger			
bisal	little finger			“pinkie”
bisa	to finger	verb		
bisaiat	fingerer			
bisan	fingering	noun		noun
biwit	life			
biwitac	life-like			
biwitaiunac	eternal		derivation / compound	biwit + aiunac, “life-age-like”
biwitaiu	eternity		derivation / compound	biwit + aiu, “life-age”
biwiti	to live	verb		
biwitiat	live-er			someone who lives
daiviwitiat	well-live-er		derivation / compound	dai + biwitiat, “good-live-er”, “bon-vivant”, someone who enjoys the good life
biwitan	living	noun		noun
bitu	world			
bitunac	worldly			
bitunacas	worldliness			
anbitunac	unwordly			
anbitunacas	unworldliness			
biu	alive			
biunas	aliveness			
biunac	lively			
biunacas	liveliness			
enbiuni	to enliven	verb		
enbiuniat	enlivener			
enbiunan	enlivening			
blan	soft			
blanas	softness			
blani	to soften	verb		
blaniat	softener			
blanan	softening			
suvlan	courteous		derivation / compound	su + blan, “good-soft”
suvlanas	courtesy			
blat	tender			
blatas	tenderness			
blati	to tenderise	verb		
blatiat	tenderiser			
blatan	tenderisation			
blatu	flower			
blatumai	flowerfield			
blotu	flour			
bloti	to grind	verb		
blotan	grind			
blotiat	grinder			
bled	wolf			
bledin	wolvish			lupine
bledgwir	male wolf		derivation / compound	bled + gwir, “wolf-man”
bledben	female wolf		derivation / compound	bled + ben, “wolf-woman”
benbled	whore		derivation / compound	ben + bled, “woman-wolf”
gwirbled	male whore		derivation / compound	gwir + bled, “man-wolf”
benlucu	lynx woman		derivation / compound	ben + lucu, “woman-lynx”
gwirlucu	lynx man		derivation / compound	gwir + lucu, “man-lynx”
lucuven	female lynx			
lucugwir	male lynx			
bengal	capable woman		derivation / compound	ben + gal, “woman-able”, < banogalis, DLG 2003, p. 72
gwirgal	capable man			
galuven	woman power			
galugwir	man power			
benbledi	to prostitute	verb		“to woman-wolve”
benbledan	prostitution	noun		noun
benbled	prostitute			
benblediat	prostituter			
brenbled	pimp		derivation / compound	bren + bled, “chief-wolf”
brenbledi	to pimp	verb		
brenbledan	pimping	noun		noun
bleden	year			< blednis, Lambert 2003, p.117
bledenac	yearly			
penbleden	birthday		derivation / compound	pen + bleden, “end-year”, cf. W, penblwyddyn
blusagu	plant that heals earaches			
blusa	to inflate	verb		
blusaiat	inflater			
blusan	inflation			
blusaga	to deflate	verb		< blutthagio, “inflation-bringing[away]”
blusagaiat	deflater			
blusagan	deflation			
bo	cow			attested as such, reduced form of bow-, DLG 2003, p. 79
bowe	cows			plural from etymological bow-, DLG 2003, p. 79
bogwir	steer		derivation / compound	bo + gwir, “cow-man”
boven	heifer		derivation / compound	bo + ben, “cow-woman”
bowis	heifer			from etymological bow-, DLG 2003, p. 79
bowin	bovine			
bowid	pertaining to cattle	adjective		bouido, Chateaubleau, Mees 2011
botei	stable		derivation / compound	bo + tei, “cow-house”, cf. Fr. bouge < *boutego-, id., DLG 2003, p. 80
gwindi	to acquire	verb		< Conto-bouio-uindillus, “who has obtained a hundred cows”, DLG 2003, p. 79
gwindiat	acquirer			
gwindan	acquisition			
bowi	to increase	verb		< bow-, “cow”, cattle as wealth, see DLG 2003, p. 79
bowan	increase	noun		noun
bowiat	increaser			
boc	mouth			
bocid	mouthy			
boci	to mouth off	verb		
duvoci	to rant	verb		
bociat	one who mouths off			
bocan	mouthing-off	noun		noun
duvociat	ranter			
duvocan	rant			
gwiduvoc	spoon		derivation / compound	gwidu + boc, “wood-mouth”
gwiduvoci	to spoon	verb		
gwiduvociat	spooner			
gwiduvocan	spooning	noun		noun
gwiducum	scoop		derivation / compound	< gwidu + cum, “wood-hollow”
gwiducumi	to scoop	verb		
gwiducumiat	scooper			
gwiducuman	scooping	noun		noun
bod	advantage			
bodiu	blond			
baiu	yellow			
bodar	deaf			
bodaras	deafness			
bodari	to deafen	verb		
bodariat	deafener			
bodiunas	blondness		derivation / compound	bodiu + -nas, n-enlargement, cf. Anaone, DLG 2003, p. 45
bodiunac	blondish		derivation / compound	bodiu + -nac, n-enlargement, cf. Anaone, DLG 2003, p. 45
baiunas	yellowness		derivation / compound	baiu + -nas, n-enlargement, cf. Anaone, DLG 2003, p. 45
baiunac	yellowish		derivation / compound	baiu + -nac, n-enlargement, cf. Anaone, DLG 2003, p. 45
bodi	to advantage	verb		
bodiat	advantager			
bodiuni	to bleach	verb		
bodiuniat	bleacher			
bodiunan	bleaching	noun		noun
baiuni	to yellow	verb	derivation / compound	baiu + -ni, cf. carni < car-ni, DLG 2003, p. 106
baiuniat	yellower			one who makes yellow
baiunan	yellowing	noun		noun
bodac	advantageous			
bodan	advantaging	noun		noun
bodiunol	bleach			
bodu	crow			
bodwin	crow-like		derivation / compound	bodu + -in
bodwi	to crow	verb		
bodwiat	crower			
bodwian	crowing	noun		noun
boi	to hit	verb		
boiac	terrible			
boiat	hitter			
boimotan	wank	noun		noun
boimoti	to wank	verb	derivation / compound	boi + moti, “hit-fuck”
boimotiat	wanker			
boitol	hit	noun		noun
boslan	handful		derivation / compound	bos + lan, “palm-full”
bolus	ivy			
bon	durable			
bonas	durability			
boni	to found	verb		
boniat	founder			
bonan	foundation			
bonon	prosperous			
bononas	prosperity			
bonac	constant			“durable-like”
bonacas	constantness			
acuvor	to agitate	verb	derivation / compound	acu + bor, “fast-move”
bor	to move	verb		
boriat	mover			
acuvoriat	agitator			
acuvoru	agitation			
boran	move			
boranait	movement			
boru	hot spring			
borwi	to boil	verb		
borwian	boiling	noun		noun; state of boiling e.g. water etc.
borwiat	boiler			
bos	palm of hand			
bosan	measure			
bosa	to measure	verb		
bosaiat	measurer			
bospeta	to beg	verb		
bospetaiat	beggar			
bospetan	begging	noun		noun
marbos	ladle		derivation / compound	mar + bos, “big-palm”
marbosa	to ladle	verb		
marbosaiat	ladler			
marbosan	ladling	noun		noun
boteini	to stable	verb		
boteiniat	stabler			
boteinan	stabling	noun		noun
bra	heavy			
branas	heaviness			
brac	malt			
brace	trousers			
bracale	shorts			
gwovrace	underpants			
gwovracloi	underwear			
braci	to brew	verb		
Braciac	god of beer			
braciat	brewer			
bracan	brewing	noun		noun
bracu	brew	noun		noun
embracit	sauce			DLG 2003, p. 85
embracitac	saucy			
brai	to weigh	verb		
braitol	weight			
braiat	weigher			
bran	raven			
branc	paw			
branci	to paw	verb		
branciat	pawer			
brater	brother			
brater atwian	foster brother		derivation / compound	brater + atwian, “brother-fostering”
bratercro	blood-brother		derivation / compound	brater + cro, “bother-blood”
braterac	brotherly			
brateracas	brotherliness			
braterait	brotherhood			rius, cotamicas, braterait = liberté, égalité, fraternité / freedom, equality, brotherhood
bratu	thanks			
bratunas	gratitude		derivation / compound	bratu + -nas, n-enlargement, cf. Anaone, DLG 2003, p. 45
bratwi	to thank	verb		
bratwiat	thanker			
bratwian	giving thanks			
bratumar	grateful			
brau	mill			
braunawel	windmill		derivation / compound	brau + awel, “mill-wind”, n-enlargement, cf. Anaone, DLG 2003, p. 45
brauni	to mill	verb		
brauniat	miller			
braunan	milling	noun		noun
bren	chief			
brenpen	boss		derivation / compound	bren + pen, “chief-head”
bret	reflection			mental
breti	to reflect	verb		
bretiat	reflector			
bretan	reflecting	noun		noun
bri	mountain			
briagu	iceberg		derivation / compound	bri + iagu, “mountain-ice”
briu	bridge			
briac	mountainous			
briloi	mountain range		derivation / compound	bri + loi, “mountain-collective”
briganu	eminent			
brigan	elevated			
briganan	elevation			
briganunas	eminence		derivation / compound	briganu + -nas, n-enlargement, cf. Anaone, DLG 2003, p. 45
brigani	to elevate	verb		
briganiat	elevator			
briuni	to bridge	verb		
briuniat	bridger			
briunan	bridging	noun		noun
bric	stain			
brici	to stain	verb		
briciat	stainer			
brican	staining	noun		noun
bricu	brindle			
suvric	picture		derivation / compound	su + bric, “good-stain”
suvrici	to picture	verb		
suvriciat	picturer			
suvrican	picturing	noun		noun
olbrici	to depict	verb	derivation / compound	ol + brici, “all-stain”, cf. L. depict- “completely-paint”
olbriciat	depicter			
olbrican	depiction			
brin	artemisia			plant
brigi	brief			
brigiom	briefest			
briga	to brief	verb		
brigaiat	briefer			
brigan	briefing			
avriga	to abbreviate	verb	derivation / compound	a + brigi, “towards-brief”, cf. L. abbreviare, id.
avrigaiat	abbreviater			
avrigan	abbreviation			
bris	to break	verb		
brisan	break			
brisiat	breaker			
britan	magic			
britani	to perform magic	verb		
britaniat	magician			
britanu	performance of magic			
britu	consideration			
britunac	considerable			
britwi	to consider	verb		
britwiat	considerer			
atevritwi	to reconsider	verb		
atevritwiat	reconsiderer			
atevrritwian	reconsideration			
brigu	vigour			
brigunac	vigourous		derivation / compound	brigu + -nac, epenthetic /n/
brigul	impetuous			
brigulas	impetuosity			
broc	badger			
broci	to annoy	verb		to badger
brociac	annoying			
brociat	annoyer			
brocan	annoyance			
broi	country			
broirig	kingdom		derivation / compound	broi + rig, “country-king”, word-final /g/ < /x/
broial	small area of land		derivation / compound	broi + al, “land-little”, cf. breialo, brogilo etc.
broial	paddock			
broial	yard			
bron	breast			
bron	hill			
bronal	girl with nice breasts			beautiful girl, cf. OIr. bruinell, id.
arbron	pert		derivation / compound	ar + bron, “front-breast”, cf. OIr. airbruinne, id.
gwerbron	well-endowed			big breasts < Uerbronara, DLG 2003, p. 92
bronan	breastfeeding			
broni	to breastfeed	verb		
broniat	breastfeeder			
bruc	heather			
brucar	field of heather		derivation / compound	bruc + ar, “heather-place-of”, DLG 2003, p. 329cf. uercaria
brun	chest			
brunac	chesty			
bu	was			
buc	billygoat			
budenic	military	adjective		adjective
buden	army			
budenal	troop		derivation / compound	budin + -al, “small army”
bui	blue			
buias	blueness			
bulg	bag			
bulge	to bag	verb		
bulget	bagger			
bulgen	bagging	noun		noun
bulgol	lyre			< bulging curve of the soundboard
bun	base			
bunpen	bottom		derivation / compound	bun + pen, “base-end”
suvun	floor		derivation / compound	su + bun, “good-base”
suvuni	to floor	verb		
suvuniat	floorer			
suvunan	flooring			
esbun	baseless			
su-	good-	affix		prefix before consonant
sw-	good-	affix		prefix before vowel
du-	bad-	affix		prefix before consonant
dw-	bad	affix		prefix before vowel
buni	to base	verb		
buniat	baser			
bunan	basing			
bunac	basic			
bur	proud			
buras	pride			
burwar	rude		derivation / compound	bur + mar, “proud-big”
burwaras	rudeness			
busut	knob			
busut	penis			
bus	lip			
busac	lippy			
busac	insolent			“lippy”
busuton	hub			
busacas	insolence			
busa	to kiss	verb		
busan	kiss			
busaiat	kisser			
but	hut			
butu	cabin			
cacu	shit			Gaul. cacu-, W. cachu, Ir. cac, Fr. caca
cacuni	to shit	verb		
cacuniat	shitter			
cacunan	shitting	noun		noun
cad	saint			
cadac	saintly			
cadi	to glitter	verb		
cadwi	to glisten	verb		
cadwiat	glistener			
cadwian	glisten	noun		noun
cadan	glitter			
cadiat	glitterer			
cadu	sheen			
cadru	gleaming	adjective		adjective
cadrunas	gleamingness		derivation / compound	cardu + -nas, n-enlargement, cf. Anaone, DLG 2003, p. 45
cadruni	to gleam	verb		
cadruniat	gleamer			
cadrunan	gleam	noun		noun
cai	hedge			
caini	to hedge	verb		
cainiat	hedger			
cainan	hedging	noun		noun
cait	prisoner			
teicait	prison			
caiti	to imprison	verb		
caitiat	imprisoner			
caitan	imprisonment			
caiu	quay			
cali	to scream	verb		< caliac- “rooster”
calumarc	horseshoe			shoe-horse, late construction, DLG 2003, p. 99
epcalu	horseshoe			horse-shoe; archaic construction, DLG 2003, p. 99
calumarci	to shoe horses	verb		
calumarciat	horseshoe-er			
calumarcan	horseshoeing	noun		noun
calu	shoe			
calwi	to shoe	verb		
calwiat	shoe-er			
calwian	shoeing	noun		noun
calcatan	wild poppy			
calet	hard			
caletas	hardness			
ducalet	difficult			
ducaletas	difficulty			
calgu	point			
calgunac	pointy			
calgunacas	pointiness			
calgwi	to point	verb		
calgwiat	pointer			
calgwian	pointing	noun		noun
caliac	rooster			
caliat	screamer			
calan	scream			
pentei	roof		derivation / compound	pen + tei, “top-house”
penteini	to roof	verb		
penteiniat	roofer			
penteinan	roofing	noun		noun
tegwi	to cover	verb		
tegwiat	coverer			
tegu	cover			
tegwian	covering	noun		noun
treg	foot			< -trex < *tregs < *tregts < *tregets; -tragu-, -treide, DLG 2003, p. 300, cf. Ir. troigh
tregi	to foot	verb		
tregan	footing			
tregiat	footer			
camul	champion			
camuli	to champion	verb		
camuliat	championer			
camulan	championing	noun		noun
caun	reed			
cani	to sing	verb		DLG 2003, p. 102
caniat	singer			
canu	song			
canan	singing	noun		noun
can	with			
caunac	reedy			
caunacas	reediness			
canat	messenger			
canatan	message			
canati	to message	verb		
canau	cub			baby wolf
canaune	cubs			n-enlargement, cf. –canaunos, DLG 2003, p. 101; Anaone, DLG 2003, p. 45
atecinac	recent			again-early, cf. L. recentem, id.
atecinacas	recentness			
canc	branch			
canci	to branch	verb		
canciat	brancher			
canguti	harmonise			
cangutiat	harmoniser			
cangwertan	adaption			
cangwerti	to adapt	verb		
cangwertiat	adaptor			
cangut	harmony		derivation / compound	can + gut, “with-voice”
canec	gold			
canecid	golden			
canecu	treasure			
cangar	to agree	verb		inscription of Chartres, Lambert 2014, cantigari- “together-call”
cangarac	agreeable			
cangariat	agree-er			
cangaru	agreement			
dicangarac	disagreeable			
dicangar	to disagree	verb		
dicangariat	disagree-er			
dicangaru	disagreement			
caniat	singer			
canic	hare			
arpen desi	right side			
lam desi	right hand side			
arpen tut	left side			
lam tut	left hand side			
cintwi	to opt	verb	derivation / compound	cintu + -i, “first-ing”; cf. Ir. cinn, id.
cintwiat	opter			
cintwian	option			
olcan	together		derivation / compound	ol + can, “all-with”
canapis	to witness	verb	derivation / compound	can + apis, “together-seeing”, < cantipisont- Chartres, Lambert 2014
canapisan	witness statement			
canapisiat	witness			
cantol	music			
Cantol	month 12 of the Gaulish calendar			corresponding to April
cantolac	musical			
cantolacas	musicality			
cantoli	to play music	verb		
cantoliat	musician			
cantil	circle			< cantilia, DLG 2003, p. 105; cf. W. cant, Br. kant, kantol, id. [Br. kantol “circle for rolling fishing lines onto”, https://www.freelang.com/enligne/breton.php?lg=fr; different from Br. kantol “candle, penis” < L. candela]
cantili	to circle	verb		
cantiliat	circler			
cantilac	circular			
canton	district			< canto- “circle”, DLG 2003, p. 105
elwon	vagrant	adjective		adjective, < elu-ont-, “many roads”, DLG 2003, p. 216
elwonas	vagrancy			
elwoniat	vagabond			
elwoni	to vagrate	verb		
elwonu	vagrating	noun		noun
canauni	to whelp	verb		< canaun-, DLG 2003, p. 101
canaunan	litter			
canauniat	whelper			
caris	dear	adjective		adjective and noun; attested Carisa, Delamarre 2003, p. 107
mo caris	my dear			
carisas	dearness			
car	vehicle			
car	car			
carten	motorcar		derivation / compound	car + ten, “car-fire”
cara	to love	verb		
caraiat	lover			
caran	friend			
caranait	friendship			
caranac	friendly			
carat	love			
caratu	loved			
caratunas	lovedness		derivation / compound	caratu + -nas, n-enlargement, cf. Anaone, DLG 2003, p. 45; cf. L. caritas “charity”
caracal	cloak with hood			
caracol	slug			
caracolac	sluggish			
caralban	airplane			car-alban, “air-vehicle”
caranacas	friendliness			
caratac	lovely			
caratacas	loveliness			
carate	loveable		derivation / compound	carat + -(t)e, “love-able”
carateas	loveableness			
carnu	pile of stones			usually conical, pyramidal
carnu	monument			
carnac	monumental			
carnucot	ruin			
carnucoti	to ruin	verb		
carnucotiat	ruiner			
carnucotan	ruining	noun		noun
carni	to build	verb		
carnitu	built			
carniat	builder			
carnan	building			
sucarni	to construct	verb		
sucarniat	constructor			
sucarnan	construction			
cernu	horn			
cernuc	trumpet			
cernuci	to trumpet	verb		
cernuciat	trumpeter			
cernut	horned			
cartan	expulsion			
carti	to expel	verb		
cartiat	expeller			
carban	cart			car body
carbani	to construct with wood	verb		
carbaniat	carpenter			
carbanait	carpentry			
-ait	suffix for abstract concept derived from a noun	affix		equivalent of -ry, -ship, -hood, -ism, -dom; the art, skill, ability, state, condition or quality of something; attested in Uirodacthi, Uiradecdi, “manhood”, DLG 2003, p. 321; cf. W. gwrolaeth, Ir. feardhacht, id.; < *-act-, “gone, completed, full, essence of”, cf. Bibract- “full of beavers”, ambact- “gone all around”
-ait	-ry	affix		
-ait	-ship	affix		
-ait	-hood	affix		
-ait	-ism	affix		
-ait	-dom	affix		
-gwidait	-ology	affix		the science and knowledge of a field
-gwid	-ologist	affix		< dru-wid, “druid”, “oak-knower”, someone who knows the science and knowledge of a field
-as	suffix for an abstract concept derived from an adjective	affix		equivalent of –ness, -th, -t; the abstract idea of something; attested at Chateaubleau –assi, Mees 2011; cf. Ir. –as, C. –a, Br. –ez, L. –tas, id.
carwon	weasel			
carwoni	to weasel	verb		act like a coward
carwoniat	weaseler			
carwonan	weaseling	noun		noun
cas	curl			
caswar	hairdo		derivation / compound	cas + mar, “curl-big”
casan	oak			
caswarac	hairy			
pencasanac	boofy			
pencasan	boofhead		derivation / compound	pen + casan, “head-oak/hairy as an oak”
caswaracas	hairyness			
pencasanacas	boofiness			
casidan	magistrate of bronze			
casi	bronze			
casidanait	office of bronze magistrate			
casidanait	magistraitship of bronze			
argandan	magistrate of money			magistrate of silver
argandan	treasurer			
argandanait	office of magistrate of money			
argandanait	magistrateship of money			
dan	magistrate			
danac	magisterial			
danait	office of magistrate			
danait	magistrateship			
aiu	time span			
danalait	office			abstract concept
danali	to officiate	verb		
danalan	officiation			
danaliat	officiator			
danalac	official	adjective		adjective
danalacas	officialness			
danalacait	officialdom			
danal	officer		derivation / compound	dan + -al, “magistrate-small”
teidanal	office			building, concrete concept
casic	mare			
casimotul	stud			< cassi-motulu, “bronze-penis”, DLG 2003, p. 110
casisuratu	expectation			< cassi-suratu-, “bronze-good-luck” > “solid good luck”, DLG 2003, p. 255
casisuratwi	to expect	verb		
casisuratwiat	expector			
cat	cat			
catgwir	tomcat			
catben	female cat			
cata	projectile			
cataci	to give battle	verb		Catacius < *catu-agios, “who goes to battle”, DLG 2003, p. 111
catacan	giving battle			
cataciat	battle-giver			
cati	to throw	verb		
catan	throw			
catiat	thrower			
catatoi	arrow			cata-toi, “projectile-bow”
catu	battle			
catwi	to battle	verb		
catwiat	battler			
catwian	battling	noun		noun
catugwolc	bird of prey			< catuuolc-, “battle-falcon”
catugwolc	raptor			
cau	hollow			
caunas	hollowness			n-enlargement between vowel cluster
cauni	to hollow	verb		out
cauniat	hollower			person who hollows
caunan	hollowing	noun		noun
cawan	owl			
cawanac	owlish			
cawanan	screech			
cawani	to screech	verb		
cawaniat	screecher			
cawar	giant	noun		noun
cawarac	gigantic			
caval	draught horse			
cavalan	pull			
cavali	to pull	verb		
cavaliat	puller			
sircavali	to tow	verb	derivation / compound	sir + cavali, “long-pull”
sircavaliat	tower			
sircavalan	tow			
ducavali	to drag	verb	derivation / compound	du + cavali, “bad-pull”
ducavaliat	dragger			
ducavalan	drag			
cel	partner			
celan	marriage			
celi	to marry	verb		
ateceli	to remarry	verb		
ateceliat	remarrier			
atecelan	re-marriage			
celiat	celebrant			“marrier”
celicin	cup			cf. E. chalice
celicini	to cup	verb		
celiciniat	cupper			
celicinan	cupping	noun		noun
celu	hammer			
celin	omen			< duscelinatia, DLG 2003, p. 158
duscelin	bad omen			
sucelin	good omen			
celuconc	clawhammer		derivation / compound	celu + conc, “hammer-claw”
celinac	ominous			
celwi	to hammer	verb		
celwian	hammering			
celini	to predict	verb		
boitol celu	hammer blow			
celinan	prediction			
celwiat	hammerer			
celiniat	predictor			
cinac	early		derivation / compound	cin + -ac, “before-like” < cintu-, “first, before”
cinacas	earliness			
cenc	plough			
cenci	to plough	verb		
cenciat	ploughman			
cenratumar	aspirational			
cenratwi	to aspirate	verb		
cenratwiat	aspirator			
cenratu	aspiration			< ceniratu-, “long-fortune”, DLG 2003, p. 255
cenratwian	aspiring	noun		noun
cenu	long			time
cenunas	length of time			
cerac	ewe			
ceraci	to herd sheep	verb		
ceraciat	shepherd			
cerdait	profession			
cerdi	to work	verb		
cerdiat	worker			
cerdan	work			
borcerdait	trade			technical work trade
borcerdan	trade work			
borcerdiat	tradesman			
borcerdi	to perform trade work	verb	derivation / compound	bor + cerdi, “move-work”, cf. borel “tool”
raicereni	to protrude	verb	derivation / compound	rai + cerni, “forward-bulge”
raicerenu	protuberance			
raicereniat	protruder			
raicerenan	protrusion			
Cernun	horned god			< Cernunnos, DLG 2003, p. 106
ceren	bulge			< cern-, cf. Cernunnos; epenthetic /e/ of assimilation to previous syllable
cert	right			
certi	to righten	verb		to make right
certiat	rightener			
certan	rightening			
certigon	righteous			< certiognu, metathesis -ogn- > -gon to avoid -gn > -n, cf. uinno- < uegno-, DLG 2003, p. 321
certigonas	righteousness			
esavot	exact		derivation / compound	es + avo, “out-of-do”, “out-made”, i.e. “utterly-done”, cf. L. exactus < exegere, id.
esavotas	exactness			
esavo	to exact	verb		
esaviat	exacter			
esavan	exaction			
cet	forest			
cetait	forestry			the art and practice of looking after forests
gwir cetait	forester			
gwircet	bushman			
ci	to adjoin	verb		
ciat	adjoiner			
cion	adjoining	noun		noun
cit	adjunct			
suci	to complement	verb		
sucan	complement			
suciat	complementer			
–cnu	-born of			patronymic suffix
guswar	forceful			
gusac	energetic			
guswaras	forcefulness			
gusacas	energeticness			
angusac	unenergetic			
angusacas	unenergeticness			
esgus	lethargy		derivation / compound	es + gus, “without-energy”
esgusac	lethargic			
cial	second			number
cialac	secondary			
cic	meat			
cic	flesh			
cicid	meaty			
cici	to butcher	verb		
ciciat	butcher			
cican	butchering	noun		noun
cicait	butchery			
cicol	muscley		derivation / compound	cic- + ol, “muscle-all”, < Cicollus “Big Muscles”, DLG 2003, p. 116
cicol	muscle-bound			
cicu	muscle			
cicuni	to muscle	verb		
cicuniat	muscler			
cicunan	muscling	noun		noun; cf. Fr. musculation “developing muscles”
cicucerdi	to work out	verb	derivation / compound	cicu + cerdi, “muscle-work”
cicucerdan	work-out			
cicucerdiat	person who works out			“mucle-worker”, weightlifter, exerciser
cicucarni	to bodybuild	verb	derivation / compound	cicu + carni, “muscle-build”
cicucarniat	bodybuilder			
cicucarnan	bodybuilding			
citbiunas	keenness		derivation / compound	citbiu + -nas, n-enlargement, cf. Anaone, DLG 2003, p. 45
citbiu	keen			
cilurun	bucket			
ciluruni	to bucket	verb		to use a bucket; to rain heavily
ciluruniat	bucketer			
cilurunan	bucketing	noun		noun
ciluruntei	sink		derivation / compound	for kitchen; cilurun + tei, “bucket-house”
cimbran	theft			
cimbri	to steal	verb		< Cimbri, group of people who marauded and pillaged across Gaul in the 1st century BCE
cimbriat	thief			
cin	before			temporal
cintu	first			
cinc	chain			
cinci	to chain	verb		
cinciat	chainer			
cincan	chaining			
cincugnas	bondage gear		derivation / compound	cinc + u + gnas, “chain-sex”, with epenthetic vowel
cincugnasait	bondage			
cindelge	to continue	verb	derivation / compound	cin + delge, “before-hold”, cf. Br. kendelc’h “continue”
cindelgen	continuation			
cindelget	continuer			
cindelgas	continuity			
cing	to wage war	verb		
cingen	war			
cinget	warrior			
cingac	war-like			
cingacas	war-likeness			
circ	impetuous			
circas	impetuosity			
cis	case			
cisa	to case	verb		
cisaiat	caser			
cisan	casing			
cisu	coffin			
cisal	crate			
cisargan	wallet		derivation / compound	cis + argan, “case-money”
citan	induction			
citi	to induce	verb		< citbio “inducing life”, cf. L. citu- < cieo “set in motion”, cf. Gr. κινεω, id.
citiat	inductor			
citiat	inducer			
citovon	dreadful		derivation / compound	cit- + ovon, “inducing fear”
citovonas	dreadfulness			
clad	sword			
cladal	knife			
cladi	to stab	verb		
cladiat	stabber			
cladan	stabbing	noun		noun
cladu	gap			
cladwi	to gape	verb		
cladwian	gaping	noun		noun
cladwiat	gaper			
dutroigar	to wail	verb	derivation / compound	du + troi + gar, “bad-sad-call”
dutroigariat	wailer			
dutroigaru	wail			
dutroigaran	wailing	noun		noun
esgwirtu	widow			es-gwir-tu, “without-man-ed”
esbentu	widower			es-ben-tu, “without-woman-ed”
mengavan	lesson			
mengavu	learning	noun		noun
mengavi	to learn	verb		
mengaviat	learner			
enispa	to tell	verb	derivation / compound	en + i + spa, “in-it-say”, cf. Ir. inis < *enisquia
enispaiat	teller			
enispatol	tale			
cle	to push	verb		
cleien	push			
cleiet	pusher			
clet	frame			
cletu	ladder			
sucletu	stairs		derivation / compound	su + cletu, “good-ladder”
cleti	to frame	verb		
cletiat	framer			
cletan	framing	noun		noun
cletwar	internet		derivation / compound	clet + mar, “frame-big”
mai cletwar	website			“place-internet”
cletpren	framework		derivation / compound	clet + pren, “frame-tree”
cletbasc	mesh		derivation / compound	clet + basc, “frame-weave”
cletbasci	to mesh	verb		
cletbasciat	mesher			
cletbascan	meshing	noun		noun
cletus	trellis		derivation / compound	clet + us, “frame-up”
clit	pillar			
clitan	support			
cliti	to support	verb		
clitiat	supporter			
sucliti	to uphold	verb		
suclitiat	upholder			
suclitan	upholding	noun		noun
clo	wet			
clonas	wetness			
cloni	to wetten	verb		to make wet
cloniat	wet-maker			
clonan	wet-making	noun		noun
clon	meadow			
albuclo	humid		derivation / compound	albu + clo, “sky-wet”
albucloas	humidity			
albucloni	to humidify	verb		
albucloniat	humidifier			
albuclonan	humidification			
taiclo	moist		derivation / compound	tai + clo, “touch-wet”
taiclonas	moisture			
taiclonasa	to moisturise	verb		
taiclonasaiat	moisturiser			
taiclonasan	moisturisation			
taicloni	to moisten	verb		
taicloniat	moistener			
taiclonan	moistening	noun		noun
clonambiu	paddock		derivation / compound	clon + ambiu, “meadow-enclosed”
suclon	pasture		derivation / compound	su + clon, “good-meadow”
clui	to hear	verb		
cluitol	hearing	noun		noun
cluiat	hearer			
cluiatloi	audience		derivation / compound	cluiat + loi, “listener-group”, suffix of collective
clus	hole			
clut	ear			
clutu	fame			
clutunac	famous			
cnam	bone			
cnami	to bone	verb		
cnamiat	boner			
cnaman	boning	noun		noun
cno	nut			
cnowe	nuts			< etymological cnou-, DLG 2003, p. 119
cnowil	pip			
cnus	crop			picking of nuts, fruit
cnusa	to pick	verb		
cnusaiat	picker			
cnusan	picking			
co	as			
co	than			
cos	leg			
coc	red scarlet			
cocanatan	communication			
cocanati	to communicate	verb	derivation / compound	co + canat-, “with-message”
cocanatiat	communicator			
cogwertac	transformable			
cogwertacas	transformability			
cogwertan	transformation			
cogwerti	to transform	verb		
cogwertiat	transformer			
coeti	also			
cowi	to lie	verb		to tell lies; Lambert 2003, p. 158
cowiat	liar			
cowian	lie	noun		noun
cowiac	#VALUE!		#VALUE!	
cowiacas	falsehood			
cowit	plot			< couiton, DLG 2003, p. 269, “secoui”
cowiti	to plot	verb		
cowitiat	plotter			
cowitan	plotting			
coil	narrow			
coilas	narrowness			
cim	fall			< cimon < quimon, cf. cutio/qutio, Coligny, DLG 2003, p. 131, 133; cf. W. cwymp “fall”
cimi	to fall	verb		
cimiat	faller			
ciman	falling	noun		noun
pencim	tumble	noun	derivation / compound	noun; pen + cim, “head-fall”, i.e. head first
pencimi	to tumble	verb		
pencimiat	tumbler			
penciman	tumbling	noun		noun
escim	drop		derivation / compound	es + cim, “out-of-fall”
escimi	to drop	verb		
escimiat	dropper			
esciman	dropping	noun		noun
escimane	droppings			animal shit
cowin	war chariot			
gwiun	wagon			< uinno < uegno; diphthongisation of vowel under disappearance of /g/; cf. gwaun < ouaunia < uagna, id., DLG 2003, pp. 305-306
cowir	loyal			
cowiras	loyalty			
ancowir	disloyal			
ancowiras	disloyalty			
col	hazel tree			
colan	filling			
colavar	to converse	verb		
colavariat	converser			
colavaru	conversation			
colavarac	conversational			
coli	to fill	verb		
coliat	filler			
coliun	puppy			baby dog; (diphthongisation of vowel under disappearance of /g/; cf. gwaun < ouaunia < uagna, id., DLG 2003, pp. 305-306
gwomal	careful		derivation / compound	gwo + mal, “under-slow”, cf. W. gofalus, id.
gwomalas	carefulness			
angwomal	careless			
angwomalas	carelessness			
comargon	comrade		derivation / compound	com + argon, “fellow-hero”
comargonait	comradery			
comarpen	opposite			
comarpenan	opposition			
comarpeni	to oppose	verb		
comarpeniat	opposer			
comarpeniat	opponent			
comater argan	manager of silver			
comater	manager		derivation / compound	com + ater, “with-father”, cf. comaterecos, DLG 2003, 122
comaterac	managerial			< comaterec, /ec/ > /ac/
comateri	to manage	verb		
comateran	managing	noun		noun
comaterait	management			
comat	complete		derivation / compound	co + mat, “as-fine”
comati	to complete	verb		
comatiat	completor			
comatan	completion			
comber	dam			riverdam
comberi	to dam	verb		
comberiat	dammer			
comberan	damming	noun		noun
comes	like			
comes	similar			
comesas	likeness			
comesas	similarity			
conert	hardy			< comnert-, attested as counert- and cunert-, DLG 2003, p. 122-23
conertas	hardiness			
conertu	resolute			
conertunas	resoluteness		derivation / compound	conertu + -nas, n-enlargement, cf. Anaone, DLG 2003, p. 45
comboi	distress			“sorry”, cf. W. cymwy, “affliction, chagrin, grief, sorrow”, DLG 2003, p. 81-82
mi-esi comboi	I am sorry	phrase		
comboini	to distress	verb		
comboiniat	distresser			
comboinan	distressing	noun		noun
duvoi	sorrow		derivation / compound	du + boi, “bad-hit”
duvoimar	sorrowful			
gwovoi	grief		derivation / compound	gwo + boi, “under-hit”
gwovoini	to grieve	verb		
gwovoiniat	griever			
gwovoinan	grieving			
comprin	partner			
comprini	to partner	verb		
comprinait	partnership			
comprinan	partnering	noun		noun
comp	mate			“friend, partner”, < comprin, abbreviated
coreit	authority		derivation / compound	co + reit, “with-law”, < (tio)-cob-rextio, Coligny, DLG 2003, p. 255
coreitac	authoritarian			
coreitacas	authoritarianism			
coreiti	to authorise	verb		
coreitiat	authoriser			
coreitan	authorisation			
co(m/n)-	with-	affix		prefix only
condat	confluence			of rivers
condati	to unite	verb	derivation / compound	con + dati, “with-put”, i.e. “put together”, cf. Gr. syn-the-sis, id.; attested abundantly “condate” etc., DLG 2003, p. 123-24
condatiat	uniter			
condatan	union			
dati	to put	verb		
datan	putting	noun		noun; act of putting
datiat	putter			
datitu	put			past participle
sudati	to install	verb		
sudatiat	installer			
sudatan	installation			
sudatol	installment			
concu	talon			
conc	claw			
conci	to claw	verb		
conciat	clawer			
concan	clawing	noun		noun
conesugri	to fuck off	verb	derivation / compound	con + es + ugri, “with-out-of-act” < conexugri, DLG 2003, p. 172
ugri	to act	verb		< *ureg- with metathesis and syncope, cf. Proto-Celtic *wregeti, Br. gra, C. gwra, W. *gwreithur, PIE werg-. E. work, wreck, wrack, wreak, Gaul. uercaria
ugran	action			
ugriat	actor			
ugru	act	noun		noun
esugri	to get out	verb	derivation / compound	es + ugri, “out-of-act/move”
esugri conesugri	get out fuck off			
conderc	panorama		derivation / compound	con + derc, “with-watch”
condercid	panoramic			
donesam	neighbour		derivation / compound	don + nesam, “person-nearest”
donesamloi	neighbourhood			
congavan	engagement			
congavi	to engage	verb		
congaviat	engager			
congestol	hostage			
congestoli	to take hostage	verb		
congestoliat	hostage-taker			
congestolan	hostage-taking			
urgestol	ransom		derivation / compound	ur + gestol, “against-hostage”
urgestoli	to ransom	verb		
urgestoliat	ransomer			
urgestolan	ransoming	noun		noun
congov	complication			
congovi	to complicate	verb		
congoviat	complicator			
conovon	fearful		derivation / compound	con + ovon, “with-fear”
conovonas	fearfulness			
contes	affectionate		derivation / compound	con + tes, “with-warm”
sucontes	kind			
sucontesas	kindness			
contesas	affection			
contotu	compatriot			fellow tribesman
totu	tribe			
contrev	community			
contrevac	communitarian			
contrevacait	communitarianism			
contrevi	to commune	verb		
contreviat	communer			
contrevan	communion			
contrevait	communism			
contrevaun	communist			
totunac	tribal			
totunacait	tribalism			
condu	reason			
condu	head			cerebral sense
condunac	reasonable			
condwi	to reason	verb		
condwian	reasoning			
condwiat	reasoner			
sucondu	sense		derivation / compound	su + condu, “good-reason”; cf. Socondannossus, DLG 2003, p. 124
sucondunac	sensible			
sucondunacas	sensibility			
condumot	dickhead		derivation / compound	condu + mot, “head-dick”; “who thinks with his dick”
coru	contract			Chateaubleau, Mees 2011
coruc	contractual			
corwi	to contract	verb		
corwiat	contractor			
corwian	contracting	noun		noun
coratunac	coincidental			
coratu	coincidence		derivation / compound	co + ratu, “with-luck”
coratwi	to coincide	verb		
coratwiat	coincider			
coratwian	coinciding	noun		noun
coren	fluent		derivation / compound	co + ren, “with-flow”; ren < renos “Rhine”
corenas	fluency			
corion	general			
corional	army chief		derivation / compound	corion + -al, “general-small”
coris	female warrior			
coriu	army			
coriused	army barracks			
coriuni	to draught	verb		non-voluntary recruits into an army, < coriu “army”
coriuniat	draughter			
coriunan	draught			non-voluntary recruitment into an army
corgen	dwarf (< Corogennatib-, “dwarf-born”; DLG 2003, p. 126			
corgeni	to dwarve	verb		
corgeniat	dwarver			
corgenan	dwarving	noun		noun
corgenait	dwarfism			
corad	midget			< Corradius, DLG 2003, p. 126
coradait	midgetism			
curuc	leather boat			
coswad	comfortable			
coswadas	comfort			
cot	ancient			
cotan	present			gift
cotas	antiquity			
coti	to present	verb		
cotiat	presenter			
cov	victory			
covac	victorious			
covru	eagerness			
covrac	eager			
covrun	initiated			
covrunan	initiation			
covruni	to initiate	verb		
covruniat	initiator			
corun	confidant			
coruni	to confide	verb		
coruniat	confider			
corunan	confidence			a shared secret
corunac	confidential			
cogwidac	confident		derivation / compound	co + gwidac, “with-understand-like”
cogwidacas	confidence			belief in ability
corunacas	confidentiality			
covur	presuming	adjective	derivation / compound	co + bur, “with-pride”; adjective
covuran	presumption			
covuri	to presume	verb		
covuriat	presumer			
cras	scar			
crasa	to scar	verb		
crasaiat	scarrer			
crasan	toad			“scarred/ing, pustulous”
crasac	scarry			
crasanac	toad-like			
ducras	pustule			weeping, pus-filled sore
ducrasac	pustulous			
ducrasa	to fester	verb		
ducrasaiat	festerer			
ducrasan	festering	noun		noun
ducrasid	festering	adjective		adjective
cram	crust			Lambert 2003, p. 196
cramac	crusty			
ducram	scab			
ducrami	to scab	verb		
ducramiat	scabber			
ducraman	scabbing	noun		noun
crem	cream			Lambert 2003, p. 196
cremi	to cream	verb		
cremiat	creamer			
creman	creaming	noun		noun
crampopit	pancake		derivation / compound	cram + popit, “crust-cooked”, cf. Bret. krampouezh, id.
lauc	loach			freshwater fish, bottom feeder; Lambert 2003, p. 199
laucal	slug		derivation / compound	lauc + -al, “loach-small”
laucalac	sluggish			
laucalacas	sluggishness			
crar	hornet			
cravu	script			
cravan	writing			
cravi	to write	verb		< Latinised Gaul. crappal, crappaus, DAG p. 1360, 209, Delamarre Index 2004, p. 244; < *crabal, crabaus, Gaul /b/ > L. /p/ in loanwords, cf. Gaul. carbanton- > L. carpentum; cf. W. crafu, “to scratch”; Gr. graphein, “to write < to scratch”; E. to carve; E./G. crab “animal that scratches/claws”; < PIE *gerbh- “to scratch, to cut”
craviat	writer			
cravanbroi	geography		derivation / compound	cravan + broi, “writing-country”
cravanbroiac	geographic			
credac	credulous			
credacas	credulity			
credite	believable		derivation / compound	credi + -te, “believe-able”
crediteas	believability			
credi	to believe	verb		
crediat	believer			
credu	belief			
credan	creed			
credloi	religion			
dicredac	incredulous			
dicredacas	incredulity			
ancredite	unbelievable			
dicredi	to disbelieve	verb		
dicrediat	disbeliever			
ancrediat	unbeliever		derivation / compound	an + crediat, “not-believer”
ancredi	to unbelieve	verb		
ancredan	unbelief			
urcredaun	infidel			urcred-aun, “against-belief-ist”
urcredi	to renounce	verb	derivation / compound	ur + credi, “against-believing”
urcredan	renouncement			
urcrediat	renouncer			
dicredan	disbelief			
aucredi	apostatise		derivation / compound	to abandon a religion or creed; au + credi, “away-from-believing”
aucredan	apostasy			
aucrediat	apostate			
cremu	garlic			
cris	wavy			hair
crisu	wave			of hair
crisas	waviness			
crisa	to undulate	verb		
crisan	undulation	noun		noun
crisaiat	undulator			
morcun	dolphin		derivation / compound	mor + cun, “sea-dog”
morcawar	whale		derivation / compound	mor + giant, “sea-giant”, cf. W. morfil “sea-animal”
mortasc	seal		derivation / compound	mor + tasc, “sea-badger”, moritasgus, DLG 2003, p. 229
duvurcun	otter		derivation / compound	duvur + cun, “water-dog”, cf. Cor. dowrgi, W. dyfrgi, dwrgi, id.
crid	heart			
cridaid	passion		derivation / compound	crid + aid, “heart-flame”
cridaidac	passionate			
cridol	disposition			
cridu	centre			
cridwi	to centre	verb		
cridwiat	centrer			
cridwian	centering	noun		noun
crin	to worry	verb		Lambert 2003, p. 196
crinwar	worried			
criniat	worrier			
crinu	worry			
crit	terror			
critan	tremor			
criti	to tremble	verb		
critiat	trembler			
critu	fever			
critunac	feverish			
cro	blood			
cronac	bloody			
cruc	hillock			< crouco-, /u/ < /ou/, DLG 2003, p. 130, “crouciaconnum”
crucal	mound			
crocin	skin			animal
crocini	to skin	verb		
crociniat	skinner			
crod	cruel			
crodas	cruelty			
crodgar	to scream	verb	derivation / compound	crod + gar, “cruel-call/shout”
crodgariat	screamer			
crodgaru	scream			
crodisai	chore			
croi	to bleed	verb		
croiat	bleeder			
croitol	bleeding	noun		noun
crosu	wave			of water; < *croso, Fr. creux, Lambert 2003, p. 196
cucul	hood			
tegupen	hat		derivation / compound	tegu + pen, “roof-head”
cuculisaran	helmet		derivation / compound	cucul + isaran, “hood-iron”
cular	cucumber			
cum	gully			small narrow valley
cum	depression			low lying land
cum	hollow	noun		noun
cumal	bowl		derivation / compound	cum + -al, “hollow-small”, < cumba, DLG 2003, p. 131
cumlat	plate			
cun	dog			
cunin	canine			
cuncro	bloodhound		derivation / compound	cun + cro, “dog-blood”, cf. W. gwaedgi, id.
cunil	small size dog			
cunis	bitch			
cuntam	dog-like		derivation / compound	cun + tam, “dog-quality”
cunu	die	noun		noun; cube with dots for playing games
cunue	dice			
curc	heron			
curu	beer			
curusai	beer lover		derivation / compound	curu + sai, “beer-seek”
cerwes	alcohol			
cerwesac	alcoholic	adjective		adjective for a drink
cerwesai	alcoholic		derivation / compound	person; cerwes + sai, “alcohol-seek”
cerwesaias	alcoholism			
cus	to joke	verb		
cusan	joke			
cusiat	joker			
Cut	month 6 of the Gaulish calendar			corresponds to October
cut	wood pigeon			
daclad	shears		derivation / compound	da + clad, “two-sword”
dadac	scissors		derivation / compound	da + dac, “two-dagger”
dagwep	pretence		derivation / compound	da + gwep, “two-word”
dagwepi	to pretend	verb		
dagwepiat	pretender			
dagwepacas	hypocrisy			
dagwepac	hypocritical			
dagwepacaun	hypocrit			
dagwocon	forty			
dadaglu	twilight		derivation / compound	da + dagl, “two-torch” > between two lights
daglu	torch			
daglon	pine forest			
daglis	pine tree			
daglan	torching			
dagla	to torch	verb		
daglaiat	torcher			
daglac	incendiary			
dudaglan	arson			
dudaglaiat	arsonist			
dai	good			
daias	goodness			
daimot	sexy			“good-to-fuck”, DLG 2003, p. 230
daimotas	sexyness			
daisam	best			
daitut	skillfull			
daitutas	skill			
galas	talent			
galasac	talented			
dal	blind			
dalas	blindness			
dalu	somber			
dalus	somberness			
dali	to blind	verb		
daliat	blinder			
dalan	blinding			
dudami	to suffer	verb		
dudaman	suffering			
dudamiat	sufferer			
danan	administration			
dani	to administer	verb		
daniat	administrator			
can	with			
cantalu	chant			
os	after			temporal
osim	last			
toiait	archery		derivation / compound	toi + -ait, “bow-art-and-practice”
gwirtoi	archer		derivation / compound	gwir + toi, “man-bow”
drawoc	legume			
drawocid	leguminous			
uscaun	staff			long stick, “high-reed”, DLG 2003, p. 103
anducaun	walking stick			short stick, “low reed”, DLG 2003, p. 103
caun	reed			< caunonio, DLG 2003, p. 103
tam	level			class, quality; cf. W. taf “flat space”
gesa	to spear	verb		
gesaiat	spearer			
gesan	spearing	noun		noun
anlawen	unhappy			
anlawenas	unhappiness			
dar	agitation			
darac	agitated			
daru	rage			
dari	to agitate	verb		
daruni	to rage	verb		
daruniat	rager			
darunan	raging	noun		noun
dariat	agitator			
dars	audacious			
darsan	sting	noun		noun
darsas	audacity			
darsa	to sting	verb		
darsaiat	stinger			
darsu	sting			
toidarsu	harpoon			
toidarswi	to harpoon	verb		
toidarswiat	harpooner			
toidarswian	harpooning	noun		noun
dasedol	couch		derivation / compound	da + sedol, “two-seat”
dasu	furious			
dasunas	fury		derivation / compound	dasu + -nas, n-enlargement, cf. Anaone, DLG 2003, p. 45
dau	flame			
daunac	flamboyant			
daunacas	flamboyantness			
daunan	burn	noun		noun
dauni	to burn	verb		
dauniat	burner			
dew	god			< deu-, DLG 2003, p. 142
dewe	gods			
dewis	goddess			
dec	ten			
deci	to accomplish	verb		
decan	accomplishment			
desiu	south			
desi	right hand side			lam desi = “right hand”; arpen desi = “right side”
deciat	accomplisher			
decitu	accomplished	adjective		adjective
decnoit	ten-night			feast period
degwet	tenth		derivation / compound	dec + wet > degwet, no /kw/ in Gaulish
dedan	dedication			
dedi	to dedicate	verb		
dediat	dedicater			
da	two			not attested directly; either from 1. da < do-edo “two-part, both, double”, under influence of al, “second, other” < *do-al; or 2. tentatively from dauus, DLG 2003, p. 136, cf. Br. daou, W. dau < Britt. *dow, Ir. dá, Gael. dà < OIr. da; < PrC. *duwo
on	one			
da	two			
tri	three			
petar	four			< petr < petru-, epenthetic /a/; cf. etan < etno-, DLG 2003, p. 434
pimp	five			
swes	six			
seit	seven			
oit	eight			
na	nine			
dec	ten			
ondec	eleven			
dadec	twelve			
tridec	thirteen			
petardec	fourteen			
pimdec	fifteen			
swesdec	sixteen			
seidec	seventeen			
oidec	eightteen			
nadec	nineteen			
gwocon	twenty			
gwocon on	twenty-one			
gwocon dec	thirty			twenty ten
gwocon ondec	thirty-one			
dagwocon	forty			two-twenty
dagwocon dec	fifty			
dagwocon ondec	fifty-one			
trigwocon	sixty			
trigwocon dec	seventy			
trigwocon ondec	seventy-one			
petargwocon	eighty			
petargwocon dec	ninety			
petargwocon ondec	ninety-one			
dewgar	to divine	verb	derivation / compound	dew + gar, “god-call”
dewgariat	diviner			
dewgaru	divination			
delge	to hold	verb		
delgen	hold			n
delget	holder			
delgu	needle			
delgemat	permanent		derivation / compound	delge + mat, “hold-well”, cf. Br. dalc’hmat, id.
delgematas	permanence			
delgwi	to needle	verb		
delgwian	needle work			
delgwiat	needler			
delgul	pin			
delguli	to pin	verb		
delguliat	pinner			
deworbi	to overcome	verb		de-uor-bi, “being-on-top”, DLG 2003, p. 142
deworbion	overcoming	noun		noun
deworbiat	overcomer			
suworbi	to surpass	verb	derivation / compound	su + -uor + bi, “good-on-top-being”
suworbion	surpassment			
suworbiat	surpasser			
depri	to eat	verb		
depriat	eater			
depru	food			
deprusai	glutton			
deprusaiac	gluttonous			
deprusaias	gluttony			
derc	eye			pupil
derci	to look	verb		
derchiat	looker			
dercan	look	noun		noun
olderci	to watch	verb	derivation / compound	ol + derci, “all-look”
olderciat	watcher			
oldercan	watch	noun		noun; as in “surveillance, guard”
dergu	dark red			
dergan	burgundy			
dert	skin			human
dertol	naked		derivation / compound	dert + ol, “skin-all”
auderti	to flay	verb	derivation / compound	au + derti, “away-skin”
audertan	flaying	noun		noun
audertiat	flayer			
deru	oak			
derwen	oak grove			
des	to prepare	verb		
desan	preparation			
desiat	preparer			
devret	frustration			
devreti	to frustrate	verb		
devretiat	frustrater			
di-	un- (for verbs and nouns	affix		
di-	non-	affix		for verbs and nouns
diacu	lazy			
diacunas	lazyness		derivation / compound	diacu + -nas, n-enlargement, cf. Anaone, DLG 2003, p. 45
diai	to come	verb		
diaiat	comer			
diagedi	to deface	verb		
diagediat	defacer			
diagedan	defacing			
diaitol	coming	noun		noun
digalv	skinny		derivation / compound	di + galv, “un-fat”
digalvas	skinniness			
diaman	never		derivation / compound	di + aman, “non-time”
dianau	poverty			
dianaunac	poor			
tepi	to flee	verb		cf. Ir. teith, W. techu, id., < PC tekwet-, Gaul. tep-
tepiat	refugee			
tepan	flight			escape
mai tepan	refuge			“place-flight”
digar	to deny	verb	derivation / compound	di + gar, “not-say”, cf. E. to naysay, id.
digariat	denier			
digaru	denial			
dias	to ordain	verb		
diasan	ordainment			
diasiat	ordainer			
diasu	illegal			
diasunas	illegality		derivation / compound	diasu + -nas, n-enlargement, cf. Anaone, DLG 2003, p. 45
digavan	reception			
digavi	to receive	verb	derivation / compound	di + gavi, “un-take”
digaviat	receiver			
digu	guilty			
digunas	guilt		derivation / compound	digu + -nas, n-enlargement, cf. Anaone, DLG 2003, p. 45
dicarnan	destruction			
dicarni	to destroy	verb		
dicarniat	destroyer			
dicelan	divorce			
diceli	to divorce	verb	derivation / compound	di + celi, “un-partnering”
diceliat	divorcer			
digwi	to blame	verb		
diwici	to punish	verb		
dici	to show	verb		< dice- “shows”, DLG 2003, p. 255, “Diceratus”; cf. L. in-dic-are < dicare “to make known”
digwiat	blamer			
digwian	blame			
diwiciat	punisher			
diciat	show-er			
dicle	to pull	verb	derivation / compound	di + cle, “non-push”
diclen	pull			
diclet	puller			
diwican	punishment			
dican	show	noun		noun
dicor	to open	verb		
dicoriat	opener			
dicortu	open			
dicorol	opening	noun		noun
diwiciat	avenger			
diwici	to avenge	verb		
diwican	revenge			
digworetan	sabotage			
digworeti	to sabotage	verb	derivation / compound	di + gworeti, “un-help”
digworetiat	saboteur			
didiu	outside			
didut	dishonour			
diduti	to dishonour	verb		
didutwar	dishonourable			
diedrac	extinct			
diedran	extinction			
diedri	to extinguish	verb	derivation / compound	di + edri, “un-ignite”
diedriat	extinguisher			
diwerti	to skip	verb		< diuertomu, Coligny, DLG 2003, p. 145
diwertiat	skipper			one who skips
diwertan	skipping	noun		noun
dilige	to bind	verb		< Gaul. diligentir, DLG 2003, pp. 144-45
diligen	binding	noun		noun
diliget	binder			
adilige	to attach	verb		
adiliget	attacher			
adiligen	attachment			
codiligen	connection			
codilige	to connect	verb	derivation / compound	co + dili
codiliget	connector			
dicodiligen	disconnection			
dicodilige	to disconnect	verb		
dicodiliget	disconnector			
dilini	to undress	verb	derivation / compound	di + lin, “un-shirt”
diliniat	undresser			
dilinan	undressing	noun		noun
lindu	liquid			
diluge	to deceive	verb	derivation / compound	di + luge, “un-commit”
diluget	deceiver			cheater
dilugen	deception			
dilugol	deceit			
dilugolwar	deceitful			
dilugolwaras	deceitfulness			
triaged	cheat		derivation / compound	person; tri + aged, “three-face”
triaged dwaged	ugly cheat			
triagediat	cheater			
triagedi	to cheat	verb		
triagedan	cheating	noun		noun
diman	to stay	verb	derivation / compound	di + man, “non-move”
dimaniat	stayer			
dimanu	stay	noun		noun
mediu	midday		derivation / compound	< medi + diu, “middle-day”, contraction of -didi- > -di-, cf. sindiu < *sindediu, id.
medinoit	midnight			
dinea	to doubt	verb		
dinean	doubt			
dineiat	doubter			
dewin	divine		derivation / compound	dew + -in, “god-like”, adjectival suffix –in for animals and plants, cf. bledin, bowin; cf. deuona DLG 2003, p. 142
dewinas	divinity			
dirai	back		derivation / compound	di + rai, “not-front”
diraini	to back	verb		to support
dirainiat	backer			supporter
dirainan	backing			support
diratu	luckless			
diratunas	lucklessness		derivation / compound	diratu + -nas, n-enlargement, cf. Anaone, DLG 2003, p. 45
diruc	honour			
diruci	to honour	verb		
diruciat	honourer			
dirucan	honouring	noun		noun
dirucid	honourable			
sudiruc	glory			
sudiruci	to glorify	verb		
sudiruciat	glorifier			
sudirucan	glorification			
sudirucid	glorious			
ansudirucid	inglorious			
dirunan	betrayal			
diruni	to betray	verb		
diruniat	betrayer			
rodat	treason			
rodatiat	traitor			
rodati	to commit treason	verb		
slev	mountain range			< slebino, glossed “montanus”, in Jouna Pyysalo 2016 “Ten New Etymologies between Old Gaulish and the IE Languages”, from Holder 1896-1904 [Old Celtic Vocabulary I & II]
slevin	moor			
slevin	upland			high country
diselwi	to disown	verb		
diselwiat	disowner			
disorac	flawless			
diswel	shade			
disweli	to shade	verb		
ditam	rubbish			
ditanc	trouble		derivation / compound	di + tanc, “un-peace”
ditanci	to trouble	verb		
ditanciat	trouble maker			
ditegi	to arrive	verb		
ditegiat	arriver			
ditegan	arrival			
diteitan	dispossession			
diteiti	to dispossess	verb		
diteitiat	dispossessor			
diting	to change	verb		
ditingen	change	noun		noun
ditinget	changer			
auting	to modify	verb		
autingen	modification			
autinget	modifier			
ditonci	to perjure	verb		to lie under oath
ditonciat	perjurist			
ditoncan	perjury			
ditrev	desert			
ditrevan	desertification			
ditrevi	to desertify	verb		
ditreviat	desertifier			
autrevi	to abandon	verb		
autreviat	abandoner			
autrevan	abandonment			
aucoriuni	to desert	verb	derivation / compound	au + coriu- + -ni, “away-from-army-ing”
aucoriuniat	deserter			
aucoriunan	desertion			
ditrosa	to peel	verb		
ditrosaiat	peeler			
ditrosan	peels			
autrosa	to flake	verb		
autrosan	flake	noun		noun
autrosaiat	flaker			
diuran	loss			
diuri	to lose	verb		
diuriat	loser			
divatu	disappearance			
divatwi	to disappear	verb		
divatwiat	disappearer			
diviwit	never			
divowi	to decrease	verb		
divowan	decrease			
divowiat	decreaser			
divroi	to emigrate	verb	derivation / compound	di + broi, “un-country”, cf. Br. divroañ, id.
divroiat	emigrant			
divroitol	emigration			
docni	to create	verb		
docniat	creator			
docnan	creation			
daloi	double		derivation / compound	da + loi, “two-group”,; cf. Br. dauel “double”)
dagov	twofold			
daloini	to double	verb		
daloiniat	doubler			
daloinan	doubling	noun		noun
dolu	page			
dol	paper			
dolen	paperwork			< Gaul. –dolen “leaf”, botanical singulative on -en, cf. W. coeden “tree” < coed “wood, forest”
don	person			
don	human being			
lisaun	courtier		derivation / compound	lis + aun, “court-ist”
donlondu	savage	noun	derivation / compound	noun; don + londu, “human-wild”
donbled	werewolf			
dona	lady			
dona	mistress			title
donic	human	adjective		adjective
donicas	humanity			human-ness
donil	young lady			
donloi	humanity			all people
donu	lord			
donu	mister			title
dorat	gate			
doric	arcade			
doricu	verandah			
dorical	porch			
dos	arm			
dragen	thorn			
dragenac	thorny			
prenal dragen	thorn bush			
drau	rye			
dreswi	to attract	verb		
dresunac	attractive			
dreswiat	attractor			
dresu	attraction			
dresan	attracting	noun		noun
dresunacas	attractiveness			
dres	to climb	verb		
dresan	climb			
dresiat	climber			
sudres	to ascend	verb		
sudresiat	ascender			
sudresan	ascent			
dron	quarrel			
droni	to quarrel	verb		
droniat	quarreler			
druc	bad			
drugar	to shout	verb	derivation / compound	druc + gar, “bad-call”, -cg- > -g-
drugariat	shouter			
drugaru	shout	noun		noun
drucas	badness			
druid	scholar			
druidac	scholarly			
druidacas	scholarliness			
druidait	scholarship			
drun	vigourous			
drunas	vigour			
drung	regiment			
drungi	to regiment	verb		
drungan	regimentation			
drungiat	regimenter			
drungac	regimented			
drungal	battalion			
sepan	disciple			
sepanol	discipline		derivation / compound	sepan + ol, “follower-all”, cf. L. disciplus, “follower”
sepanolac	disciplinary			
sepanoli	to discipline	verb		
sepanoliat	discipliner			
sepanolan	discipling	noun		noun
donsepanol	disciplinarian			
sepanolait	disciplinarianism			
drut	brave			
sudrut	courageous			
drutas	bravery			
sudrutas	courage			
druti	to brave	verb		to withstand
drutiat	braver			person; withstander
drutan	braving	noun		noun; withstanding
du-	bad, prefix	affix		
dwan	piss		derivation / compound	du + an, “bad-swamp[water], < ana “swamp, dirty water”, cf. OIr. án “piss”, DLG 2003, pp. 43-44
dwani	to piss	verb		
dwaniat	pisser			
dwanan	pissing	noun		noun
duc	therefore			
ducucoriu	army-leader			“captain-army”
ducu	captain			“duke”
duci	to lead	verb		
duciat	leader			
ducan	lead	noun		noun
duciatait	leadership			
duclut	infamy			
duclutu	infamous			
ducar	unpleasant			
ducaras	unpleasantness			
sucar	pleasant			
sucaras	pleasantness			
sucara	to amuse	verb		sucar, “pleasant”; cf. Fr. plaisanter “tell jokes”
sucaraiat	amuser			
sucarat	amusement			
sucarac	amusing	adjective		adjective
sucaral	pleasantry			polite small talk
ducartan	infection			
ducarti	to infect	verb		
ducartiat	infector			
ducinac	unfresh			
ducinacas	unfreshness			
canducarti	to contaminate	verb		
canducartiat	contaminator			
canducartan	contamination			
aucarti	to defect	verb		
aucartiat	defector			
aucartan	defection			
ducris	to throw up	verb		
ducris	to vomit	verb		
ducrisan	vomit			
ducrisiat	vomitter			
ducuman	depression			
ducumi	to depress	verb		
ducumiat	depressor			
druclavar	to gossip	verb	derivation / compound	druc + lavar, “bad-speak”, cf. Br. drouklavar, id.
druclavariat	gossiper			
druclavaru	gossip			
dugwep	dispute			
dugwepi	to dispute	verb		
dugwepiat	disputer			
dugwertan	distortion			
dugwerti	distort			
dugwertiat	distorter			
torci	to twist	verb		
torciat	twister			
torcan	twist	noun		noun
dugwis	stupid			
dugwisu	stupidity			
dudal	obscure			
dudalas	obscurity			
dudali	to obscure	verb		
dudaliat	obscurer			
dudan	bureaucrat			
dudanic	bureaucratic			
dudanait	bureaucracy			
duvau	filth		derivation / compound	du + bau, “bad-mud”, cf. W. baw, “mud”
duvaunac	filthy		derivation / compound	du + baunac, “bad-muddy”
duvaunacas	filthiness			
dugili	to fabricate	verb		
dugil	fabricator			
dugilan	fabrication			
duianta	to envy	verb		
duiantaiat	envier			
duiantan	envying	noun		noun
duiantu	envy			
duiantumar	envious			
druciantu	jealousy			
druciantumar	jealous			
dugar	to cry	verb		
dugariat	crier			
dugaru	cry			
duiatan	theft			
duitir	daughter			
duguswi	to violate	verb	derivation / compound	du + gusu, “bad-energy”
duguswian	violation			
duguswiat	violator			
dul	leaf			
dulac	leafy			
dulacas	leafiness			
dulam	clumsy			
dulamas	clumsiness			
dulavar	to be rude	verb		
dulavariat	rude person			
dulavarac	rude			
dulavaracas	rudeness			
dulega	to stray	verb	derivation / compound	du + lega, “bad-deposit”
dulegac	chaotic			
dulegat	chaos			
dulegaiat	strayer			
dulimu	poison			
dulimwi	tp poison			
dulimwiat	poisoner			
dulimwian	poisoning	noun		noun
duling	to stumble	verb		
dulingen	stumble	noun		noun
dulinget	stumbler			
dum	hill			
dumal	hillock			
dumalu	knoll			
duman	smoke			
Duman	month 2 of the Gaulish calendar			corresponds to June
dumani	to smoke	verb		
dumaniat	smoker			
dumen	to despair	verb		
dumenu	despair			
dumenac	desperate			
dumenacas	desperation			
duvriti	to suspect	verb		
duvritac	suspicious			
duvritiat	suspector			
duvrit	suspicion			
duvritan	suspecting	noun		noun
dumun	dark			
dumunas	darkness			
dumunac	darkly			
dumuni	to darken	verb		
dumuniat	darkener			
dumunan	darkening	noun		noun
dumola	to slander	verb		
dumolaiat	slanderer			
dumolat	slander			
dun	castle			
dunal	fort			
dunat	danger			
dunatac	dangerous			
dunderc	tumulus			
dunderc	burial mound			
dunu	brown			
dununas	brown-ness		derivation / compound	dunu + -nas, n-enlargement, cf. Anaone, DLG 2003, p. 45
duprit	ugly			
dupritas	ugliness			
dor	door			< doratia, DLG 2003, p. 147-48
duratu	misfortune			
duratunac	unlucky			
duratunac	unfortunate			
durici	to rip	verb		
durici	to tear apart	verb		
duriciat	ripper			
durican	rip	noun		noun
ric	furrow			Lambert 2003, p. 201
rici	to furrow	verb		
riciat	furrower			
sel	labour			
seliat	labourer			
selan	labouring	noun		noun
durun	fist			
duruni	to punch	verb		
duruniat	puncher			
durunan	punch			
dur	town			
durac	urban			
duri	to urbanise	verb		
duriat	urbaniser			
duran	urbanisation			
dus	nature spirit			entity that lives inside of natural features, e.g. rivers, forests, mountains
dus	faun			nature spirit that goes around having sex with human females, drinking alcohol and playing music
dusac	nature-spirit-like			
dusac	faun-like			
dusac	mischievous			
dusa	to behave like a nature spirit	verb		
dusa	to cause mischief	verb		
dusan	nature-spirit behaviour			
dusan	mischief			
dusan	sex music alcohol			
dusan	party			
dusaiat	mischief-maker			
dusa	to have a good time	verb		
dusa	to stir trouble	verb		
dusa	to run amoc	verb		
dusa	faire le con			to run amoc
dusaiat	troublemaker			
dusan	trouble-making			
dusu	demon			
dusunac	demonic			
duswi	demonise			
duswiat	demoniser			
duswian	demonisation			
duscel	reckless			
duscelas	recklessness			
duscelnat	bad omen of fate			
dusinat	bad weather			
duspa	to insult	verb		
duspaiat	insulter			
duspat	insult			
duspatol	invective			
dut	honour			
duti	to honour	verb		AIK Bribro etym.
dutan	honouring			
dutiat	honourer			
dutac	honourable			
dutut	clumsy			
dututas	clumsiness			
duv	black			
duvadi	to drown	verb		
duvadiat	drowner			
duvadan	drowning	noun		noun
duvas	blackness			
duvun	deep			
duvunas	depth			
duvuntutin	whore			< dubnotuta, “deep-vagina”
duvuntutin	slut			
duvuntuti	to whore	verb		
duvur	water			
duvurac	watery			
duvuracas	wateriness			
duvuri	to water	verb		
duvriat	waterer			
duvuran	watering	noun		noun
canbur	vain		derivation / compound	can + bur, “with-proud”
canburas	vanity			
dwaged	ugly			
dwagedas	ugliness			
dwagedi	to uglify	verb		
dwagedan	uglification			
dwagediat	uglifier			
swaged	beautiful			
swagedas	beauty			
swagedi	to beautify	verb		
swagediat	beautifier			
swagedan	beautification			
dwarbor	to abuse	verb		
dwarboriat	abuser			
dwarboru	abuse			
dwaus	noise			
dwausac	noisy			
caculindu	diarhea		derivation / compound	cacu + lindu, “shit-liquid”
dwodac	stinky			
dwodi	to stink	verb		
dwodiat	stinker			
dwodan	stench			
dwoitu	swearword			
dwoitwi	to swear	verb	derivation / compound	to say swearwords, du + oitu, “bad-oath”
dwoitwiat	swearer			
dugovu	foulmouth		derivation / compound	du + govu, “bad-mouth”
dwonac	lonely			
dwonacas	loneliness			
dwortwian	abortion			
dwortwi	to abort	verb	derivation / compound	du + ortu, “bad-young-animal”
dwortwiat	aborter			
ortu	young animal			
dugov	handicap			
dugovi	to handicap	verb	derivation / compound	du + gobi, “bad-form/shape”, cf. goben DLG 2003, p. 182
dugoviat	handicapper			
gwerun	overflow		derivation / compound	gwer + un-, “on/over-water[flow]”
gweruni	to flow over	verb		
gweruniat	overflow-er			
gwerunan	overflowing	noun		noun
eru	eagle			errumocito, DLG 2003, p. 151
es	out of			
es	from			
es-	without	affix		
esagu	knapweed			Centaurea genus
esagatol	purgative			
esagatol	laxative			
esaga	to purge	verb		
esagat	purge			
esagaiat	purger			
esai	to go out	verb		
esaitol	excursion			
esaiat	one whoes out			
epcal	hoof			
escan	without		derivation / compound	es + can, “from-with”
esgar	to exclaim	verb		
esgariat	exclaimer			
esgaru	exclamation			
esarborac	useless			
esarboracas	uselessness			
escati	to eject	verb		
escatan	ejection			
escatiat	ejector			
esgavan	exception			
esgavi	to except	verb		
esgaviat	excepter			
esgavu	except			
esgavanac	exceptional			
es e	from him			out of him
es i	from her			out of her
esiatan	loan			
esiati	to lend	verb		
esiatiat	lender			
es mi	from/out of me			
es ni	from/out of us			
escing	to charge	verb		
escingen	charge			
escinget	charger			
es sie	from/out of them			
es ti	from/out of you			
es i	from/out of it			
eslavar	mute			
eslavaras	muteness			
eso	outside			
esoas	exterior			
esop	blind			
esopas	blindness			
esovon	fearless			
esovonas	fearlessness			
ecuran	boundary			
ecuran	limit			
ecuranan	limitation			
ecurani	to limit	verb		
ecuraniat	limiter			
ecuranu	boundary marker			
ecu	cattle			
Ecu	month 9 of the Gaulish calendar			corresponding to January
esgus	lethargy		derivation / compound	es + gus, “without-energy”
es swi	without you			pl.
esgusa	to languish	verb		
esgusaiat	languisher			
esgwal	independent		derivation / compound	es + gwal, “without-sovereign”
esgwalas	independence			
esgwertin	faithful			< exuertin-, “without-turning[-away]”, DLG 2003, p. 172
esgwertinas	faithfulness			
esgwic	loser			contest
esgwici	to lose	verb		contest
esgwican	loss			contest
esgwomenac	hopeless			
esgwomenacas	hopelessness			
esgworet	helpless			
esgworetas	helplessness			
edon	space			cf. cantedon “space of 100 feet” < PrC. *ɸed < PIE *ped- “foot”
edonal	interval		derivation / compound	edon + -al, “space-small”
edi	to walk	verb		< ed “foot”, measurement of distance, pace; cf. OIr. uide, “march”; DLG 2003, p. 103
ediat	walker			
edan	walk	noun		noun
cetedi	to bushwalk	verb	derivation / compound	cet + edi, “forest-walk”
cetediat	bushwalker			
cetedan	bushwalk			
swediat	tourist		derivation / compound	su + edi, “good-walk”
swedi	to tour	verb		
swedan	tour	noun		noun
swedait	tourism			
swediatac	touristic			touristy
siredan	journey		derivation / compound	sir + edan, “long-walk”
siredi	to journey	verb		
sirediat	journeyman			
edri	to light	verb		a fire
edriat	lighter			someone who lights a fire
tenedriat	firelighter		derivation / compound	ten + edriat, “fire-lighter”
edru	ignition			
edruni	to ignite	verb		
edruniat	igniter			
edrin	lighting	noun		noun
Edrin	month 11 of the Gaulish calendar			corresponding toMarch
edu	room			
edunac	roomy			
educac	toilet			
edudepru	dining room			
edulautru	bathroom			
edupopan	kitchen			
edusonan	bedroom			
edut	truce			DLG 2003, p. 190
egin	hedgehog			
egidu	porcupine			
eitamic	extraordinary			
eiteit	poor			
eiteitan	impoverishment			
eiteitas	poverty			
eiteiti	to impoverish	verb		
eiteitiat	impoverisher			
eitinc	abundant			DLG 2003, p. 340, extinco-, incription of Lezoux
eitinc	enough			
eitincas	abundance			
sweitincas	sufficiency			
sweitinc	sufficient			
sweitinci	to suffice	verb		
esu	but			< exo, “excepté”, Delamarre 2003, p. 170
eitra	beyond			extra, DLG 2003 p. 333, Graufesenque
roeti	beyond		derivation / compound	ro + eti, “overly-more”, cf. W. rhyfedd, OW. rimed < *ro-med-, “beyond-middle”
Elem	month 10 of the Gaulish calendar			corresponding to February
elu	many			
elu	a lot			
elunas	plural			
embreit	fermented drink			
embreit	liquor			
en	in			
enagedi	to envisage	verb		
enagediat	envisager			
enagedan	envisaging			
enat	pregnant			
enatan	pregnancy			
enati	to impregnate	verb		
enatiat	impregnator			
engan	to engender	verb		
enganiat	engenderer			
enganan	engendering	noun		noun
encantili	to encircle	verb		
encantiliat	encircler			
encantilan	encircling			
ened	position			
enedi	to position	verb		
enediat	positioner			
enemnu	anvil			
engar	to summon	verb		
engariat	summoner			
engaru	summons			
engen	native	adjective		adjective
engenas	nativeness			
enis	island			
enisac	insular			
enisacas	insularness			
enistir	peninsula		derivation / compound	enis + tir, “island-land”
enistirac	peninsular			
enlogani	to entomb	verb		
enloganiat	entomber			
enloganu	entombment			
logan	tomb			
ensai	to investigate	verb		
ensaiat	investigator			
ensaitol	investigation			
ensedi	to reside	verb		
ensediat	resident			
ensedan	residence			
entar	between			
entar	among			
entarai	to intercede	verb		
entaraiat	interceder			
entaraitol	intercession			
entargar	to negotiate	verb		
entargariat	negotiater			
entargaru	negotiation			
enunan	inundation			
enuni	to inundate	verb		
enuniat	inundator			
enuran	invention			
enuri	to invent	verb		
enuriat	inventor			
enbroi	immigrant			
enbroini	to immigrate	verb		
enbroinan	immigration			
enwediol	sudden		derivation / compound	en + medi + ol, “in-middle-everything”
enwediolas	sudden-ness			
ep	horse			
epal	foal			
epal bleden	yearling			
eprediat	horse rider			
epredi	to ride horses	verb		
epredan	horseriding			
epredloi	cavalry		derivation / compound	epred + -loi, “horeseride-group”, collective suffix
Epona	Horse Goddess			Gaulish goddess
er	around			all sides
er	all around			
breni	to order	verb		to command; DLG 2003, p. 58, Brennos “chief”
breniat	orderer			
brenan	order			
suvreni	to request	verb	derivation / compound	su + breni, “good-order”
suvreniat	requestor			
suvrenan	request			
ercu	oak			
ercun	oak forest			
ergwati	to guess	verb	derivation / compound	er + gwati, “all around-predict”, i.e. random predict
ergwatiat	guesser			
ergwatu	guess			
erfri	to disperse	verb		
erfrion	dispersal			
erfriat	disperser			
erfrias	diaspora			
ernu	west			DLG 2003, p. 434
eren	behind			< ern-, with epenthetic /e/
erengar	to retract	verb	derivation / compound	eren + gar, “behind-call”
erengariat	retractor			
erengaru	retraction			
esed	chariot			
esedi	to drive a chariot	verb		
esediat	charioteer			
esi	is			am, are, is = all persons and numbers of the present tense of “to be”
esi	am			esi mi = I am
esi	are			esi ti, esi ni, esi swi, esi sie = you, we, you (pl/), they are
esi	is			esi e, esi si, esi i = he is, she is, it is
mi-esi	I have	phrase		
ti-esi	you have	phrase		
e-esi	he has	phrase		
si-esi	she has	phrase		
i-esi	it has	phrase		
ni-esi	we have	phrase		
swi-esi	you have	phrase		pl.
sien-esi	they have	phrase		with epenthetic /n/ for pronunciation
esoc	salmon			
esoci	to go against the current	verb		to move upstream [like salmon] = to be non-conformist
esoci	to non-conform	verb		
esociat	non-conformist	noun		noun
esocan	non-conformity			
esocid	non-conformist	adjective		adjective
esocait	non-conformism			
eti	more			
etan	bird			DLG 2003, p. 434; cf. W. edn, id.
etiu	grassland			
etiuni	to graze	verb		
etiuniat	grazer			
etiunan	grazing	noun		noun
etu	been			past participle of “to be”
esbur	meek		derivation / compound	es + bur, “without-pride”
evur	yew			DLG 2003, p. 159-160
esburas	meekness			
fri	to spread	verb		out
friat	spreader			
frion	spread	noun		noun
fron	nostril			< frogna-, reduction -n < -gn-, cf. uinno- < uegno- DLG 2003, p. 321; cf. W. froen, Br. fron, id.
dufronan	snore			
dufroni	to snore	verb		
dufroniat	snorer			
froni	to frown	verb		E. frown < PFr. froignier “to pull up one’s nose” < Gaul. frogna
froniat	frowner			
fronan	frowning	noun		noun
frut	current			
dufrut	torrent			
dufrutac	torrential			
fruti	to rush	verb		
frutiat	rusher			
frutan	rush	noun		noun
urfrut	upstream		derivation / compound	ur + frut, “against-current”
canfrut	downstream		derivation / compound	can + frut, “with-current”
gal	to be able to	verb		
galu	ability			Lambert 2003, p. 197
galiat	able person			
galac	able			
tregboi	to kick	verb	derivation / compound	treg + boi, “foot-hit”
tregboi eso	to kick out	verb		
tregboiat	kicker			
tregboiat cacu	shit kicker			
tregboitol	kick			
tregboian	kicking	noun		noun
moruc gwas	bar maid			“maid servant”
ogruni	to chill	verb		to get cold
ogruniat	chiller			
ogrunan	chilling	noun		noun
milanaiu	millenium		derivation / compound	milan + aiu, “thousand-age”
milan	thousand			
setolbirac	ephemeral		derivation / compound	setol + bir + -ac, “short-lifespan-like”, cf. W. byrhoedlog, id.
tegi	to leave	verb		< moritex, DLG 2003, p. 229, /g/ < /x/, cf. treg < trex, rig < rix, id.
autegi	to depart	verb		
tegan	leaving	noun		noun
autegan	departure			
tegiat	leaver			
autegiat	departer			
rainaus	ship’s bow		derivation / compound	rai + naus, “front-ship”
morteg	sailor			< moritex, DLG 2003, p. 229
mortegloi	crew		derivation / compound	of a ship; morteg + loi, “sailor-group”, suffix of collective
mortegi	to sail	verb		
mortegan	sailing			
galv	fat	adjective		adjective
galvas	fatness			
galbis	maybe		derivation / compound	gal + bis, “can-be”
galvu	fat	noun		noun
galvu moc	lard			
galvi	to fatten	verb		
galviat	fattener			
galvan	fattening	noun		noun
gandu	rare			
ganan	generation			production process
gandunas	rareness		derivation / compound	gandu + -nas, n-enlargement, cf. Anaone, DLG 2003, p. 45
gan	to bring forth	verb		< ganor, DLG 2003, p. 175
gan	to generate	verb		to produce
ganiat	generator			
gandun	rarity			a rare thing
gandunait	rarity			the quality of being rare
gar	to call	verb		
garan	crane			wading water bird, “caller”
garan	heron			
garg	ferocious			
gargar	to roar	verb		
gargariat	roarer			
gargaru	roar	noun		noun
gargas	ferocity			
gargi	to savage	verb		
gargiat	savager			
gargan	savaging	noun		noun
gariat	caller			
gariedi	to announce	verb		
gariediat	announcer			
gariedan	announcement			
garu	call			
gaval	fork			
gavali	to fork	verb		
gavaliat	forker			
gavan	take			
gavi comenu	be aware of			
gavi	to take	verb		
gaviat	taker			
gavar	goat			
gavris	nanny goat			
gestol	security			
gestolac	secure			
argestol	guarantee		derivation / compound	ar + gestol, “in-front-security”
argestol	warranty			
gestoli	to secure	verb		
gestoliat	securer			
gestolan	securing	noun		noun
argestoli	to guarantee	verb		
argestoliat	guarantor			
argestolan	guaranteeing	noun		noun
gen	to bear children	verb		
gen	to give birth	verb		
gentu	born			
genan	birth			
geniat	birther			
genau	rivermouth			
genu	mouth			
genau	estuary			
genaunin	estuarine		derivation / compound	genau + -in, pertaining to a river-mouth, cf. bledin, bowin; n-enlargement, cf. Anaone, DLG 2003, p. 45
genet	young girl			
genetac	girlish			
genetacas	girlishness			
gentu	been born			
gesat	spearman			
ges	spear			
tei	house			
teini	to house	verb		
teiniat	houser			
teinan	housing			
gevric	rafter			
gilunas	light brown-ness		derivation / compound	gilu + -nas, n-enlargement, cf. Anaone, DLG 2003, p. 45
giam	winter			
giamac	wintery			
giamon	winter month			
Giamon	month 7 of the Gaulish calendar			corresponding to November
giar	arum lily			poisonous plant
gilar	wild thyme			
gilu	light brown			
glan	bank			of river
glanis	glass			the material
glanisa	to glaze	verb		
glanisac	glassy			
glanisan	glazing			
glanisaiat	glazier			
suglanis	crystal			
suglanisa	to crystalise	verb		
suglanisaiat	crystaliser			
suglanisan	crystalisation			
glanu	clear			
glanunas	clarity		derivation / compound	glanu + -nas, n-enlargement, cf. Anaone, DLG 2003, p. 45
glanwi	to clarify	verb		
glanwian	clarification			
glanwiat	clarifier			
glas	green			
glasas	green-ness			
glaswor	aqua blue		derivation / compound	glas + mor, “green-sea”
glen	to choose	verb		Lambert 2003, p. 197
glenu	choice			
gleniat	chooser			
gli	to glue	verb		
glian	glue			
gliat	gluer			
sugli	to stick	verb		
sugliat	sticker			
suglian	sticking	noun		noun
glion	obstruction			
glioni	to obstruct	verb		
glioniat	obstructor			
glis	bright			
glisu	light			light-coloured
glisumargu	white clay			
gnasiod	offspring			
pelgnasiod	posterity		derivation / compound	pel + gnasiod, “far-offspring”
gnat	child			
-gnat	born of	affix		in compounds
gni	to know	verb		
gniat	knower			
gnion	knowledge			
gort	hedge			
gorti	to hedge	verb		
gortiat	hedger			
gos	guest			
gosac	hospitable			
gosacas	hospitality			
gov	fold			
govi	to fold	verb		
goviat	folder			
govan	smith			one who folds iron
govani	to forge	verb		to forge all metal
govaniat	forger (one who forges all metal			
teigovan	forge		derivation / compound	smith’s workshop; tei + govan, “house-smith”
teigovan	smithy			
govu	mouth			pejorative
govwi	to mouth off	verb		
govwiat	loudmouth			
govwian	mouthing off	noun		noun phrase
gran	beard			
granal	moustache			
grau	sand			
graunal	gravel			
graunalac	gravely			
grauni	to sand	verb		with sandpaper
grauniat	sander			
graunan	sanding	noun		noun
graunac	sandy			
gro	to crush	verb		
groiat	crusher			
groian	crushing	noun		noun
gul	shoulder			
gulv	beak			
gulvu	point			
tregulv	spur		derivation / compound	treg + gulv, “foot-beak”
gulvin	promontory			
gulvinac	prominent			
gus	force			
gusa	to force	verb		
gusaiat	forcer			
gusan	forcing	noun		noun
gusu	violence			
gusunac	violent			
sugus	energy			
sugusa	to energise	verb		
sugusaiat	energiser			
sugusac	energetic			
gut	voice			
guti	to voice	verb		
gutiat	voicer			
gutan	voicing			
gutac	vocal	adjective		adjective
gutu	vocal	noun		noun
gutunac	vocalic			
entargutunac	intervocalic			
gutwi	to vocalise	verb		
gutwiat	vocaliser			
gutwian	vocalisation			
engutan	invocation			
enguti	to invoke	verb		
engutiat	invoker			
gutlavaru	accent			
gutlavar	to accentuate	verb		
gutlavaran	accentuation			
gutlavariat	accentuater			
gutater	priest			
gutaterait	priesthood			
gutateri	to preach	verb		
gutateriat	preacher			
gutateran	preaching			
gutateru	sermon			
gwaci	to quarrel	verb		
gwaciat	quarreller			
gwacan	quarrel			
gwacanac	quarrelsome			
gwodati	to submit	verb	derivation / compound	gwo + da, “under-put”, cf. E. submit < L. submittere, id.
gwodatan	submission			
gwodatiat	submittor			
gwodatac	submissive			
gwaun	slope			< ouaunia, -n- < -gn- < uagno, cf. uinno < uegno, DLG 2003 p. 321; attested ouaunia, ouannia, DLG 2003, p. 305; cf. W. gwawn, Br. geun
gwauni	to slope	verb		
gwauniat	sloper			
gwaunian	sloping	noun		noun
gwaci	to curve	verb		
gwacan	curve			
gwaciat	curver			
gwait	worse			
gwaitam	worst			
gwaiti	to deteriorate	verb		
gwaitiat	deteriorator			
gwaitan	deterioration			
gwal	sovereign	noun		noun
gwaliat	ruler			
gwali	to rule	verb		
gwalan	rule	noun		noun; state of government, reign
gwalac	sovereign	adjective		adjective
gwalacas	sovereignty			
esgwal	independant	noun		noun
esgwalac	independent	adjective		adjective
esgwalas	independence			
rig	king			< rix, pl. riges, DLG 2003, p. 260-61
rigi	to reign	verb		
rigiat	regent			
rigu	reign	noun		noun
rigan	queen			
rigac	kingly			
riganac	queenly			
rigon	royal			< rerigonium “the very royal”, DLG 2003, p. 261
rigonas	royalty			quality of being royal
rigonas	royalness			
rigloi	royalty			group of royal people
rigait	kingship			
cerdrigait	kingcraft		derivation / compound	cerd + rigait, “art-kingship”
rigonait	royalism			
donrigon	royalist			
rigonaun	royalist			
-aun	agentative suffix for abstract concept	affix		based on noun, not verb
gwotrig	royalty		derivation / compound	copyright payment; gwot + rig, “right-king”, payment < historically the “right” of kings over resources, especially minerals
gwaniat	killer			
gwanan	kill	noun		noun
gwani	to kill	verb		
gwar	watercourse			
gwari	to separate	verb		
gwariat	separator			
gwaran	separation			
gwarin	faction			
gwarinac	factional			
gwaranait	seperatism			
gwaranaun	seperatist			
gwardi	to laugh	verb		loanword < OW. guardaf
gwardiat	laugher			
gwardan	laughter			
gwos	wasp			DLG 2003, p. 307
gwasrig	vassal			< uasso-rix, “servant-king”, DLG 2003, p. 307
gwasrigait	vassalship			
gwas	servant			
gwasan	service			
gwasa	to serve	verb		
gwasaiat	server			
gwasait	servitude			
gwasac	servile			
gwasacas	servility			
gwat	soothsayer			
gwatis	female soothsayer			
gwati	to predict	verb		
gwatu	prediction			
gwatiat	predictor			
gwation	prophet			< uatiounos, DLG 2003, p. 308
gwationan	prophecy			
gwationi	to prophesise	verb		
gwationiat	prophesiser			
gwatol	future			
gwatin	cause			< uatinius, DLG 2003, p. 308, cf. Ir. fáth < *uatu-, “inspired utterance” > “cause”
gwatini	to cause	verb		
gwatinan	causation			
gwatinac	causative			
gwatinacas	causitivity			
man	to march	verb		< cammano, mantalon “road”, DLG 2003, p. 216
maniat	marcher			
manan	march			vigorous and energetic walk
mon	neck			< maniac- < *monic-, “neck-torque”, Galatian Celtic vocalism */o/ influenced by Iranian /a/ in Anatolia, DLG 2003, p. 215; cf. Matasovic 2008, pp. 276-77
moni	to neck	verb		to kiss in the neck
moniat	necker			
monan	necking	noun		noun
monic	collar			< maniac-, DLG 2003, p. 215; Galatian Celtic vocalism */o/ influenced by Iranian /a/ in Anatolia; cf. OW. minci, OIr. muince, id.; MW. mwn, OBr. mun, WIr. muin “neck”, Matasovic 2008, p. 276
manu	fine			good, positive
manunas	finesse		derivation / compound	manu + -nas, n-enlargement, cf. Anaone, DLG 2003, p. 45
sumanu	positive			
sumanunas	positivity		derivation / compound	sumanu + -nas, n-enlargement, cf. Anaone, DLG 2003, p. 45
dumanu	negative			
dumanunas	negativity		derivation / compound	dumanu + -nas, n-enlargement, cf. Anaone, DLG 2003, p. 45
cleman	to motivate	verb	derivation / compound	cle + man, “push-move”, cf. L. movere < PIE *meue- “move, push away”
clemanan	motivation			
clemanu	motive			
clemaniat	motivator			
gwead	spindle			
gweadi	to spin	verb		
gweadiat	spinner			
gweadan	spinning	noun		noun
gwedi	to pray	verb		
gwediat	prayer			person
gwedan	prayer			words
gwei	to wish	verb		
gweiat	wisher			
gweitol	wish	noun		noun
gweinan	weave	noun		noun
gweinu	textile			
gweini	to weave	verb		
gweiniat	weaver			
gweit	raid			
gweiti	to raid	verb		
gweitiat	raider			
gweitan	raiding	noun		noun
gweitoi	to nag	verb		
gweitoiat	nagger			
gweitoitol	nagging	noun		noun
cunisa	to bitch	verb		< cunis “female dog”
cunisan	bitching	noun		noun
cunisaiat	bitcher			
gwel	to want	verb		
gwelan	hedge mustard			medicinal herb
gwelaun	commander			
gwelaunu	command	noun		noun
gwelauni	to command	verb		
gwelauniat	commandant			
gwelen	modest			< Uelenius “Modeste” DLG 2003, p. 311
gwelenas	modesty			
gwelet	see-er			
gwelet	clairvoyant			
gweletan	perception			
gweleti	to perceive	verb		
gweletiat	perceiver			
gweliun	honest			< Uelignio, DLG 2003, p. 311; diphthongisation of vowel under disappearance of /g/; cf. gwaun < ouaunia < uagna, id., DLG 2003, pp. 305-306
gweliunas	honesty			
gweliat	wanter			
gwelu	will	noun		noun
belisgwelu	willpower		derivation / compound	belis + gwelu, “power-will”
gwen	family			
gwenisam	clan			< Uenisamus, “most-family”, DLG 2003, p. 313
gwenin	familial		derivation / compound	gwen + -in, adjectival suffix for animated entities, cf. Ueninia, DLG 2003, p. 313; cf. bledin, bowin
gwenac	familiar			
gwenacas	familiarity			
gwenal	swallow			
gwenan	relation			
gweni	to relate	verb		
gweniat	relater			
gwenic	relative			< Uenicos, DLG 2003, p. 313
gwenic	family member			
gwenet	merchant			
gwenet	trader			
gwenetac	commercial			
gwenetacas	commerciality			
gwenetacait	commercialism			
gwenetacan	commercialisation			
gwenetaci	to commercialise	verb		
gwenetaciat	commercialiser			
gwenetan	commerce			
gwenetu	trade			
gweneti	to trade	verb		
gwep	word			
gwepac	wordy			
gwepan	pronunciation			
gwepi	to pronounce	verb		
gwepiat	pronouncer			
gweploi	vocabulary			
gwepor	clock			
gweprig	eloquent			
gweprigas	eloquence			
gwer	on			
gwer	over			
gwercinac	rather		derivation / compound	gwer + cinac, “more-early”, cf. Br. kentoc’h “early-more”, i.e. Fr. plutôt, id.
gwerdati	to impose	verb	derivation / compound	gwer + da, “put-on”
gwerdatan	imposition			
gwerdatiat	imposer			
gweran	passing			
gwerc	hemp			
gwercar	garden			
gwercaran	gardening			
gwercari	to garden	verb		
gwercariat	gardener			
gwercovret	minister			
gwercovretac	ministerial			
gwercovretait	ministry			
gwergwin	rope		derivation / compound	gwerc + gwin, “hemp-white”, -cg- > -g-
gwergwini	to rope	verb		
gwergwiniat	roper			
gwergwinan	roping			
gwerdun	fortress			
duncrid	citadel		derivation / compound	dun + crid, “fort-heart”
dundru	stronghold		derivation / compound	dun + dru, “fort-strong”
gwored	courier horse			DLG 2003, p. 315
gworedi	to courier	verb		to travel fast
gworediat	courier			
gworedan	courier service			
gwergar	to support	verb		
gwergarac	supportive			
gwergariat	supporter			
gwergaru	support			
gwerge	to craft	verb		
gwergen	craft			
gwerget	crafter			
gweri	to pass	verb		
gweriat	passer			
gwerlerg	after		derivation / compound	gwer + lerg, “on-track/trace”
lerg	trace			
lergol	track		derivation / compound	lerg + -ol, secondary substantivising suffix
lergu	direction			cf. W. llyry < lergo-
gweren	alder tree			
gwerenon	wetland			
gweronad	those above			
gwernet	mistletoe			
gwerpritu	expensive			
gwersedi	to occupy	verb		
gwersediat	occupier			
gwersedan	occupation			
gwertam	excellence			
gwertamic	excellent			
gwertan	turn	noun		noun
gwerti	to turn	verb		
gwertiat	turner			
gwertreg	greyhound			fast dog
gweru	broad			
gwerunas	breadth		derivation / compound	gweru + -nas, n-enlargement, cf. Anaone, DLG 2003, p. 45
gwerban	ready		derivation / compound	gwer + ban, “on-point”, on the point of, sur le point de
gwerbanas	readiness			
entaraman	meanwhile		derivation / compound	entar + aman, “between-time”, in the mean time, cf. Fr. entretemps, id.
iacavo	to salvage	verb		
iacavan	salvation		derivation / compound	iac + avan, “healthy-making”, cf. W. iachawdwriaeth, Ir. slánú, from iac-, slan- “healthy, well”
iacaviat	salvager			
gwerbron	buxom			big breasted
gwerbron	busty			big breasted
gwerbur	arrogant (gwer + bur, “over-proud”		derivation / compound	
gwerburas	arrogance			
gwes	dignified			
gwesas	dignity			
gwescar	worthy			
gwescaras	worth			
gwesu	valuable			
gwesunas	value		derivation / compound	gwesu + -nas, n-enlargement, cf. Anaone, DLG 2003, p. 45
gwetan	lead			
gweti	to lead	verb		
gwetiat	leader			
gwetait	leadership			
gwevru	amber			
gwia	force			
dugwia	violence			
gwiac	forceful			
dugwiac	violent			
gwic	winner			
gwici	to win	verb		
gwican	win	noun		noun
gwidi	to understand	verb		
gwidiat	understander			
gwidan	understanding	noun		noun
cangwidan	comprehension			
cangwidi	to comprehend	verb	derivation / compound	can + gwidi, “with-understand”
cangwidiat	comprehender			
cangwidac	comprehensive			
cangwidite	comprehensible			
gwidla	witch			
gwidla	sorceress			
gwidlu	magician			
gwidlu	sorcerer			
gwidu	wood			
gwidunac	wooden			
gwiduten	firewood		derivation / compound	gwidu + ten, “wood-fire”
gwiduv	axe			
gwiduval	sickle			
gwiduvi	to axe	verb		
gwiduviat	axer			
gwimp	pretty			
gwimpas	prettiness			
gwin	white			
gwini	to whiten	verb		
gwiniat	whitener			
gwinan	whitening	noun		noun
gwiunan	drive			
gwinas	whiteness			
gwines	common bleak			fish
gwiuni	to drive	verb		
gwiuniat	driver			
gwinsetol	the good life		derivation / compound	gwin + setol, “white-life”, < Uindosetlo-, DLG 2003, p. 272
gwiun	wagon			< uinno- < uegno-, –gn- > -nn- > -un-; DLG 2003, p. 321; cf. gwaun < ouaun- < uagn-, DLG 2003, p. 305
gwir	man			
gwiru	#VALUE!		#VALUE!	
gwircel	husband			
gwir gwiun	wagon man			
gwiunaun	wagon driver			
gwirpen	chief			
gwirpen	headman		derivation / compound	gwir + pen, “man-head”
gwirait	manhood			< uiradecdi = Ir. feardacht, DLG 2003, p. 321
-ait	-hood	affix		
benait	womanhood			
swiorait	sisterhood			
aterait	fatherhood			
matirait	motherhood			
gwirid	secure			
gwiridas	security			
gwiriol	bracelet			
gwiriu	freeman			
gwirot	truth			
gwirion	just			
gwirionas	justice			
londu	wild			
londunas	wildness		derivation / compound	londu + -nas, n-enlargement, cf. Anaone, DLG 2003, p. 45
londwi	to make wild	verb		
lonwiat	wilder			wild-maker
lonwian	wilding	noun		noun
atelondwi	to re-wild	verb		
atelondwiat	re-wilder			
atelondwian	re-wilding	noun		noun
gwis	wise			
gwisa	juice			
gwisac	juicy			
gwisu	wisdom			
gwisuc	crow			
gwiswar	clover			
gwit	tendril			willow branch
gwitac	supple			
gwitacas	suppleness			
gwitan	spiral			
gwiti	to spiral	verb		
gwitiat	spiraler			
gwo	under			
gwocal	hollow			
gwocalas	hollowness			
gwocali	to hollow	verb		to hollow out
gwocaliat	hollower			
gwocatan	subject			
gwocati	to subject	verb		
gwocatan	subjection			
gwocatiat	subjector			
gwocelan	avoidance			
cancelan	company			
canceli	to accompany	verb		to keep company
canceliat	accompanier			
gwoceli	to avoid	verb	derivation / compound	gwo + celi, “under-company”, cf. W. gogelyd, id.
gwoceliat	avoider			
gwocet	understorey			
gwocet	scrub			bushes
gwocetac	scrubby			
gwoceti	to scrub	verb		from abrasive feeling of walking through low, rough and thorny understorey/bushes
gwocetiat	scrubber			
gwocetan	scrub	noun		noun
gwoci	to address	verb		
gwocan	address	verb		verbal
gwocon	twenty			
gwocravan	signature			
gwocravi	to sign	verb		
gwocraviat	signer			
gwodam	to endure	verb		
gwodamiat	endurer			
gwodaman	endurance		derivation / compound	gwo + daman, “under-suffering”, cf. Ir. foighne < OIr. fo-daim, id.
candami	to tolerate	verb		
candaman	tolerance			
candamiat	tolerator			
candamac	tolerant			
gwoderc	grave			
gwoderci	to bury	verb		
gwoderciat	undertaker			
gwodercan	burial			
gwodi	to steer	verb		
gwodiat	steerer			
gwodan	steering	noun		noun
gwodur	suburb			
gwodurac	suburban			
gwoi	to transport	verb		
gwogar	to understate	verb		
gwogariat	understater			
gwogaru	understatement			
gwoiat	transporter			
gwogevran	storage			
gwogevri	to store	verb		
gwogevriat	storer			
gwogevric	attic			
gwoitol	transport			
gwols	danger			
gwolsac	dangerous			
gwolc	falcon			small hawk with a tooth on his beak and pointed wings; does high-velocity sharp dives from the air
gwolciat	falconer			
gwolt	hair			
gwoltac	hairy			
gwoltacas	hairiness			
gwoltudai	hairdo		derivation / compound	gwolt + dai, “hair-good”, < Uoltodagae, DLG 2003, p. 327
gwoltu	hirsute			“chevelu”
Galatia Gwoltu	Gallia Comata			“Hairy Gaul”; refering to 1. the long hair of the people of Gaul; 2. the forested aspect of Gaul
gwolsu	trouble			
gwoluit	strain		derivation / compound	gwo + luit, “under-load”
gwoluiti	to strain	verb		
gwoluitiat	strainer			
gwolsumar	troublesome			
gwolung	to support, sustain	verb		
gwolungen	support			
gwolunget	supporter			
sirlung	to sustain	verb	derivation / compound	sir + lung, “long-release”
sirlunet	sustainer			
sirlungen	sustenance			
gwolsuni	to trouble	verb		
gwolsuniat	trouble maker			
gwomen	to hope	verb		
gwomeniat	hoper			
gwomenu	hope			
gwomenunac	hopeful			
gwomenunacas	hopefulness			
gwopritu	cheap			
gwor	to produce	verb		
gworetan	help			
gworeti	to help	verb		
gworetiat	helper			
gworetac	helpful			
gworetacas	helpfulness			
lamgworetiat	assistant			
lamgworetan	assistance			
lamgworeti	to assist (lam + gworeti, “hand-help”	verb	derivation / compound	
gworge	to execute	verb		
gworgen	execution			
gworget	executive			
gworiat	producer			
gworu	product			
gwos	wasp			
gwosac	waspish			
gwoscat	shelter		derivation / compound	gwo + scat, “under-shade”
gwoscati	to shelter	verb		
gwot	right	noun		noun; as in “human rights”
gwoti	to perform	verb		
gwotiat	performer			
gwotan	performance			
gwodron	rebel		derivation / compound	gwot + dron, “right-quarrel, /d/ < */td/ < Uotodrones, DLG 2003, 328
gwodronac	rebellious			
gwodronacas	rebelliousness			
gwodronan	rebellion			
gwodroni	to rebel	verb		
dron	quarrel			
droni	to quarrel	verb		
droniat	quarreler			
gwotac	rightful			
gwover	well			
gwoveri	to well	verb		
gwovernu	underground passage			
gwovrac	underpants			
i	she			
i	it			
iac	well			healthy
iac	hale			healthy
iacan	healing	noun		noun
iacu	remedy			
suiacu	cure			
suiacuni	to cure	verb		
suiaciniat	curer			
iacuni	to remedy	verb		
iacuniat	remedier			
iacas	well-being			health
iaci	to heal	verb		
iaciat	healer			
iagu	ice			
iagwian	icing			
iagwi	to ice	verb		
iagwiat	icer			
ial	clearing			open space
iali	to clear	verb		to make an open space
ialiat	clearer	noun		noun; of open space
ialu	clear			of open space
ialunas	clearness		derivation / compound	open-ness of space; ialu + -nas, n-enlargement, cf. Anaone, DLG 2003, p. 45) 
ianta	to desire	verb		
iantaiat	desirer			
iantu	desire			
iantan	desiring	noun		noun
iantunac	desirable			
iantunacas	desirability			
iantumar	desirous			
ianu	fair			
ianunas	fairness		derivation / compound	ianu + -nas, n-enlargement, cf. Anaone, DLG 2003, p. 45
iar	chicken			
iarduvur	water fowl		derivation / compound	iar + duvur, “water-hen”, cf. W. aderyn dŵr, id.
diatan	loan	noun		noun
diati	to loan	verb	derivation / compound	di + iati, “off-borrow”
diatiat	loaner			
ig	own			one’s own
ie	of-him			his
isi	of-her			hers
isie	of-them			theirs
ii	of-it			
imi	of-mi			mine
iti	of-you			yours
ini	of-us			ours
iswi	of-you pl.			yours, pl.
icu	woodpecker			
iegi	to curse	verb		Mees 2011
iegiat	curser			
iegu	curse			
iegan	cursing	noun		noun
iemu	twin			
iemur	twinned			
iemwi	to twin	verb		
iemwiat	twinner			
iemwian	twinning	noun		noun
iestu	gorgeous			
iestunas	gorgeousness			iestu –nas, n-enlargement, cf. Anaone, DLG 2003, p. 45
iesti	to radiate	verb		
iestiat	radiator			
iestan	radiating	noun		noun
iestin	radiant			
iestinas	radiance			
iliu	ivy			
ili	to cling	verb		
ilian	clinging	noun		noun
iliat	clinger			a vine
imbet	a lot			
imbet	a large quantity			
inte	adverbial marker			
cor	to close	verb		
coriat	closer			
cortu	closed			
corol	closure			
corol	closing	noun		noun
petarwantaliat	intersector			
petarwantali	to intersect	verb		
petarwantal	intersection			
indut	truce			
indut	armistice			
indutwar	honourable			
iowan	youth			general concept of being young
iowanac	youthful			
iowanacas	youthfulness			
iowinc	young			
iowincen	youth			young person
gwirioni	to justify	verb		
gwirioniat	justifier			
gwirionan	justification			
ior	to offer	verb		
ioran	offering			
iorc	roe deer			
ioriat	offerer			
ios	phase			of the moon
iosa	to phase	verb		
iosaiat	phaser			
iosu	stage			of a process, not a physical structure
iosuni	to stage	verb		
iosuniat	stager			
iosunan	staging	noun		noun
iotin	stew			
iotini	to stew	verb		
iotiniat	stewer			
isar	impetuous			
isaras	impetuosity			
isaran	iron			
isaranac	ferrous			iron-like
isaru	squirrel			
isarwi	to squirrel	verb		to put things away and save
isarwiat	saver			
isarwian	saving	noun		noun
ison	this here			
ison	that there			
itu	grain			DLG 2003, p. 435
itutai	to deal	verb		< Itutagus, DLG 2003, p. 435
itutaitol	deal	noun		noun
itutaiat	dealer			
itutaian	dealing	noun		noun
ituweran	distribution			
ituweri	to distribute	verb		< Ituuerus “distributor [of grain]”, DLG 2003, p. 435
ituweriat	distributor			
ituni	to sustain	verb		< Ituna, Itonam “Provider”, DLG 2003, p. 435
itunan	sustenance			
ituniat	sustainer			
sutai	to order	verb		to put in order
sutaiat	orderer			one who puts things in order
sutaitol	order			orderly arrangement
sutaian	ordering	noun		noun
sutaitol albavetac	alphabetical order			< Gr. alpha; Gr. amphi = Gaul. ambi “around” > Gr. alpha > Gaul. alba
iwin	yew tree			< Iuinus, DLG 2003, p. 193, synonym of “evur”
iwon	yew tree grove			< Iuonus, DLG 2003, p. 193
iugu	yoke			
iugwi	to yoke	verb		
iugwiat	yoker			
iugwian	yoking	noun		noun
iut	soup			
iuti	to boil	verb		
iutiat	boiler			
iutu	boil	noun		noun; “to bring to the boil”
iutan	boiling	noun		noun
ivu	drink	noun		noun
ivi	to drink	verb		
iviat	drinker			
ivan	drinking	noun		noun
ivitac	drinkable			
ivitacas	drinkability			
ivil	sparrowhawk			
ladan	deaf			
ladanas	deafness			
lawen	happy			
lawenas	happiness			
lage	to rest	verb		
laget	rester			< prini laget, DLG 2003, 253
lagen	rest			
lega	to deposit	verb		< legasit “will deposit it”, DLG 2003, p. 199
legaiat	depositer			
legat	deposit			
graulega	to silt	verb	derivation / compound	grau + lega, “sand-deposit”
graulegat	silt			
graulegaiat	silter			
bunlegat	sediment		derivation / compound	bun + legat, “bottom-deposit”
bunlegatac	sedimentary			
dulegat	dregs		derivation / compound	du + legat, “bad-deposit
lagon	hellebore			toxic paralysing plant
lagonan	paralysis			
lagoni	to paralyse	verb		
lagoniat	paralyser			
lam	hand			
lamac	manual	adjective		adjective
lamavan	manufacture	noun		noun
lamaviat	manufacturer			
lamavo	to manufacture	verb	derivation / compound	lam + avo, “hand-do/make”
lamcerdi	to labour	verb		manually
lamcerdiat	labourer			
lamcerdan	labour			
lamcle	to manipulate	verb	derivation / compound	lam + cle, “hand-push”
lamcleien	manipulation			
lamcleiet	manipulator			
lamcor	avaricious			
lamcoras	avarice			
lamgweru	generous			
lamgwerunas	generosity			
gwerulam	open-handed			
gwerulamas	open-handedness			
lamdelge	to maintain	verb		
lamdelgen	maintenance			
lamdelget	maintainer			
lami	to handle	verb		
lamiat	handler			
landu	open land			vacant land
landulogan	graveyard			
lanu	plain			extensive flat natural area
lanc	lance			
lanci	to lance	verb		
lanciat	lancer			
sulanci	to pierce	verb		
sulanciat	piercer			
sulancan	piercing			
lan	full			
lanas	fullness			
lani	to fill	verb		
lanan	filling	noun		noun
laniat	filler			
lagu	mediocre			
lagunas	mediocrity		derivation / compound	lagu + -nas, n-enlargement, cf. Anaone, DLG 2003, p. 45
lo	light			not heavy
loias	lightness			not heaviness
lau	sore	noun		noun
launac	sore	adjective		adjective
launacas	soreness			
launi	to ache	verb		to be mildly painful
launiat	acher			
launan	aching	noun		noun
petilau	diagnosis		derivation / compound	peti + lau, “how much-sore”
petilauni	to diagnose	verb		
petilauniat	diagnoser			
lawat	laundry			
lawa	to wash	verb		< laua-, DLG 2003, p. 198
lawaiat	washer			person who washes
lawan	washing	noun		noun
benlawan	washerwoman			
laguratu	unlikely		derivation / compound	lagu + ratu, “mediocre-luck”
laguratunas	unlikeliness		derivation / compound	laguratu + -nas, n-enlargement, cf. Anaone, DLG 2003, p. 45
lautru	bath			
lautri	to bathe	verb		
lautriat	bather			
lautran	bathing	noun		noun
lavar	to speak	verb		
lavariat	speaker			
lavaru	speech			
lavaran	speaking	noun		noun
le	smooth			
leas	smoothness			
lewin	steady			
lewinas	steadiness			
dulewi	to slip	verb		
dulewiat	slipper			
dulewian	slipping	noun		noun
dulewiac	slippery			
lesu	slope			
lesuni	to slope	verb		
lesuniat	sloper			
lesunan	sloping	noun		noun
lesowi	to incline	verb		
lesowiat	incliner			
lesowian	inclination			
dulesu	lame			
dulesunas	lameness		derivation / compound	dulesu + -nas, n-enlargement, cf. Anaone, DLG 2003, p. 45
lesa	to slant	verb		
lesaiat	slanter			
lesan	slanting	noun		noun
sulesa	lean			to lean against something
sulesaiat	leaner			one who leans against things
sulesan	leaning	noun		noun
ledgu	weak			< ledgam; cf. Gr. ledein, id.
ledga	to weaken	verb		
ledgaiat	weakener			
ledgan	weakening			
ledgas	weakness			
lem	elm tree			
lemon	elm tree grove			cf. avalon, iwon
lewian	slide			
lewi	to slide	verb		
lewiat	slider			
lerg	trace			
lerge	to trace	verb		
lerget	tracer			
lergen	tracing	noun		noun
lergol	track			
lergoli	to track	verb		
lergoliat	trackler			
lergolan	tracking	noun		noun
lergu	direction			
lergunac	directional			
lergwi	to direct	verb		
lergwiat	director			
lergwian	directing	noun		noun
let	grey			
letas	greyness			
liga	to lie	verb		down; < liga, DLG 2003, p. 202
ligaiat	lie-er			one who lies down
ligat	lie-down	noun		noun
liaut	shape			
liauti	to shape	verb		
liautiat	shaper			
lic	flat rock			
sulic	slab			
lisin	sorcery			
lisa	to bewitch	verb		to bind with magic
lisaiat	bewitcher			binder with magic
benlisaiat	witch		derivation / compound	ben + lisaiat, “woman-binder-with-magic”
gwirlisaiat	sorcerer		derivation / compound	gwir + lisaiat, “man-binder-with-magic”
lisan	bewitching			binding with magic
lisat	bewitched			bound with magic
lisingalu	witchcraft			< Lissinia Galla, DLG 2003, p. 202
lim	limp			
liman	paralysis			
limas	limpness			
limi	to paralyse	verb		
limiat	paralyser			
limu	wolf’s bane			poisonous plant inducing paralysis
lindu	beverage			liquid
lindin	pool			small lake
lindini	to pool	verb		
lindiniat	pooler			
lindinan	pooling	noun		noun
lindin snantu	swimming pool			
lin	cloth			
linlam	towel		derivation / compound	lin + lam, “cloth-hand”
lintegu	blanket		derivation / compound	lin + tegu, “cloth-cover”
linbrun	shirt		derivation / compound	lin + brun, “cloth-chest”
linsir	coat		derivation / compound	lin + sir, “cloth-long”
linisaran	armour		derivation / compound	lin + isaran, “cloth-iron”
lini	to dress	verb		
liniat	dresser			
linan	clothing			
linloi	clothes		derivation / compound	in + loi, “cloth-group”, collective suffix
dilini	to undress	verb		
diliniat	undresser			
dilinan	undressing			
ling	to jump	verb		
lingen	jump			n
linget	jumper			
liuni	to denounce	verb		Mees 2011
liuniat	denouncer			
liunan	denouncement			
sala	salt			< salaedunae “salt-fort-”, DLG 2003, p. 155; salauerus, p. 439
salac	salty			
salacas	saltiness			
salani	to salt	verb		
salaniat	salter			
salanan	salting	noun		noun
sal	dirty			< Pr. C. sala-, cf. Ir. sal, id., Matasovic 2008, p. 319
salu	dirt			
sali	to dirty	verb		cf. Fr. salir, id.
saliat	dirty-er			one who makes dirty
salan	dirtying	noun		noun
salas	dirtiness			
dusali	to soil	verb		make dirty with shit and piss
dusalan	soiling	noun		noun
dusaliat	soiler			one who soils
dusalu	soil			piss and shit
duvursala	brine		derivation / compound	duvur + sala, “water-salt”, cf. W. dŵr hallt, id.
duvursalani	to brine	verb		
duvursalaniat	briner			
lis	court			
lisrig	royal court			
lisbarnu	court of law			
lisac	courtly			
lisacas	courtliness			
lisu	courtesy			
lisc	tired			
liscas	tiredness			
liscas	fatigue			
lisci	to tire	verb		
lisciat	tire-er			energy-drainer
liscan	energy drain			
dulisci	to exhaust	verb		to tire extremely
duliscan	exhaustion			
dulisciat	exhauster			
litu	feast			
litunac	festive			
amlitu	festival		derivation / compound	am + lit, “around-feast”
litan	wide			
litanas	width			
gwerlitan	vast			
gwerlitanas	vastness			
litau	earth			the earth
litaunac	earthy			of the earth
litaunacas	earthiness			
litwi	to feast	verb		
litwiat	feaster			
litunacas	festiveness			
litunait	festivity			
sulitwi	to celebrate	verb		
sulitwiat	celebrater			
sulitwian	celebration			
litol	bed		derivation / compound	li + -tol, “lying-thing”, by analogy with sedol < sedlo “seat/sitting-thing” < sed- + -(t)ol
litoli	to bed	verb		
litoliat	bedder			
litolan	bedding	noun		noun
liu	colour			
liumar	colourful			
liuni	to colour	verb		
liuniat	colourer			
liunan	colouring			
livir liunan	colouring book			
suliu	splendour			
suliunac	splendid			
livir	book			cf. W. llyfr < L. libro-
livirgwep	dictionary			
livirlam	handbook			cf. W. llawlyfr, id.
livirlam	manual	noun		noun
loc	lake			
local	pond			small body of water
logu	league			unit of distance, approximately 2.2 km
locet	lightning			
locu	light			illumination
locutu	sacred grove			
locuni	to illuminate	verb		
locunan	illumination			
locuniat	illuminator			
locan	moon		derivation / compound	loc- + -an, “light-ing”, leucanus, DLG 2003, p. 200 < leuco-, cf. W. lleuad, id.; L. luna, id. < *lewk-
lodi	to mix up	verb		
lodiat	mixer-up			
lodin	mixed-up	adjective		adjective
lodu	mix-up	noun		noun
dulodi	to tangle	verb		
dulodiat	tangler			
dulodan	tangling			
loweran	fox			
lowernis	vixen			
loweranac	foxy			
loi	to establish	verb		
loiat	establisher			
loitol	establishment			
logan	tomb			
logani	to entomb	verb		
loganiat	entomber			
loganu	entombment			
lonci	to swallow	verb		
lonciat	swallower			
loncan	swallowing	noun		noun
long	ship			
longu	vessel			
longu blatu	vase			“vessel flower”
longan	shipping	noun		noun
longi	to ship	verb		
longiat	shipper			
lost	tail			
losti	to tail	verb		to pursue
lostiat	pursuer			
lostan	pursuit			
losc	tilt			sideways lean
loscu	askew			
loscan	tilting	noun		noun
loscunas	askewness		derivation / compound	loscu + -nas, n-enlargement, cf. Anaone, DLG 2003, p. 45
losci	to tilt	verb		
losciat	tilter			
lopi	to pronounce	verb		
lopan	pronunciation			
lopiat	pronouncer			
lotan	hurry	noun		noun
lotan	haste			
loti	to hurry	verb		
lotiat	hurrier			
lucot	mouse			
lucotis	female mouse			
lucotac	mousy			
lucotacas	mousiness			
luc	light-grey			
lucas	light-greyness			
luit	load			
luiti	to load	verb		
luitiat	loader			
luitan	loading	noun		noun
luge	to commit	verb		
luget	committer			
lugen	commitment			
luitod	responsible			
luitodas	responsibility			
luiter	wrangle	noun		noun; engagement in test of strength, verbally or physically
luiteri	to wrangle	verb		
luiteriat	wrangler			
braiac	important		derivation / compound	brai + -ac, “heavy-like”, cf. W. pwysig “weighty”, id.
braiacas	importance			
Lugu	a Gaulish god			
lung	to release	verb		
lungen	release			
lunget	releaser			
lus	charge			
lusa	to charge	verb		
lusaiat	charger			
lusan	charging	noun		noun
luvan	adoration			
luvi	to adore	verb		
luviat	adorer			
macarnan	catering	noun		noun
macarni	to cater	verb		to provide food
macarniat	caterer			
madan	pardon			
madi	to pardon	verb		< madera, DLG 2003, p. 213; cf. W. maddau “pardon, forgive
madiat	pardoner			
mai	place			large physical area
mai	field			
maicatu	battlefield			
mai nep	somewhere			‘place-anu”
nemai	nowhere			“no-place”
pemai	where			“what-place”
magal	prince			
magalac	princely			
broimagal	principality		derivation / compound	broi + magal, “country-prince”
magu	squire			personal assistant to fighting person
magunait	squireship		derivation / compound	magu + n + -ait
magwi	to be a squire	verb		
magwian	squiring	noun		noun
mal	slow			
malas	slowness			
mantu	jaw			
arwantu	chin (ar + mantu, “before-jaw”, cf. araus “before-ear” > temple, DLG 2003, p. 51		derivation / compound	
manta	to jabber	verb		“to jaw”
mantaiat	jabberer			
mantan	jabbering	noun		noun
dumanta	to prattle	verb		to talk rubbish
dumantaiat	prattler			one who talks rubbish
dumantan	prattling	noun		noun; rubbish talk
mandu	pony			
map	son			
mapac	filial			
mapat	boy			
mapatac	boyish			
mapatacas	boyishness			
mar	big			
maran	growth			
mari	to grow	verb		
mariat	grower			
maras	bigness			
olas	size		derivation / compound	ol + as, “all-ness”
olasa	to size	verb		
olasaiat	sizer			
olasan	sizing			
marc	horse			
marcatu	battle horse		derivation / compound	marc + catu, “horse-battle”, assimilation of *-cc- > -c-
marcan	horse ride	noun		noun
marci	to horse-ride	verb		
marciat	horserider			
marcloi	cavalry			
marcis	mounted warrior			
marcis	horseman			
marcis	knight			“chevalier”, person fighting on horseback
marcisa	to knight	verb		to bestow knighthood
marcisaiat	knighter			
marcisan	knighting			ceremony of bestowing knighthood
marcisait	knighthood			
margu	clay			
margunac	clay-like			
martal	ferret			
martalan	ferreting	noun		noun, hunting with ferrets
martali	to ferret	verb		to hunt with ferrets
martaliat	ferreter			hunter with ferrets
maru	dead			
marus	death			
matwar	plausible		derivation / compound	mat + mar, “favour-large”, < Br.
matwaras	plausability			
marwi	to die	verb		
marwian	dying	noun		noun
marwiat	dying person			
mat	nice			
mat	favourable			
matas	niceness			
matas	favour			
mati	to favour	verb		
matiat	favourer			
matan	favouring			
matiac	favourite			
matiacait	favouritism			
mata	attractive girl			“favoured” > attractive
matac	attractive			of a girl
matac	favoured			attractive in a sexual way, for women
matic	shrine			
matici	to enshrine	verb		
maticiat	enshriner			
matican	enshrining	noun		noun
matir	mother			
matir atwian	foster mother			
matirac	maternel			
matiran	mothering			
matiri	to mother	verb		
matiriat	motherer			
matiras	maternity			
matirait	motherhood			
matrep	aunt (< PrC. *matrikwa-, “additional mother”, cf. W. modryb, C. modrep, Br. moereb, OBr. motrep, id.			
atrep	uncle			< Pr. *atrekwa-, “additional father”, by analogy with “matrep”
matu	bear			
matunac	bear-like			
matunin	ursine			
medi	middle			
medini	to middle	verb		
mediniat	middler			
medinan	middling	noun		noun
mediac	central			
mediaci	to centralise	verb		
mediaciat	centraliser			
mediacan	centralisation			
dimediaci	to decentralise	verb		
dimediaciat	decentraliser			
dimediacan	decentralisation			
sindiu	today			attested at Coligny, cf. W. heddyw, Br. hiziu, OIr. indiu, id.; DLG 2003, p. 274-75
sinoit	tonight			cf. W. henoid, id.
medilan	bullseye		derivation / compound	medi + lan, “middle-full”
medilan	focus point			middle of an area
medu	mead			
mei	small			
meias	smallness			
meiu	a bit			
mel	honey			
melat	larch			tree
melin	yellow			
melinas	yellowness			
melis	soft			
melisas	softness			
men	to think	verb		
menaidu	enthusiasm		derivation / compound	men + aid, “think-heat”
menaidunac	enthusiastic			
menaidwi	to enthuse	verb		
menaidwiat	enthusiast			
menaidwian	enthusing	noun		noun
mengavan	lesson			
mengavi	to learn	verb	derivation / compound	men + gavi, “think-take”
mengaviat	learner			
meniat	thinker			
menrodi	to teach	verb		
menrodiat	teacher			
menrodan	teaching	noun		noun
mentai	to feel	verb	derivation / compound	men + tai, “think-touch”
mentaiat	feeler			
mentaitol	feeling			
manta	to chew	verb		
mantan	mastication			
mantaiat	chewer			
menu	thought			
menbetan	memory			
menbeti	to remember	verb	derivation / compound	< “mentobeto to diuo”, DLG 2003, p. 181; etymology: men + beti, “think-seize”, cf. Gaul. betidolen “burdock”, plant with burrs that attach to hair > beti “to seize”
menbetiat	rememberer			
mer	crazy			
meras	craziness			
mes	measurement			
mesaman	deterioration			
mesami	to deteriorate	verb		< mesam “worst”
mesamiat	deteriorator			
mesc	drunk			
mescan	intoxication			
mescas	drunkenness			
mesci	to intoxicate	verb		
mesciat	intoxicator			
mescu	whey			
mesa	to measure	verb		
mesaiat	measurer			
mesratu	likely		derivation / compound	mes + ratu, “measurement-luck”, DLG 2003, p. 255
mesratunas	likeliness		derivation / compound	mesratu + -nas, n-enlargement, cf. Anaone, DLG 2003, p. 45
mesam	worst			
meditamicas	mediocrity			
meditam	average	noun		noun
meditamic	mediocre			
meditamic	average	adjective		adjective
met	harvest			
metel	harvester			
meti	to harvest	verb		
metan	harvesting	noun		noun
mili	to destroy	verb		
milet	destroyer			
milen	destruction			
milenac	destructive			
milenacas	destructiveness			
mil	animal			
milal	small animal			
min	gentle			
minas	gentleness			
sumin	kind			
suminas	kindness			
minratu	serendipitious		derivation / compound	min + ratu, “kind-luck”
minratunas	serendipity		derivation / compound	minratu + -nas, n-enlargement, cf. Anaone, DLG 2003, p. 45
mis	month			
misac	monthly			
mna	women			
mo	my			
moc	pig			
mocu	lard			pig fat
moi	great			
moias	greatness			
moget	power			
mogetwar	powerful		derivation / compound	moget + mar, “power-big”, DLG 2003, p. 213
molat	praise			
mola	to praise	verb		
molaiat	praiser			
molt	ram			
moltin	pertaining to sheep	adjective		E. ovine
moltac	sheepish			
mor anlan	low tide			“sea un-full”
mor lan	high tide			“sea full”
mor	sea			
morcun	dolphin			
morcawar	whale			
morbled	shark			
mortasc	seal			animal
moric	sailor			
morin	marine			
morinac	maritime			
morin	pertaining to the sea	adjective		-in, adjectival suffix for animated entities
morteg	seafarer			
mortegi	to seafare	verb		
mortegan	seafaring	noun		noun
mortegi	to go out to sea	verb		
moruri	to navigate	verb	derivation / compound	mor + uri, “sea-find”
moruriat	navigator			
moruran	navigation			
tiruri	to explore	verb	derivation / compound	tir + uri, “land-find”
tiruriat	explorer			
tiruran	exploration			
mot	penis			
motan	fuck	noun		noun
moti	to fuck	verb		
motiat	fucker			
motunac	cocky			
motunacas	cockiness			
conertwot	virile			co-nert-mot, “with-strong-cock”, DLG 2003, p. 230
conertwotas	virility			
casimot	stud			bronze cock
tarcondimot	penetrating dickhead			tar-condi-mot, “through-head-dick”, DLG 2003, p. 230
daimot	sexy			dai-mot, “good-to-fuck”, DLG 2003, p. 230
daimotas	sexiness			
na	nine			
nama	to dislike	verb		
namaiat	disliker			
naman	enemy			
namanait	hostility			
namat	dislike	noun		noun
namet	nineth			
nantu	valley			
nat	fate			
nat	lot			fate
pelnat	destiny			
pelnati	to destine	verb		
pelnatiat	destiner			
pelnatan	destination			
nati	to chant	verb		
natiat	chanter			
natan	chant			
marunati	funeral chanting	verb	derivation / compound	maru + nati, “dead-chant”; verb in second position
marunati	to keen	verb		
marunatan	keening			
marunatiat	keener			
natu	poem			
natuloi	poetry			
natwi	to compose poetry	verb		
natwiat	poet			
natwian	composition of poetry			
naus	boat			
nausa	to boat	verb		
nausan	boating			
nausaiat	boater			
gwirnaus	boatman		derivation / compound	gwir + naus, “man-boat”
ne	not			
nea	to trust	verb		
neantu	trust			
neiat	truster			
nem	sky			
nem	heaven			christian concept
nemac	pertaining to sky	verb		
nemac	heavenly			
nemet	temple			
nemetu	sacred place			
nemnu	supernatural entity			“divine”, Mees 2011
nemnac	supernatural	adjective		adjective
nemu	cloud			
nemunac	cloudy			
nin	nanny			
nen	wet nurse			
nenan	wet nursing			
neni	to wet nurse	verb		
nini	to nanny	verb		
ninan	nannying			
nep	any			
nep	some			
don nep	someone			
don nep	anyone			
pet nep	something			
pet nep	anything			
nerci	to rest	verb		
nerciat	rester			
nercan	rest	noun		noun
nert	strength			
nertac	strong			
nerti	to strengthen	verb		
nertiat	strengthener			
nertwar	mighty			
nertwaras	might			
nes	near			
nes	close by			
nesam	nearest			
nesam	closest			
nesa	to approach	verb		
nesa	to get closer	verb		
nesaiat	approacher			
nesu	approach	noun		noun
net	healing power			
nepet	nothing		derivation / compound	ne + pet, “no-thing”
nevitu	never		derivation / compound	ne + bitu, “no-world”
ni	we			
ni	us			
nit	local	adjective		adjective
nitan	location			
nitas	localness			
niti	to locate	verb		
nitiat	locator			
nitem	claim			Mees 2011
nitemi	to claim	verb		
nitemiat	claimant			
nitis	to enchant	verb		
nitisiat	enchanter			
nitisan	enchantment			
conoit	twilight		derivation / compound	of evening; co + noi, “with-night”, cf. W. cyfnos, id.
codiu	twilight		derivation / compound	of morning; co + diu, “with-day”, cf. W. cyfddydd, id.
cimnoit	nightfall		derivation / compound	cim + noit, “fall-night”
nowi	new			
nowias	newness			
noit	night			
noiv	holy			
noiv	sacred			
noivas	holiness			
noivas	sacredness			
noivu	saint	noun		noun
noivunas	saintliness		derivation / compound	noivu + -nas, n-enlargement, cf. Anaone, DLG 2003, p. 45
peta	to ask	verb		Mees 2011
petaiat	asker			
petan	question			
pet	thing			
pe	what			
peti	how much			< *pe-eti- “what-more”, cf. petidsiont, DLG 2003, p. 249
nu	now			
re nu	just now			
oc	complete			
osu	ox			
ocan	completion			
ocel	promontory			
oci	to complete	verb		
ociat	completer			
ociu	completest			
ocelac	prominent			
ocelacas	prominence			
oclu	booze	noun		noun
ocla	to booze	verb		cf. Ir. ól, “to drink”
oclaiat	boozer			
oclan	boozing	noun		noun
odac	smelly			
odi	to smell	verb		
odiat	smeller			
odan	smell			
odoc	elder tree			
ogron	cold	noun		noun
Ogron	month 5 of the Gaulish calendar			corresponding to September
ogru	cold	adjective		adjective
ogu	trajectory			< ogmo- “road”, DLG 2003, p. 239
owi	sheep			
oidec	eighteen			
owiac	sheepish			
owin	pertaining to sheep	adjective		cf. bowin, bledin; cf. E. ovine, id.
owigar	to shepherd	verb	derivation / compound	owi + gar, “sheep-call”
owigariat	shepherd			
owigaru	shepherding			
oipan	shag			
oipi	to shag	verb		to have sex
oipiat	shagger			
oit	eight			
oitu	oath			
oitan	eight-some			group of eight
oitwi	to swear	verb		
oitwiat	oath taker			
oitwet	eighth			
oitwian	oath-taking	noun		noun
ol	all			
olu	whole			
olumar	entire			
olumaras	entirety			
olunas	wholeness		derivation / compound	olu + -nas, n-enlargement, cf. Anaone, DLG 2003, p. 45
olc	paddock			
olcid	fallow			
oldai	perfect			
oldaini	to perfect	verb		
oldainiat	perfecter			
oldainan	perfection	noun		noun
oldainanait	perfectionism			
oldainanaun	perfectionist		derivation / compound	oldainan + -aun, “perfection-agentive suffix”, cf. gwelaun, alaun
oled	space			
oledi	to space	verb		
olediat	spacer			
olgni	know-it-all	noun		noun and adjective
olin	elbow			
olsam	ultimate			Chartres 2012
olsamas	ultimateness			
oltot	everyone			
olbiwit	for ever		derivation / compound	ol + biwit, “all-life”
olbitu	universe		derivation / compound	ol + bitu, “all-world”
olbitunac	universal			
olbitunacas	universality			
om	raw			
omac	rough			
dwomac	harsh			
omacas	roughness			
dwomacas	harshness			
omas	rawness			
omul	cruel			
omulas	cruelty			
on	one			
onac	alone			
onacas	aloneness			
dwonac	lonely			
dwonacas	loneliness			
escanal	only		derivation / compound	escan + al, “without-other”
onid	solitary		derivation / compound	on + -id, “one-like”
onidas	solitude			
onran	single		derivation / compound	on + ran, “one-part”
onranacas	singularity			
onranac	singular			
onan	solo	noun		noun
onanac	solo	adjective		adjective
oni	to solo	verb		
oniat	soloist			
onon	ash tree			
onuvia	to quench	verb	derivation / compound	onu + bia, “thirst-cut”, attested “onobiia”, DLG 2003. p. 242
onuviat	quencher			
onuvian	quenching	noun		noun
onu	thirst			
op	eye			
opol	maple tree			
orc	piglet			
ord	hammer			
or	hour			loanword, < L./Gr. hora
ordai	early		derivation / compound	or + dai, “hour-good”, cf. Fr. de bonne heure, id.
ordaias	earliness			
ordi	to hammer	verb		
ordiat	hammerer			
orge	to murder	verb		
orgen	murder			
orget	murderer			
oris	donator			< eurises, DLG 2003, p. 169, 189
orisan	donation			
orisa	to donate	verb		
ortu	calf			by extension any baby animal
ortwi	to calve	verb		
ortwiat	calver			
ortwian	calving	noun		noun
orv	heir			
orvan	inheritance			
orvi	to inherit	verb		
diorvi	to disinherit	verb		
tarodi	to bequeath	verb	derivation / compound	tar + rodi, “through/by-give”, -rr- > -r-; cf. W. cymynnu, cymynroddi, id.
tarodan	bequest			
tarodiat	bequeather			
ovon	fear			cf. W. ofn, id.
ovonac	scary			
ovoni	to fear	verb		
ovonaiat	coward			“fearer”
ovrin	fountain			
osbu	knot			
osbunac	knotty			
osbunacas	knottiness			
osbuni	to knot	verb		
osbuniat	knotter			
osbunan	knotting	noun		noun
panta	to hurt	verb	derivation / compound	to feel pain; pantu + i
pantaiat	hurter			
pantan	hurting	noun		noun
pantavan	torture			
pantaviat	torturer			
pantavo	to torture	verb	derivation / compound	pant(u) + avo, “pain-do”
pantu	pain			
pantumar	painful		derivation / compound	pantu + mar, “pain-big”
pap	every			
papet	everything			
dol cac	toilet paper			
dol nowias	newspaper			
par	cauldron			
paral	kettle			
paru	pot			
paru popan	cooking pot			
pec	audacious			
pecas	audacity			
petcacu	rubbish		derivation / compound	pet + cacu, “thing-shit”
pelu	sense			
pelunac	sensible			
pelunacas	sensibility			
peli	to mean	verb		
pelan	meaning			
peliat	meaner			“signifier”
pel	far			
andepel	remote		derivation / compound	ande + pel, “very-far”
andepelas	remoteness			
pelgen	foreigner			“far-born”, < pel-gn- < pelignos, assimilation of atonic vowel schwa inside of cluster –gn- to vowel of previous syllable; cf. gavar, durun, duvur, etc.; reduction of peli- to pel, root form “far”
pelgenac	foreign			
pelgenacas	foreigness			
pen	head			
pengalv	fathead			
penac	main			
penardu	proud			
penardunas	pride			
peri	why		derivation / compound	pe + ri, “what-for”, cf. MW. perac, Br. perag
petis	to save	verb		
petisan	savings	noun		noun
petisiat	saver			
petardegwet	fourteenth			< petrudecametos, DLG 2003, p. 250; epenthetic /a/, cf. etan < etno, DLG 2003, p. 434
-degwet	ending of ordinals ending in -dec	affix		
petarot	four wheeled cart			< petru-rot < Latinised petorritum, DLG 2003, p. 250; epenthetic /a/, cf. etan < etno, DLG 2003, p. 434
petarot	carriage			with four wheels
petwaru	fourth			
pimdec	fifteen			
pimdul	potentilla reptans			plant
pimp	five			
pimpet	fifth			
pecaman	how		derivation / compound	pe + caman, “what way”
ponc	when			
popan	cookery			
popi	to cook	verb		
popiat	cook			
prenagran	fruit tree			
pren	tree			
prengwen	family tree			
prenal	bush			
prenal	small shrub			
prin	to buy	verb		< prino, Reze, Lambert & Stifter 2012; cf. Ir. crenaid “buys” < *kwren-
prinu	purchase			
priniat	buyer			
prit	poet			
priti	to compose poetry	verb		
pritan	poetry			
pritu	price			
pritwi	to price	verb		
pritwiat	pricer			
pritwian	pricing			
rai	front			
raini	to front	verb		
rainiat	fronter			
rainan	fronting	noun		noun
raimon	throat		derivation / compound	rai + mon, “front-neck”
raitol	facade			
ranu	division			-randa, DLG 2003, p. 164
ranwiat	divider			
ranwi	to divide	verb		
ran	part			
ranbroi	region		derivation / compound	ran + broi, “part-country”
rani	to part	verb		
raniat	parter			
ranan	partition			
ranbroiac	regional			
ratin	fern			< Ratinus, DLG 2003, p. 254; cf. W. rhedyn, OC. reden, Br. raden, id.
ratinac	ferny			
ratinar	fernery			
rat	wall			
rati	to wall	verb		
ratiat	waller			
ratan	walling	noun		noun
ratu	luck			
suratu	good fortune			
suratu	good luck			
suratunac	fortunate			
duratu	misfortune			
duratu	bad luck			
duratunac	unfortunate			
ratul	lucky person			
ratumedi	possible		derivation / compound	< ratu + medi, “middle-luck”, < Ratumediae, DLG 2003, p. 255
ratumedias	possibility			
anratumedi	impossible			
anratumedias	impossibility			
ratumar	probable			
ratumaras	probability			
anratumar	improbable			
anratumaras	improbability			
esratu	extraordinary			
esratunas	extraordinariness			
re	preterising preverbal particle			e.g. re avo “did”
re	very	adverb		intensifying adverb; e.g. re mar “very big”
redi	to ride	verb		
rediat	rider			
redan	ride	noun		noun
regwi	to straighten	verb		
regu	straight			
regunas	straightness			
regwiat	straightener			
regwian	straightening	noun		noun
regut	forearm			
regen	parent			
regenait	parenthood			
reit	law			
reitwar	legitimate			
reitwaras	legitimacy			
rem	principal	noun		noun
remac	principal	adjective		adjective
remacas	principalness			
remait	principalship			
remu	prime			
gwercovret remu	prime minister			
ren	flow			
reni	to flow	verb		
renic	fluvial			
reniat	flow-er			entity that flows
renan	flowing	noun		noun
res	competition			
resa	to compete	verb		
resaiat	competitor			
resan	competing	noun		noun
resetan	compulsion			
reseti	to compel	verb		Mees 2011, p, 102
resetiat	compeller			
retan	run	noun		noun
reti	to run	verb		
retiat	runner			
ri	for			
agwid	although	preposition	derivation / compound	a + gwid-, “towards-understanding”, cf. Br. daoust, id., < da c’houzout “to/for knowing”, Kevin Rottet 2020, ‘4 Complex prepositions in Breton’, in Complex Adpositions in European Languages, eds Fagard et al.
argwait	in spite of		derivation / compound	ar + gwait, “in front of worse”, cf. W. er gwaetha, id.
argwait	despite			
dugwel	to refuse	verb	derivation / compound	du + gwel, “bad-want”
dugwelu	refusal			
dugweliat	refuser			
sugwel	to consent	verb	derivation / compound	su + gwel. “good-want”
sugwelu	consent	noun		noun
sugweliat	consenter			
rincid	needy			
rinci	to need	verb		
rincan	need	noun		noun
rinciat	needer			one who needs
rit	race			
riti	to race	verb		
ritiat	racer			
ritan	racing	noun		noun
Ritona	goddess of fords			goddess of people who cross fords
ritu	ford			
ritwi	to ford	verb		
ritwiat	forder			
ritwian	fording	noun		noun
riu	free			
riur	plenty			
Riur	month 3 of the Gaulish calendar			corresponding to July
riurwar	plentiful			
riurwaras	plentifulness			
ripet	because		derivation / compound	ri + pet, “for-thing”
ro	too			
rocan	together			DLG 2003, p. 104
rocanas	togetherness			
rocanu	gathering			
rocanwi	gather			
rocanwiat	gatherer			
candati	to assemble	verb	derivation / compound	can + da, “with-put”
candatan	assembly			
candatiat	assembler			
rodu	red			
rodar	meadowsweet			plant; Filipendula ulmaria
rodunas	redness			
rodi	to give	verb		
rodiat	giver			
rodan	gift			
roitan	privilege			DLG 2003, p. 263
roitanitu	priviliged			
roitani	to privilege	verb		
roitaniat	privileger			
roswer	to provide	verb		
rosweriat	provider			
rosweru	provision			
Roswerta	Great Provider			Gaulish goddess
rot	wheel			
rotgwead	spinning wheel		derivation / compound	rot + gwead, “wheel-spinning”
rotac	round			
rotacas	roundness			cf. E. rotund, id., < L. rotare < Gaul. rot-
rotaci	to round	verb		to make round
rotaciat	rounder			one who rounds
rotacan	rounding	noun		noun
roti	to wheel	verb		
rotiat	wheeler			
rotan	wheeling	noun		noun
ruc	shame			
ruci	to shame	verb		
ruciat	shamer			
rucan	shaming	noun		noun
duruc	disgrace			
duruci	to disgrace	verb		
duruciat	disgracer			
durucan	disgracing	noun		noun
durucid	disgraceful			
run	secret			
runac	secretive			
runu	mystery			
rununac	mysterious			
runwi	mystify			
runwiat	mystifier			
runwian	mystification			
rusc	bark			
ruscid	rough			
ruscidas	roughness			
ruscat	hive			
sta	to stand	verb		< stalo-, stamulo, DLG 2003, p. 232, 282
staiat	stander			
stat	stance			cf. static < L. statica, Gr. statikos, Gr. statos, id.
statol	stand	noun		noun
stantu	standing	noun		noun
stalu	shed			place where things stand; DLG 2003, p. 232
naustalu	boatshed		derivation / compound	naus + stalu, “boat-shed”
longstalu	shipyard		derivation / compound	long + stalu, “ship-shed/standing place”
gwerstalu	warehouse		derivation / compound	gwer + stalu, “more/big-standing place”
stamul	upright			
stamulas	uprightness			
stam	to get up	verb		DLG 2003, p. 282; cf. W. sefyll, Br. sevel, sav, id.
stam	to rise up	verb		
stamiat	riser			
stamu	rise	noun		noun
stamuswel	sunrise		derivation / compound	stamu + swel, “rise-sun”, cf. Br. sav-heol, id.
usanswel	sunrise		derivation / compound	usan + swel, “going high-sun”
gwerstamswel	solstice		derivation / compound	gwerstam + swel, “super-rising-sun”, cf. Br. goursav-heol, id; gour = gwer, sav = stam, heol = swel
gwerstam	to super-rise	verb	derivation / compound	gwer + stam, “super-rise”, cf. Br. goursav, id.
stantuswel	solstice		derivation / compound	stantu + swel, “standing-sun”
stantuswel sam	summer solstice			
stantuswel giam	winter solstice			
stantuswel medibleden	mid-year solstice			
arstam	to stop	verb	derivation / compound	ar + stam, “before-rise”, cf. Br. arsav, id.
arstamiat	stopper			
arstamu	stop	noun		noun
arstaman	stopping	noun		noun
gwersentu	highway		derivation / compound	gwer + sentu, “super-track”, cf. Br. gourhent, id.
gwer-	super	affix		“extra special/more”, cf. gwertamic < uertamico “super quality”; Gaul. uero-, L. supero- < IE upero-
gwerterg	supermarket		derivation / compound	gwer + terg, “super-market”, cf. Br. gourmarc’had, id.
sacru	evil	adjective		adjective; cf. W. Br. hagr, id.
sacrop	evil eye			
sacras	evil	noun		noun
sacrait	evilness			
sacra	to damn	verb		
sacratu	damned	adjective		adjective
sacraiat	damner			
sacran	damnation			
sagir	tenacious			< Sagirus, DLG 203, 265
sagiras	tenacity			
sagiri	to latch on	verb		
sagiran	latch			
sagiriat	latcher			
ereni	to try	verb		< eren “behind, after, west”; cf. Ir. iarr “to try” < iarr “behind, after, west”, < PrC. *eɸirom
ereniat	trier			
erenan	try	noun		noun
osa	to attempt	verb		os “after, last”; cf. Ir. iarr “to try” < iarr “after”
osaiat	attempter			
osan	attempt	noun		noun
sai	to seek	verb		
sai	to search	verb		
sai	to look for	verb		
saiat	searcher			
saiat	seeker			
saitol	search			
atesai	to research	verb	derivation / compound	ate + sai, “again-search”, cf. E./Fr. research/recherche
atesaiat	researcher			
atesaitol	research	noun		noun
sagon	woolen cloak			
sagon	mantle			
sagon	coat			
andesaitol	sollicitation			
andesai	to sollicit	verb	derivation / compound	ande + sai, “very-search”
andesaiat	sollicitor			
salic	willow			
salican	flexion			
salici	to flex	verb		
saliciat	flexer			
salicu	flexible			
salicin	willowy			
salicunas	flexibility			
salicinas	willowiness			
-in	adjectival suffix for animals and plants	affix		cf. bledin “wolvish”
-ac	adjectival suffix for general concepts	affix		-nac after vowel
-as	substantivising suffix for nouns derived from adjectives	affix		-nas after vowel
sam	summer			
samac	summery			
samal	same			Stifter 2012, pers.com.
samalcin	all the same		derivation / compound	samal + cin “same-before”, cf. Br. evelkent, id.
samalcin	nevertheless			
samalcin	however			
samalas	sameness			
samar	fallow			
samaran	waste	noun		noun
samaras	fallowness			
samari	to waste	verb		
samariat	waster			
samon	summertime			
Samon	month 1 of the Gaulish calendar			corresponds to May
samol	plant that heals eye ailments			unidentified
samu	tranquil			
samunas	tranquility			
saman	meeting			
sami	to meet	verb		
samiat	meeter			
cosami	to convene	verb	derivation / compound	co + sami, “with-meet”
cosamiat	convenor			
cosaman	convention			
cosamanac	conventional			
cosamanacas	conventionality			
sap	resin			
sap	sap			resin from tree
sapac	resinous			
sapu	pine tree			
sapanu	scarlet pimpernel			Lysimachia arvensis, a plant
sapan	soap			
sapanac	soapy			
sapani	to soap	verb		
sapaniat	soaper			
sapanan	soaping	noun		noun
sapwid	pine forest			
sat	enough			
satac	sufficient			
satas	sufficiency			
satan	satisfaction			
satiat	satisfier			
sati	to satisfy	verb		
scat	shadow			W. (c)ysgod, Br. skeud, C. skod, skeus, Ir. scáth, id. < *skatos
scati	to shadow	verb		
scatiat	shadower			
scatan	shadowing	noun		noun
scoci	to activate	verb		W. ysgogi “to activate”, Br. skog “impact”, OIr scuichid “to stir”
scociat	activator			
scocan	activation			
scocas	activeness			
scocu	activity			
scocait	activism			
scocaun	activist			
uscoci	to shake	verb	derivation / compound	us + scoci, “high-activate”
uscociat	shaker			
uscocan	shake	noun		noun
uscocan blegu	milk shake			
amscoci	to stir	verb	derivation / compound	am + scoci, “around-activate”
amscociat	stirrer			
amscocan	stir	noun		noun
delgarpen	university		derivation / compound	delgar + pen, “school-head”
delgarardu	high school		derivation / compound	delgar + ardu, “school-high”
delgaremu	primary school		derivation / compound	delgar + remu, “school-prime”
glau	rain			< OFr. jalon ‘liquid measure’, diminutive of jale 'porringer', < Late L. galla ‘vessel, container’, < late Gaul. *glāvo 'rain', < earlier *glōvo; https://en.wikipedia.org/wiki/List_of_French_words_of_Gaulish_origin 
glauni	to rain	verb		
glaunan	raining	noun		noun
glaunac	rainy			
glauniat	rain-maker			
esglenu	choiceless		derivation / compound	es + glenu, “without-choice”; cf. Ir. aisc “to choose” < OIr. asa-gusi < PrC. *ess-guseti-
en esglenu	in vain			in choiceless-ness
suvlasa	to savour	verb	derivation / compound	su + blasa, “good-taste”
suvlasan	savouring			
suvlasaiat	savourer			
suvlasac	savoury			
tec	beautiful			
teci	to beautify	verb		
tecan	beautification			
teciat	beautician			
tecu	decorum			
tecu	adornment			
scot	scraper			wood work
scot	raider			figurative
scotan	scrape	noun		noun
scotan	raid			figurative
scoti	to scrape	verb		
scoti	to raid	verb		figurative
scris	to spit	verb		
scrisan	spit	noun		noun
scrisiat	spitter			
scuvul	hawk			
scuvulal	kite			type of small hawk with a forked tail
scuvul duv	black hawk			
scuvul ten	firehawk			picks up burning coals and drops them in unburned areas to start a fire to flush out prey animals
scuvulen	glider			
scuvuleni	to glide	verb		
scuvulenan	gliding	noun		noun
se	that			
sedi	to sit	verb		
sediat	sitter			
sediat gnatal	baby sitter			
sedan gnatal	baby sitting			
gnatal	baby			
sedol	seat			< sedlo, DLG 2003, p. 269
ses	couch			sessa, DLG 2003, p. 269
sedan	sitting	noun		noun
segu	victory			
segumar	victorious			
seit	seven			
seitnoit	week			
seitwet	seventh			
selge	to hunt	verb		
selgen	hunt			n
selget	hunter			
selu	property			
selumaras	wealth			
selumar	wealthy			
selwan	herd			
selwani	to herd	verb		
selwaniat	herder			
selwanu	herding	noun		noun
selwi	to own	verb		
selwian	ownership			
selwiat	owner			
selwiat	proprietor			
sen	old			
seni	to accomplish	verb		
seniat	accomplisher			
senan	accomplishment			
senantu	accomplished	adjective		adjective on -tu, “accomplishment-ed”, cf. Nantusuelta “sunned-valley”
senas	oldness			old age
senater	ancestor		derivation / compound	sen + ater, “old-father”
senaterait	ancestry			abstract concept
senaterloi	ancestry			the people
sentan	travel	noun		noun
senti	to travel	verb		
sentiat	traveller			
sentic	companion			
senticu	company			entity, e.g. business
senticloi	company			of people
senticait	companionship			
sentici	to accompany	verb		
sentican	accompaniment			
senticiat	accompanier			
sentu	path			
sepa	to follow	verb		
sepan	disciple			
sepat	following	noun		noun
sepaiat	follower			
ser	sickle			
serbat	scythe		derivation / compound	ser + bat, “sickle-stick”
serbata	to scythe	verb		
serbataiat	scyther			
serbatan	scything	noun		noun
seri	to sever	verb		
seran	severance			
seriat	severer			
serg	ill			
duserg	sick			
dusergas	sickness			
gwerserg	diseased			
gwersergas	disease			
sergas	illness			
serge	to make ill	verb		
serget	ill-maker			
sergen	ill-making	noun		noun
ses	chair			
sesa	to chair	verb		
sesaiat	chairer			
sesan	chairing	noun		noun
gwirses	chairman			
benses	chairwoman			
donses	chairperson			
sei	to sow	verb		< sesit, “will have sown”, DLG 2003, p. 272
seiat	sower			
seiu	seed			
seian	sowing	noun		noun
setol	generation			
setol	life span			
setol	era			
setolcen	long lived			< Setlocenia, “goddess of long life”, DLG 2003, p. 272
setolcenas	longevity			
sil	descendence			
sili	to descend	verb		genetically
siliat	descendant			
silan	posterity			
sim	half			
simi	to halve	verb		
simiat	halver			
siman	halving	noun		noun
simiwison	half-spring			
Simiwison	month 8 of the Gaulish calendar			corresponds to December
gwison	spring			season
sing	falcon			
sindiu	today			
sin	this			
sinu	link			
sinwi	to link	verb		
sinwian	linkage			
sinwiat	linker			
sinumar	chain			< Sinomari, “link-big”, DLG 2003, p. 275
sinumari	to chain	verb		
sinumariat	chainer			
sinat	weather			< Sinato-, DLG 2003, p. 275
sinati	to weather	verb		
sinatan	weathering			
sinatiat	weatherer			
gwirsinat	weatherman			
bensinat	weatherwoman			
donsinat	weatherperson			
sir	long			
stir	star			
sirac	late			
stirac	starry			
siracas	lateness			
stiracas	starriness			
sirait	nostalgy			< *siracta, cf. W. hiraeth, id.; suffix –acta attested in Gaulish, e.g. Bibracte, ambacto-; -act- < *ag-ta “gone, driven, brought, led”, DLG 2003, p. 40, 83; siracta = “far-gone”, “feeling of being far away [from home]
siraitac	nostalgic			
siraiu	longevity			
siras	length			
stirloi	constellation			
slan	healthy			
slanan	healing			
slanas	health			
slani	to heal	verb		
slaniat	healer			
sloi	group			> -loi suffix of collectivity, cf. W. teulu “family, household” < *tegiaslougo
sna	to swim	verb		DLG 2003, p. 115 “Certisnassa”, p. 232 “nantu”; Lambert 2003, p. 200, nant- < *(s)na “to swim”
snaiat	swimmer			
snantu	swimming	noun		noun
snat	swim	noun		noun
snatol	stroke			swimming stroke
sioitan	addition			
sioiti	to add	verb		< sioxti, DLG 2003, p. 275; cf. W. hiogaeth “issue, offspring” > “addition”
sioitiat	adder			one who adds things to other things
soldur	guard			
solduri	to guard	verb		
solduran	guarding	noun		noun
son	sleep			
sonlim	nightmare		derivation / compound	son + lim, “sleep-paralysed”
soncing	trajectory (of the sun			
soni	to sleep	verb		
soniat	sleeper			
sonan	sleeping	noun		noun; Tecas Sonan “Sleeping Beauty”
sonit	chase	noun		noun
soniti	to chase	verb		
sonitiat	chaser			
sonitan	chasing	noun		noun
sor	flaw			
esor	flawless		derivation / compound	es + sor, “without-flaw”, cf. esovon
esoras	flawlessness			
soru	fault			OIr. sorb “fault”, W. hwrwg “hunch, hump, lump [hunchback]”
sorunac	faulty			
mi-esi soru	I have fault	phrase		it’s my fault
sorwi	to fail	verb		
sorwian	failure			
sorwiat	failer			
ausoru	default		derivation / compound	au + soru, “away-from-fault”, cf. L. de-fallere “away-deceive”
ausorwi	to default	verb		
ausorwian	defaulting	noun		noun
ausorwiat	defaulter			
spa	to say	verb		
spaiat	sayer			
spatol	story			
spat	saying	noun		noun
spantu	statement			
sparnu	prickle			
sparnac	prickly			
sparna	to prickle	verb		
sparnaiat	prickler			
sparnan	prickling	noun		noun
su-	good	affix		prefix only
swad	sweet			
swadas	sweetness			
swal	insignificant			
swalas	insignificance			
suc	pig snout			
sucan	grimace			
suci	to grimace	verb		
suciat	clown			grimacer
sucartu	popular		derivation / compound	su + cartu, “well-loved”
sucartunas	popularity			
sucartwi	to popularise	verb		
sucartwian	popularisation			
sucartwiat	populariser			
sucartan	cure			
sucarti	to cure	verb		
sucartiat	curer			
sucel	cautious			
sucelas	caution			
sucelnat	blessing			
sucelnati	to bless	verb		
sucelnatiat	blesser			
sucinac	fresh			
sucinacas	freshness			
suclut	reputation			
suclutu	reputable			
sucnusan	collection			
sucnusa	to collect	verb		
sucnusaiat	collector			
sucris	to ejaculate	verb		
sucrisan	cum			
sucrisiat	ejaculator			
sugwep	compliment			
sugwepi	to compliment	verb		
sugwepiat	complimentor			
sugwisol	intelligent		derivation / compound	su + gwis + ol, “good-wise-all”
sugwisolas	intelligence			
sugwir	noble			of character
sugwiras	nobility			of character
sugwis	clever			
sugwisas	cleverness			
sugwodi	to seduce	verb		
sugwodiat	seducer			
sugwodan	seduction			
sud	soot			
sudac	sooty			
sudacas	sootiness			
suderc	view			
suderci	to view	verb		
suderciat	viewer			
sudercan	vision			
sue	self			
suglanu	pure			
suglanunas	purity			
suglanwi	to purefy	verb		
suglanwian	purification			
suglanwiat	purefier			
sugar	to laugh	verb		
sugarac	laughable			
andederci	to scrutinise	verb	derivation / compound	ande + derci, “very-look”
andedercan	scrutiny			
andederciat	scrutiniser			
sugariat	laugher			
sugaru	laughter			
sulavar	to be polite	verb		well-spoken
sulavarac	polite			
sulavaracas	politeness			
sulewi	to govern	verb		
sulewian	government			
sulewiat	governor			
suli	to notice	verb		
suliat	noticer			
sulan	notice	noun		noun
sul	eyesight			
suit	melting pot			
suit	crucible			
suiti	to melt	verb		
suitiat	melter			
sulam	handy			
sulamas	handiness			
suling	to dance	verb		
sulingen	dance			
sulinget	dancer			
sumen	to esteem	verb		
sumeniat	esteemer			
sumenu	esteem	noun		noun
sumola	to flatter	verb		
sumolaiat	flatterer			
sumolat	flattery			
suprit	handsome			“well-put-together”
suprit	good looking			
supritas	handsomeness			
surege	to court a woman	verb		
suregen	courtship			
sureget	courter			
suspa	to sweet-talk	verb		
suspaiat	sweet-talker			
suspat	sweet-talk			
suspan	sweet-talking	noun		noun
sunat	safe			
sunatas	safety			
suratunac	lucky			
sunart	vitality			
sunartac	vital			
surit	negotiable			
suritan	negotiation			
suriti	negotiate			
suritiat	negotiator			
susinat	fine weather			
sutam	prize			
sutamwar	precious			
sutamwaras	preciousness			
suvadi	to dive	verb		
suvadiat	diver			
suvadan	dive			
swaged	good-looking		derivation / compound	su + aged, “good-face”
swagedas	good looks			
swaitan	blessing	noun		noun
swaiti	to bless	verb		
swaitiat	blesser			
swalas	insignificance			
swanta	to fancy	verb		
swantaiat	fancier			
swantan	fancying			
swantu	fancy			
swantwar	fanciful			
swarbor	to enjoy	verb	derivation / compound	su + arbor, “good-use”
swarboriat	enjoyer			
swarboru	enjoyment			
swaus	sound			
swausa	to sound	verb		
swausaiat	sounder			
swausan	sounding	noun		noun
swautai	tidy		derivation / compound	su + autai, “good-arrange”
swautaias	tidiness			
swes	six			
swesu	sixth			
swer	to take care of	verb		
sweriat	care taker			
sweru	care			
swerwar	careful			
swerti	to look after	verb		
swertan	act of looking after			
swertiat	one who looks after something or someone			
gwertin	unfaithful			“turning-like”, i.e. turning away; cf. Uertos, person who betrayed the Nerwi to Caesar, “Turner”, i.e turncoat; opposite of “eswertin”
gwertinas	unfaithfulness			
swevret	assessment			< suebreto, “self-judgement”, DLG 2003, p. 285
swevretan	assessing	noun		noun
swevretac	assessive			
swevretacas	assessiveness			
swevreti	to assess	verb		
swevretiat	assessor			
swior	sister			
swior atwian	foster sister			
swiorac	sisterly			
swiorait	sisterhood			
swivit	ivy			
swiviti	to snag	verb		to hold on like ivy
swivitiat	snagger			
swivitan	snag			something that obstructs, grabs and hangs on like a vine
swodac	fragrant			
swodi	to scent	verb	derivation / compound	su + odi, “good-smell”
swodiat	scenter			
swodan	scent			
swodan	scent			
andeswodan	fragrance			
andeswodac	fragrant			
swovon	coward		derivation / compound	su + ovon, “good-fear”
swovonas	cowardice			
tai	to touch	verb		
taiat	toucher			
taitol	touch	noun		noun
tal	forehead			
tam	quality			
tamic	qualitative			
tengu	tongue			organ; cf. Ir. teanga 1. language; 2. tongue [organ]
tengu	language			
tengwi	to lick	verb		
tengwian	lick	noun		noun
tengwiat	licker			
tan	oak			green oak
tanc	peace			
tancid	peaceful		derivation / compound	tanc + -id; secondary adjectival suffix –id instead of –ac to avoid homophony *-cac
tar	through			
tarac	insect			Matasovic 2008, p. 370
taracal	flea		derivation / compound	tarac + -al, “insect-small”
entarbroiac	international		derivation / compound	enter + broi + -ac, “between-country-like”, cf. Br. etrebroadel, id.
entarbroiacaun	internationalist			
entarbroiacait	internationalism			
taran	storm			
tarani	to storm	verb		
taraniat	stormer			
taratr	drill			
taratru	bore			
taratri	to drill	verb		
taratruni	bore			
taratriat	driller			
taratruniat	borer			
tarcondwian	penetration			
tarcondwi	to penetrate	verb		
tarcondwiat	penetrator			
tarcondumot	penetrating dickhead			DLG 2003, p. 230
tari	to traverse	verb		
tariat	traverser			
tarinc	nail			
tarinci	to nail	verb		
tarinciat	nailer			
tartusiras	drought		derivation / compound	tartu + siras, “dry-length”
tartu	dry			
tartunas	dryness			
tartar	thunder			
tartari	to thunder	verb		
tartariat	thunderer			
tartwi	to dry	verb		out
tartwiat	dryer			
tartwian	drying	noun		noun
taru	bull			
tarwi	to bully	verb		
tarwian	bullying	noun		noun
tarwiat	bully			
tasc	badger			
tasci	to harass	verb		“to badger”
tasciat	harasser			
tascan	harassment			
mortasc	seal			< moritasgus, “sea-badger”, DLG 2003, p. 292
tascun	den			
tascun	lair			
tascuni	to hole up	verb		
tascuni	to lay low	verb		
tascuni	to hide	verb		
tascuniat	hider			
tascunan	hiding	noun		noun
tau	quiet			
tau	silent			
taulavar	to whisper	verb		
taulavaran	whispering	noun		noun
taulavaru	whisper	noun		noun
taulavariat	whisperer			
taus	silence			
taus	quiet	noun		noun
tausaiat	silencer			
tausa	to silence	verb		
tausan	silencing	noun		noun
sutausa	to hush	verb		
sutausa	to be quiet	verb		
sutausan	hushing	noun		noun
sutausaiat	husher			
tec	beautiful			
tecas	beauty			
tecan	beautification			
teciat	beautifier			
teci	to beautify	verb		
teiargan	bank			cf. Br. arc’hanti, “money-house”, id.
teidugilan	factory			
teiprinu	shop			
teivracan	brewery			
teiloi	household		derivation / compound	tei + loi, “house-group”, -loi collective suffix; cf. W. teulu “family, household” < *tegiaslougo, id.
teitusaiat	greedy person			
teitusaiac	greedy			
teitusaitol	greed			
teitusai	to be greedy	verb	derivation / compound	teitu + sai, “possession-seek”
teitudelget	miser			
teitudelgen	misering	noun		noun
teitudelgac	misery	adjective		adjective, miser-like
teitu	possession			
teitunac	possessive			
teitunacas	possessiveness			
teitwi	to possess	verb		
teitwiat	possessor			
teitwar	affluent			
teitwaras	affluence			
ten	fire			
tengovan	furnace		derivation / compound	ten + govan, “fire-smith”
tenac	fiery			
teni	to fire	verb		to set on fire
teniat	firer			one who sets something on fire
tenan	firing			setting on fire
tepan	jog			
tepi	to jog	verb		
tepiat	jogger			
terg	market			
tergi	to market	verb		
tergan	marketing			
tergiat	marketer			
tes	warmth			
tesac	warm			
tetar	feasant			
tigwi	to sting	verb		
tigwiat	stinger			
tigu	sting			
tiu	final	adjective		adjective
tiunas	finality			
tion	final	noun		noun
tiuni	to finalise	verb		
tiuniat	finaliser			
tiunan	finalisation			
tigon	spell			
tigoniat	spellbinder			
tigoni	to spellbind	verb		
tigonu	spellbinding	noun		noun
tigeren	boss			
tigernis	woman boss			
tigerenac	bossy			
tigerenacas	bossiness			
tigereni	to boss around	verb		
tigereniat	someone who bosses around			
tigerenan	bossing around			
ting	to fix in place	verb		Mees 2011
tingen	fixture			
tinget	fixer			
tiucoreit	verdict			law
coreit	court ruling			
coreiti	to rule	verb		in a court of law; e.g. coreita in barnaun > the judge rules
tiugwor	to refine	verb		
tiugworiat	refiner			
tiugworu	refinement			
teitiugworu	refinery			place where things are refined
tiuprit	payment			
tiupriti	to pay	verb		
tiupritiat	payer			
tiutamas	excellence			
tiutami	to excell	verb	derivation / compound	tiu + tam, “final-level”
tiutamiat	exceller			
tiutamic	excellent			
tirpen	headland			
titum	mugwort			artemisia
sutiunan	finish	noun		noun
sutiuni	to finish	verb		
sutiuniat	finisher			
gwercu sutiunan	finish line			
tiugwimp	exquisite			
tiugwimpas	exquisiteness			
tiutai	to finalise	verb		
tiutaiat	finaliser			
tiutaitol	finalisation			
tiuratu	accountable			
tiuratunas	accountability			
tiuviwitan	survival			
tiuviwiti	to survive	verb	derivation / compound	tiu + biwiti, “final-life”
tiuviwitiat	survivor			
tucnu	thigh			
toi	bow			for arrows
sutoi	arc			
sutoini	to arc	verb		
sutoiniat	arcer			
sutoinan	arcing	noun		noun
tolis	to reduce	verb		cf. W. toli
tolisan	reduction			
tolisiat	reducer			
ton	then			
tonci	to vow	verb		
tonciat	vow-maker			
toncan	vow			
torc	necklace			
torci	to twist	verb		
torciat	twister			
torcan	twist			
tot	people			
totac	folky			people-like
cantol totac	folk music			
spatol totac	folk story			
totan	tribesman			
sutotan	citizen			
sutotanait	citizenship			
sutotanloi	citizenry			
totcar	popular			
totcaran	popularisation			
totcaras	popularity			
totcari	popularise			
totcariat	populariser			
toti	to populate	verb		
totloi	population			
totwar	populous			
totwaras	populousness			
totbodu	raven people			
tragis	quick			
tragisam	quickest			
trait	beach			< PrC. *tractus, cf. W. traeth, C. treth, Br. traezh, Ir. trácht, id.; maybe derived from traget- “foot”, DLG 2003, p. 300 > “place of walking”
tre samal	even if			
tre	across			
treciat	defeater			
treci	to defeat	verb		
treclet	barrier		derivation / compound	tre + clet, “across-frame”
trecleti	to bar	verb		
trecletan	barricade			
trecletiat	barrer			one who bars
trecan	defeat			
trelavar	to translate	verb		
trelavariat	translator			
trelavaru	translation			
treweriat	crosser			
treweran	crossing			
treweri	to cross	verb		
trev	dwelling			
trevi	to dwell	verb		
treviat	dweller			
treviu	while			DLG 2003, p. 300
brenamtrev	village chief		derivation / compound	bren + amtrev, “chief-dwelling”
trevon	mayor			
trevrun	architect			
trevrunait	architecture			
tri	three			
trigwocon	sixty			
trimarcis	group of three horseriders			
trinoit	feast of three nights			
tritu	third			
tros	leper			
trosu	leprosy			
troclan	immersion			
trocli	to immerse	verb		
trocliat	immerser			
troi	sad			
troias	sadness			
dutroi	miserable			
dutroias	misery			
troicari	to pity	verb		
troicarat	pity			cf. Br. trugarez, W. trugaredd, id.
troicaran	pitier			
troicarac	pitiful			
sutroicarat	compassion			
sutroicarac	compassionate			
sutroiet	mercy			
troiet	forgiveness			
sutroietac	merciful			
troieti	to forgive	verb		
troietiat	forgiver			
trus	crust			
trusac	crusty			
trun	nose			< trugna-, -n- < -gn-, cf. uinno- < uegno-, DLG 2003, p. 321
trunan	nosing around	noun		noun
truni	to nose around	verb		
truniat	noser			one who noses around
trui	to beg	verb		
truian	beggar			
truitol	begging	noun		noun
tuc	arse			
tugalv	lardarse		derivation / compound	tuc + galv, “arse-fat”, with assimilation of –cg- > -g-
clustuc	arsehole		derivation / compound	clus + tuc, “hole-arse”
tucid	anal			
tucet	buttock			
tuci	to spank	verb		
tuciat	spanker			
turc	wild boar			
turcin	boar-like		derivation / compound	turc + -in, “boar-like”, suffix –in for qualities animated entities, e.g. bledin “lupine”
turunol	precipice			
turunolac	precipitous			
turunac	steep			
turunacas	steepness			
turun	tower			
tus	oven			
tusa	to bake	verb		
tusaiat	baker			
tut	left			
tutu	north			
tutac	leftish			
tutuc	northern			
tutin	vagina			< Tutinus, DLG 2003, p. 305
tutinac	vaginal			
u	of			quantity, number or possession
usam	supreme			
usamas	supremeness			
usan	rise	noun		noun
usa	to rise	verb		
usaiat	riser			
usgar	to exaggerate	verb	derivation / compound	us- + gar, “rising-call” > “above-call”
usgariat	exaggerater			
usgaru	exageration			
used	superior	adjective		adjective
usedas	superiority			
usel	above			
talam	soil			mixture of minerals and organic matter that plants grow in
talam	ground			DLG 2003, p. 288; cf. Ir. talamh, id.
talami	to ground	verb		to connect with the ground, in either a positive or a negative sense
talamiat	grounder			
talaman	grounding	noun		noun
ul	dust			
ulu	powder			
uluten	ashes		derivation / compound	ulu + ten, “powder-fire”
ulwi	to powder	verb		
ulwian	powdering			
ulwiat	powderer			
ulan	satisfaction			
ulani	to satisfy	verb		
ulaniat	satisfier			
ulat	prince			
ulatac	princely			
ulatu	princedom			
ulatait	princehood			
ulid	feast			
ulidi	to feast	verb		
ulidiat	feaster			
ulidan	feasting			
unardu	high tide		derivation / compound	un + ardu, “waterflow-high”
unandu	low tide		derivation / compound	un + andu, “waterflow-low”
upan	stipulation			
upi	to stipulate	verb		Mees 2011
upiat	stipulator			
ur	against			Lambert p. 160, *writs “against”, Matasovic 2008
uran	find	noun		noun
uri	to find	verb		
uriat	finder			
uranc	branch			
uranci	to branch	verb		out
uranciat	brancher			
urancan	branching	noun		noun
urarpen	confrontation			
urarpenac	confrontational			
urarpeni	to confront	verb		
urarpeniat	confronter			
urcata	object			
urcati	to object	verb		
urcatan	objection			
urcatiat	objector			
urgar	to argue	verb	derivation / compound	ur + gar, “against-shout”
urgarac	argumentative			
urgariat	arguer			
urgaru	argument			
uroic	heath			
uroicid	heathy			
urispa	to contradict	verb	derivation / compound	ur + spa, “against-say”, epenthesis of /i/ between /r/ and /s/, cf. enispa
urispaiat	contradictor			
urispatol	contradiction			
uru	aurochs			
escan	without		derivation / compound	es + can, “without-with”
carc	rock			< Carca, Carcano, placename Northern Italy; Bribro
carcid	rocky			
diduri	to interest	verb		
didurac	interesting			
diduran	interest			
dinoivi	to desacrate	verb		
dinoivan	desacration			
dinoiviat	desacrator			
druci	to rape	verb		cf. Breton gwallan “violer” < gwall “bad”
druciat	rapist			
drucan	rape	noun		noun
dami	to accept	verb		
sudami	to allow	verb		
daman	acceptance			
sudaman	allowance			
gwodami	to endure	verb		
gwodaman	endurance			
gwovedi	to mine	verb	derivation / compound	gwo + bedi, “under-dig”
gwovediat	miner			
gwovedu	mine			
gwovedan	mining			
spatol	story			<*skwetlo-, Matasovic 2008
spatolaman	history		derivation / compound	spatol + aman, “story-time”
spatolamanac	historical			
spatolamanaun	historian			
aliuni	to imagine	verb		
aliunan	imagination			
aliuniat	imaginer			
linlat	flag		derivation / compound	lin + lat, “flat-cloth”
corodi	contribute			
cordan	contribution			
corodiat	contributor			
aliu	image		derivation / compound	al + líu “other-colour”, cf. Welsh eiliw, id.
arada	to propose	verb	derivation / compound	ar + ada, “before-place”, cf. Fr./E. < L. propos-, id.
aradat	proposal			
aradaiat	proposer			
nan	hunger			
granwar	funny			
granwaras	humour			
granwaru	fun			
dimenbeti	to forget	verb		
dimenbetwar	forgetful			
dimenbetiat	forgetter			
dimenbetan	memory loss			
dimenbetan	amnesia			
gwoltartu	hay		derivation / compound	gwolt + tartu, “hair-dry”
comoini	to regret	verb		
comoinan	regret			
comoiniat	regretter			
duswer	to neglect	verb	derivation / compound	du + swer, “bad-take care of”
dusweru	neglect			
dusweriat	neglecter			
inte onac	only			
eitar	but			< ex-tar-, “without-through” < PrC. *extero, Matasovic 2008, p. 120
nepet eitar	only			“nothing but”
i-bis	to have	verb		
mi-esi	I have	phrase		
ti-esi	you have	phrase		
e-esi	he has	phrase		
si-esi	she has	phrase		
ni-esi	we have	phrase		
swi-esi	you have	phrase		pl.
sien-esi	they have	phrase		
tardelge a	to belong to	verb		
aiv	mood			< Prov. French “aib”, Ir. aoibh
aivac	moody			
nanbelis	power-hunger		derivation / compound	nan + belis, “hunger-power”
nan	hunger			
dicarni	to destroy	verb		
dicarnan	destruction			
dicarniat	destroyer			
cimbri	to steal	verb		
cimbriat	thief			
cimbran	theft			
aman cin	beforehand			“time before”
aman bir	soon			“time short”
aman sir	long time			“time long”
diaman	never		derivation / compound	di + aman, “not-time”
aman ol	always			“time all”
slancati	to greet	verb	derivation / compound	slan + cati, “health-throw, cf. Br. taol-salud, “throw-health”
slancatan	greeting			
slancatiat	greeter			
dedivi	to libate	verb		
dedivan	libation			
dediviat	libater			
litul	ritual		derivation / compound	litu + -l, “feast-small”
sulitul	rite		derivation / compound	su + litul, “good-ritual”
litulac	ritually			
litulait	ritualism			
litulaun	ritualist			
amtegi	to proceed	verb	derivation / compound	am + tegi, “around-leave”, cf. Ir. imeacht, id.
amtegan	procedure			
amtegiat	proceeder			
avaru	tomorrow		derivation / compound	a + baru, “towards-morning”, cf. Ir. amárach, W. yfory, id.
pelfrion	extension			
pelfriat	extender			
pelfri	to extend	verb	derivation / compound	pel + fri, “far-spread”
gwerus	over		derivation / compound	gwer + us, “on-high”, cf. W. goruwch, uwch; id.
atusa	to ressurect	verb	derivation / compound	at(e) + usa, “again-rise”
atusan	resurrection			
atusaiat	resurrecter			
birbia	to decide	verb	derivation / compound	bir + bia, “short-cut”
birbian	decision			
birbiat	decider			
bodwar	beneficent		derivation / compound	bod + mar, “advantage-big”
bodwaras	beneficence			
bodwariat	benefactor			
bodwari	to benefit	verb		
bodwaran	benefit			
diver	to drop	verb	derivation / compound	di + ber, “un-carry”
diveru	drop	noun		noun
diveru duvur	drop of water			
diveriat	dropper			
coran	share		derivation / compound	co + ran, “with-part”
corani	to share	verb		
coraniat	sharer			
coranac	common			
coranacas	commonality			
ategenu	rebirth			
ategen	to be born again	verb		
ategentu	born again			
cisnatal	cradle		derivation / compound	cis + gnatal, “case-baby”, loss of /g/ between –s- and –n- 
cisnatali	to cradle	verb		
cisnataliat	cradler			
diantu	beginning			
dianta	to begin	verb		
diantaiat	beginner			
sudiantu	start			
sudianta	to start	verb		
sudiantaiat	starter			
sudiantan	starting	noun		noun
anatwaru	ghost		derivation / compound	anat + maru, “soul-dead”
anatwarwi	to ghost	verb		to ignore someone, to pretend they don’t exist
anatwariat	ghoster			
anatwaran	ghosting			
ranal	element		derivation / compound	ran + -al, “part-small”
ranalac	elemental			
ranalu	component			
andevoi	to smash	verb	derivation / compound	ande + boi, “very-hit”
andevoiat	smasher			
andevoitol	smash	noun		noun
andemar	huge		derivation / compound	ande + mar, “very-big”
diu	day			
diue	days			emphasis on –u-, like all other plurals on –ue
diunac	daily			
andemei	tiny			
dista	to tumble	verb	derivation / compound	di +sta, “un-stand”
distaiat	tumbler			
distat	tumble	noun		noun
dipantu	enjoyment		derivation / compound	di + pantu, “un-pain”
dipanta	to enjoy	verb		
dipantaiat	enjoyer			
dipantan	enjoying			
ancunaus	anchor		derivation / compound	ancu + naus, “hook-ship”, cf. L. ancora < Gr. ankyra, id.
ancunausa	to anchor	verb		
ancunausan	anchorage			
ancunausaiat	anchorer			
don ancunaus	anchorman			
urarpen	beside		derivation / compound	ur + arpen, “against-side”, cf. W. wrth
neslam	alongside		derivation / compound	nes + lam, “near-hand”, cf. W. gerllaw, id. 
cantilbis	ring		derivation / compound	cantil + bis, “circle-finger”
clusratis	window			
moruc	maiden			< moruca VL., < Gaul. mor-, “sea”
prenus	gallows		derivation / compound	pren + us, “tree-high”
prenusa	to hang	verb		with fixed point of attachment; to hang a picture, a sign, a person, etc.
prenusan	hanging	noun		noun
prenusaiat	hanger			
donprenus	hangman			
us	up			
erduli	to dangle	verb	derivation / compound	er + dul, “around-leaf”
erdulan	dangle	noun		noun
erduliat	dangler			
prendert	drum		derivation / compound	pren + dert “tree-skin”
prenderti	to drum	verb		
prendertiat	drummer			
prendertan	drumming			
inte gwiru	indeed			“truly”
magin	site			< OGaul magina, Bribro pers. com.
penal	chapter		derivation / compound	pen + -al, small-head”, cf. L. capitulum, W. cabidwl, Ir. cabidil, id; diminutive of caput [head]
pengwid	expert	noun	derivation / compound	noun; pen + gwid, “top-understander”, cf. *dru-uid- “oak-understander”
pengwidac	expert	adjective		adjective
pelanbun	essence		derivation / compound	pelan + bun, “base-meaning”, cf Ir. bunbhrí “basic meaning”
pelanbunac	essential			
peli	to mean	verb		
peliat	meaner			one who means something
ligaswel	sunset		derivation / compound	liga + swel, “lie-down-sun”
anbitunac	unwordly		derivation / compound	an + bitu + -nac, “un-world-like”
anbitunacas	unworldliness			
cintai	to experiment	verb	derivation / compound	cint- + ai, “first-go”
cintaitol	experiment			
cintaiat	experimenter			
tarai	to experience	verb	derivation / compound	tar + ai, “through-go”, cf. Ir. teigh trí “go through”
taraitol	experience			
taraiat	experiencer			
troigar	to lament	verb	derivation / compound	troi + gar, “sad-call”, cf. Br. truez, truezan, truezus
troigaru	lament			
troigariat	lamenter			
diclut	infamy			
diclut	bad reputation			
diclut	ill-repute			
diclutu	infamous			
dicluti	to defame	verb		
diclutiat	defamer			
diclutan	defamation			
diclutac	defamatory			
inte saiac	hardly			“seeking-like”
inte nes	nearly			
inte nes	almost			
caragwir	darling		derivation / compound	masculine; cara + gwir, “love-man”
caraven	darling		derivation / compound	feminine; cara + ben, “love-woman”
siromas	intestine			
siromas	gut			
omas	stomach			originally of ox; < ab-omasum, from Gaulish *omas-; < e-Study Guide for Clinical Anatomy and Physiology for Veterinary Technicians
edboi	to kick	verb	derivation / compound	ed + boi, “foot-hit”
edboitol	kick			
edboiat	kicker			
tentir	landmine		derivation / compound	ten + tir, “fire-land”
esbris	to explode	verb	derivation / compound	es + bris, “out of/from-break”, cf. Gr. εκρηγνύω [ecrignio] < *ek-rhegnumi “break-out”
esbrisan	explosion			
esbrisiat	exploder			
anatani	to blow up	verb	derivation / compound	anatan + -i, “blow-verb”; cf. Gr. ανατινάσσω [anatinasso], id.
anataniat	one who blows something up			
anatanu	blow-up	noun		noun
londuvris	to crash	verb	derivation / compound	londu + bris, “savage-break”
londuvrisan	crash			
londuvrisiat	crasher			
etanel	airplane		derivation / compound	etan + -el, “flight-machine”
etaneli	to plane	verb		
etaneliat	pilot			“planer”
etanelan	planing	noun		noun
budin	military corps			
soldurloi	police			
canlega	to confuse	verb	derivation / compound	can + lega, “with-deposit”
canlegat	confusion			
canlegaiat	confuser			
canlegac	confusing	adjective		adjective
anianumar	wrongful			
anianumaras	wrongfulness			
anbudenic	civilian	adjective		adjective
ger	knee			< Fr. jarret “thigh, bend of knee” < OFr. garet < G. garra “leg, thigh”, FWGO; /a/ > /e/ to avoid homonym with gar “to call”
gerit	shin			
geri	to kneel	verb		
geriat	kneeler			
geran	kneeling	noun		noun
geran	genuflexion			
bised	toe		derivation / compound	bis + ed, “finger-foot”
ancutreg	heel		derivation / compound	ancu + treg, “hook-foot”
enwai	instead		derivation / compound	en + mai, “in-place”
anwesc	sober			
anwescas	sobriety			
teitrev	homestead			
teitrevi	to homestead	verb		
teitreviat	homesteader			
teitrevan	homesteading			
ancirc	wary			
ancircas	wariness			
amgweri	to guide	verb		
amgweriat	guide			
amgweru	guidance			
conea gwer	to rely on	verb	derivation / compound	co + nea, “with-trust”
coneac	reliable			
coneiat	relier			
conean	reliance			
coregwi	to advise	verb	derivation / compound	co + regu, “with-straight”, cf. W. cyfarwyddydd “direction”
coregwian	advice			
coregwiat	adviser			
teitiancan	refuge		derivation / compound	tei + tiancan, “house-flight/escape”
tianci	to flee	verb		< tianncobued, Larzac, Lambert 2003, p. 173
tianciat	flee-er			
tiancan	flight			fleeing from something, escape
autianci	to escape	verb	derivation / compound	au + tianci, “away from-flee”
autiancan	escape	noun		noun
autianciat	escaper			
sucerdiat autiancan	escape artist			
biugwid	biologist			
biugwidait	biology			
biugwidaitac	biological			
anatugwid	psychologist			
anatugwidait	psychology			
anatugwidaitac	psychological			
cotugwid	archeologist			
cotugwidait	archeology			
cotugwidaitac	archeological			
stirgwid	astronomer			
stirgwidait	astronomy			
stirgwidaitac	astronomical			
cantolgwid	musicologist			
cantolgwidait	musicology			
cantolgwidaitac	musicological			
dongwid	anthropologist			
dongwidait	anthropology			
dongwidaitac	anthropological			
bengwid	gyneacologist			
bengwidait	gyneacology			
bengwidaitac	gyneacological			
gwid	scientist			cf. druid < *dru-uid-
gwidait	science			
gwidaitac	scientific			
cansioiti	to count	verb	derivation / compound	can + sioiti, “with-add”
cansioitiat	counter			
cansioitanaun	accountant			
cansioitan	account			
gwersioiti	to tally	verb	derivation / compound	gwer + sioiti, “on-add”
gwersioitan	tally	noun		noun
gwersioitiat	tallier			tally-keeper
tarsioiti	to calculate	verb		
tarsioitiat	calculator			
tarsioitan	calculation			
metelu	harvesting machine			< metelo- “harvester”, DLG 2003, p. 226; Gaulish harvesting machine attested in Trier in 3rd century
metel	machine			any kind of mechanical device
metel	device			any kind of mechanical device
metelsioitiat	computer		derivation / compound	metel + sioitiat, “machine-adder
metelsioiti	to compute	verb		
metelsioitan	computation			
bat menbetan	memory stick		derivation / compound	bat + menbetan, “stick-memory”
ari	to fit	verb		
ariat	fitter			
aran	fit	noun		noun; e.g. “a good fit”
aru	fitting			thing that fits together < *ar- “to fit together”, < Gaul. artua(s) “structure, assemblage of components”, inscription of Todi, DLG 2003, p. 106
aranac	fit	adjective		adjective; “fitted-like”> good shape
artun	structure		derivation / compound	ancient past participle of ar- “to fit”; “thing fitted together” + -n enlargement
araunten	gun		derivation / compound	araun + ten, “fitted thing-fire” > firearm
araun	weapon			fitted thing-action agent; cf. gwelaun, barnaun, acaun “sharp action thing”
arauni	to arm	verb		
diarauni	to disarm	verb		
araunait	armament			
araunloi	weaponry			
esc	fish			
esci	to fish	verb		
esciat	fisher			fisherman/woman
escan	fishing			
nausescan	fishing boat		derivation / compound	naus + escan, “boat + fishing”
cait	prisoner			
etari	to fly	verb		< etr- < su-etr- “good-flyer”, i.e. bird of prey; /a/ vocalism < etan “bird” < etn-, DLG 2003, p. 168, 434
etariat	flyer			
etaran	flight			act of flying
gwinu	wine			
teicait	jail		derivation / compound	tei + cait, “house-prisoner”
toiglau	rainbow		derivation / compound	toi + glau “bow-rain”
andevis	ring		derivation / compound	ande + bis, “very-finger”, cf. W. enfys, id.
trean	crime		derivation / compound	tre + -an, “across-ing”, cf. W. trosedd “across”
treangwid	criminologist			
treangwidait	criminology			
treangwidaitac	criminological			
treanac	criminal			adj
treaniat	criminal			n
maiu	level	adjective		“flat and horizontal”, adjective
maiunas	levelness			
branu	bran			Fr. words of G. origin
brenu	rotten			Lambert 2003, Fr. words of G. origin
brenwi	to rot	verb		
brenwiat	rotter			
brenwian	rot	noun		noun
tun	barrel			< tonne, Lambert 2003
tunal	barrel of a gun		derivation / compound	tun + -al, “small barrel”
bol gwercaun	cannon ball		derivation / compound	gwer + caun, “big-reed (tube)”, cf. W. gorchan, id., < L. canna, Gr. kanon “reed” > tube
gwercaun	cannon			
caunu	tube			< caun “reed”
treged	pace		derivation / compound	a large step, treg + ed, “foot-foot”
tregedi	to pace	verb		
tregedan	pace			speed of movement
tregediat	pacer			
aviat tregedan	pace maker			
tregedol	distance			
buned	foot sole		derivation / compound	bun + ed, “bottom/floor-foot”
statetari	to hover	verb	derivation / compound	stat + etani, “stance-fly”
statetariat	hoverer			
statetaran	hovering	noun		noun; “stand-flight”
magel	machine		derivation / compound	mag + -el, “power-thing” < *magh- “ability, power”, cf. magalos, magus, magio, maget-, suffix –el from *metelo-, harvester
mageloi	machinery		derivation / compound	magel + -loi
mageli	to machine	verb		
mageliat	machiner			
magelaun	machinist			
magelan	machining	noun		noun
magel statetaran	hovercraft			“machine-hovering”
long statetaran	hovership			
naus statetaran	hoverboat			
silu	sperm			< silus, DLG 2003, p. 273 “seed, sperm”
silin	eel			< silinus, DLG 2003, p. 273 “seed, sperm” > “penis” > penis-shaped fish; cf. Br. silienn, C. sylli, id.
etel	feather		derivation / compound	et- + -el, “bird-tool” < et-n “bird”
etelac	feathery			
eteli	to feather	verb		one’s nest
eteliat	featherer			
etelan	feathering	noun		noun
ategavi	to recover	verb	derivation / compound	ate + gavi, “again-take”
ategaviat	recoverer			
ategavan	recovery			
menwar	thoughtful		derivation / compound	men + mar, “think-big”
menwaras	thoughtfulness			
garglisac	chirpy		derivation / compound	gar + glis + ac, “bright-word-like”, cf. Ir. gealghaireach, id.
garglisacas	chirpiness			
garglisac	in a good mood			
garglisacas	good mood			
canwar	cheerful		derivation / compound	can + mar, “sing-big”
canwaras	cheerfulness			
anwescas	sobriety			
anwescas	temperance			
anwesc	sober		derivation / compound	an + mesc, “un-drunk”
apen	until		derivation / compound	a + pen, “to-end/head”
en medi	among			“in middle”
dumolat	slander			
bolg	belly			
bolge	to swell	verb		
bolget	sweller			
bolgen	swelling	noun		noun
dumola	to slander	verb		
dumolaiat	slanderer			
gwerwola	to rejoice	verb		
gwerwolat	joy			< W. gorfoleddu < *uor-moled- = G. uero-molat-
gwerwolaiat	rejoicer			
gwomolat	ridicule			
gwomola	to ridicule	verb		
gwomolaiat	ridiculer			
brit	mind			
briti	to mind	verb		to think of, to bear in mind
britiat	minder (someone who thinks of something or someone			
britan	minding	noun		noun
britan gnat	child minding			
dicelti	to reveal	verb		
diceltan	revelation			
diceltiat	revealer			
celti	to conceal	verb		
celtiat	concealer			
celtan	concealment			
ac	and			
dumgrau	dune		derivation / compound	dum + grau, “hill-sand”
tresta	to prevent	verb	derivation / compound	tre + sta, “across-stand”
trestat	prevention			
trestaiat	preventor			
trestac	preventive		derivation / compound	tresta + -ac > trestac
angan	nature		derivation / compound	an + gan, “life-force-generated”, < *angantu, *an- “lifeforce”, found in ani “to breathe” (“respire” < L. spiritus “breathing, breath of life”), anati “to blow”, anoni “to inspire” (< L. spiritus), anat “soul”, DLG 2003, pp 44-45, 49; cf. ani- in L. animus > E./Fr. animal, animate/animer < PIE *ane- “to breathe”; cf. W. anian, id.
anganac	natural			
anganacait	naturalism		derivation / compound	angan + -ac + -ait, “nature-all-ism”, philosophy that only natural forces operate in the universe, as opposed to supernatural ones
donanganacait	naturalist			
anganacaitid	naturalistic			
anganait	naturism			practice of going naked
donanganait	naturist			someone who practices going naked
broini	naturalise		derivation / compound	broi + -ni, “country-fy”, cf. W. brodori, id.
broinan	naturalisation			
broiniat	naturaliser			
mapadol	bridegroom		derivation / compound	map + adol, “son-appropriate”
duitiradol	bride		derivation / compound	duitir + adol, “daughter-appropriate”
gwidite	comprehensible			
gwiditeas	compehensibility			
angwidite	incomprehensible			
angwiditeas	incomprehensibility			
papwai	everywhere		derivation / compound	pap + mai, “every place”
dignion	ignorance			
esruc	shameless			
esrucas	shamelessness			
atecosteri	to examine	verb	derivation / compound	ate + co + steri, “again-with-firming”
atecosteriat	examiner			
atecosteran	examination			
gwerderci	to supervise	verb	derivation / compound	gwer + derci, “over-see”
gwerdercan	supervision			
gwerderciat	supervisor			
atederci	to revise	verb	derivation / compound	ate + derci, “again-look”
atederciat	revisor			editor
atedercan	revision			edition
esrodi	to edit	verb	derivation / compound	es + rodi, “out/from-give”, cf. L. ex-dare, id.
esrodiat	editor			
esrodan	edition			
trever	to transfer	verb	derivation / compound	tre + ber, “across-carry”
treveru	transfer	noun		noun
treveriat	transferer			
tredati	to transmit	verb	derivation / compound	tre + dati, “across-put”
tredatan	transmission			
tredatiat	transmitter			
trespa	to interpret	verb	derivation / compound	tre + spa, “across-say”
trespat	interpretation			
trespaiat	interpreter			
pengwidan	expertise		derivation / compound	pen + gwidan, “head/extreme-knowledge”
pengwidiat	expert			
pengwidi	to be an expert	verb		
credloi	religion		derivation / compound	cred + loi, “belief-group/collection”
credloiac	religious			
credloiacas	religiousness			
credloiacait	religiosity			
tregwerti	to convert	verb	derivation / compound	tre + gwerti, “across-turn”
tregwertiat	converter			
tregwertan	conversion			
tregwertu	convert			
andecici	to slaughter	verb	derivation / compound	ande + cichi, “very-butcher”
andecican	slaughter			
andeciciat	slaughterer			
teiandecican	slaughter house			
teiandecican	abbattoir			
nemet	church			the building
nemet	general place of worship			
nemet	temple			
gwernemet	church		derivation / compound	the organisation; gwer + nemet, “over-temple”, cf. W. gorsedd “over-sit”
mentorcan	sin			
mentorci	to sin	verb	derivation / compound	men + torci, “think-twist”
mentorciat	sinner			
duting	to tax	verb	derivation / compound	du + ting, “bad-fix”, cf. Gr. tassein “to fix” > tax
dutingen	tax			
dutinget	taxman			
usbat	rod		derivation / compound	us + bat, “high-stick”, cf. uscaun “staff”
auratu	spoilage		derivation / compound	au + ratu, “away-from-luck/fortune”, cf. W. afradu, id.
auratwi	to spoil	verb		
auratwiat	spoiler			
aupanta	to spare	verb	derivation / compound	au + panti, “away-from-hurt”
aupantan	sparing	noun		noun, “away-from-hurting”
aupantaiat	sparer			“away-from-hurter”
esloi	spare	adjective	derivation / compound	adjective; es + sloi, “out-of/without-group”, cf. W. hebgor, id.
rot esloi	spare wheel			spare tyre
andegavi	to save	verb	derivation / compound	ande + gavi, “very-take”, cf. W. achub < L. occupare < *ob-capare, id.
andegavan	save	noun		noun
andegaviat	saver			
a rai	forward			direction
a dirai	backward			direction
a solu	reverse			direction
erenai	to retreat	verb	derivation / compound	eren + ai, “behind-go”
erenaitol	retreat			
erenaiat	retreater			
cansioitan teiargan	bank account			
pi	who			
pan	glass			for drinking
supan	jar			container for liquid
duvur biwit	whiskey		derivation / compound	duvur + biwit, “water-life”, cf. uisce beatha, aquavit, id.
apa	water			< apadeua, “water-goddess”, Mathieu-Colas 2017; De Bello Gallico; apa, apaua, etc. DAG. pp. 200, 422, et al.
apaviwit	acquavit			water of life
Apadewis	water goddess			
enai	to enter	verb	derivation / compound	en + ai, “in-go”
enaiat	enterer			
enaitol	entrance			
etanselge	to fowl	verb	derivation / compound	etan + selge, “bird-hunt”
etanselge	to bird-hunt	verb		
etanselget	fowler			bird hunter
etanselget	bird-hunter			
etanselgen	fowling	noun		noun
etanselgen	bird-hunt			
anwitac	especially			anwit-ac, “named-like”, cf. W. enwedig, id.
gwerpenac	special		derivation / compound	gwer + pen + -ac, “on-top-like”, cf. W. arbennig, id.
gwerpenacas	specialness			
gwerpenaci	to specialise	verb		
gwerpenaciat	specialist			
gwerpenacu	specialty			
didiwol	unique		derivation / compound	didiu + ol, “outside-everything”
didiwolas	uniqueness			
gwerol	above all		derivation / compound	gwer + ol, “on-everything”, cf. Fr. surtout, id.
gwerol	especially			
petwaren	hindquarters			< *petwar eren, “fourth behind”, i.e. “quarter”, rump of an animal
susnion	whirl			spin
susni	to whirl	verb	derivation / compound	to spin; su + sni, “good-contort”
susniat	whirler			spinner
susnid	agile		derivation / compound	susni + -(i)d, “good-contort-like”, -ii- > -i-
susnidas	agility			
solu	back			
solu	rear			
tegusolu	back cover			
tegusolu	rear guard		derivation / compound	tegu + solu, “cover-back”
solwi	to go backwards	verb		
solwi	to regress	verb		
solwiat	regressor			
solwian	regress			
amcani	to theorise	verb	derivation / compound	am + cani, “around-sing”, cf. W. damcanu, id.
amcaniat	theorist			
amcanu	theory			
pe co suprit	how beautiful			
condu coranac	common sense			
angandu	frequent		derivation / compound	an + gandu, “un-rare”
angandunas	frequency			
anganda	to frequent	verb		
angandaiat	frequenter			
angandan	frequentation			
canugavar	tragedy		derivation / compound	canu + gavar, “song-goat”; cf. Gr. *tragoida < tragos + oide “goat-sing”
canugavarac	tragic			
canulitu	comedy		derivation / compound	canu + litu, “song-feast”
canulitunac	comic			
gavarlitunac	tragi-comic			
tar ratu	by chance			“through chance”
gweraged	mask		derivation / compound	gwer + aged, “on-face/more-face”
gweragedi	to mask	verb		
gweragediat	masker			
gweragedan	masking	noun		noun
gweragedu	maquerade			
gwereitincas	excess			
gwereitinc	excessive		derivation / compound	gwer + eitinc, “more-enough”
inte gwereitinc	excessively			
gwepsen	proverb		derivation / compound	gwep + sen, “word-old”
gwepsenac	proverbial			
barwenac	cerebral			
barwenacas	cerebralness			
barwen	brain		derivation / compound	bar + men, “top-think”
anumaigwidait	toponomy		derivation / compound	anu + mai + gwidait, “name-place-science”
anumaigwid	toponomist		derivation / compound	anu + mai + gwid, “name-place-scientist”
anumai	placename			
pelapisan	television			
pelgaru	telephone			
pelapis	to watch television	verb	derivation / compound	pel + apis, “far-see”
pelgar	to telephone	verb	derivation / compound	pel + gar, “far-call”
pelapisiat	television watcher			
pelgariat	telephonist			
anudew	theonym		derivation / compound	anu + dew, “name-god”
anuswetot	ethnonym		derivation / compound	anu + swetot, “name-ethnic group”
swetotac	ethnic			
swetot	ethnic group		derivation / compound	sue + tot, “self-people”, cf. Gr. ethnos < *swedh-no < *s(w)e- “self”
swetotacas	ethnicity			
anutot	demonym			
ranal	particle		derivation / compound	ran + -al, “part-small”
ranalac	particular			
ranalacas	particularity			
ondonac	individual	adjective	derivation / compound	adjective; on + don + -ac, “one-person-like”
ondon	individual	noun		noun
ondonacas	individuality			
anuran	idionym		derivation / compound	anu + ran, “name-part”
anu donac	personal name			
anudon	first name		derivation / compound	anu + don, “name-person”
-id	secondary adjectival suffix	affix		
oltotac	public	adjective		adjective
oltoti	to publish	verb		to publicise
oltotan	publicity			
oltotiat	publisher			
anuater	patronym		derivation / compound	anu + ater, “name-father”
anumatir	matronym			
anucelan	gamonym			marriage name
anugwen	family name			gentilic
augavi	to remove	verb		to take away
augaviat	remover			
augavan	removal			
surun	privacy			
surunac	private	adjective		adjective
anucontes	nickname		derivation / compound	anu + contes, “name-warm”; hypocoristic
enamac	intimate			
enamacas	intimacy			
enam	innermost			
dilinati	to destine	verb		
dilinatiat	destiner			
dilinatan	destination			
re nu	just now			
re nu	right now			
troini	to weep	verb		
gwertroini	to grieve over	verb		to mourn
gwertroiniat	griever			mourner
gwertroinan	grief			
troiniat	weeper			
troinan	weeping	noun		noun
ben gwertroinan	weeper woman			
gwertroiat ben	female weeper			
gwocelti	to avoid	verb	derivation / compound	gwo + celti, “under-hide”, cf. W. ymochel < *ym-go-chel, C. goheles, id.
gwoceltan	avoidance			
gwoceltiat	avoider			
insu	root			
in lerg	ago			< W. yn ol “the trail”
sir in lerg	long ago			
anlondu	civilised		derivation / compound	an + londu, “un-wild”
anlondwi	to civilise	verb		
anlondwian	civiliation			
anlondwiat	civiliser			
agwedi	to worship	verb	derivation / compound	a + gwedi, “at-pray”
agwediat	worshipper			
agwedan	worship			
cristac	christian			
cristaci	to christianise	verb		
cristaciat	missionary			
cristacan	christianisation			
landwin	pagan	adjective	derivation / compound	adjective; landu + -in, “open land-like”
landaun	pagan	noun	derivation / compound	noun; landu + -aun, loss of /u/ before -aun
landaunait	paganism			
brucin	heathen	adjective		adjective; < bruc “heather”
brucaun	heathen	noun		noun
brucaunait	heathendom			
cingavu	prey			
cingavi	to prey	verb	derivation / compound	cin + gavi, “before-take”, cf. L. praeheda, id.
cingaviat	predator			
cingavan	predation			
cingavac	predatory			
cingavacas	predatoriness			
etan cic	raptor		derivation / compound	etan + cic, “bird-meat”, i.e. bird of prey
ducanatan	gospel			“bad message”
suvis	all right		derivation / compound	su + bis, “good-be”
brat	bro			abbreviation of brater “brother”
map benbled	whore son			“son [of] woman-wolf”
map benbled	son of a bitch			whore son
gnatnoit	spectre			“child-night”
gnatnoitac	spectral			
anatwi	to haunt	verb		
anatwitu	haunted			
anatwian	haunting	noun		noun
anatwiat	haunter			
anatu	ghost			
ategwertiat	phantom			“returner”, cf. Fr. revenant, id.
anatunac	ghostly			
anatunacas	ghostliness			
pe	what			
ancertan	mistake			
ancertan	error			
ancerti	to err	verb		
ancerti	to make a mistake	verb		
ancertac	erroneous			
ancertac	mistaken			
ancertiat	error-maker			
diai es	to come from	verb		
esgen	to originate	verb	derivation / compound	es + gen, “from-born”
stam es	to rise from	verb		cf. E. “to stem from”, id.
esgenu	origin			
esgeniat	originator			
esgenac	original			
esgenacas	originality			
inte esgenac	originally			
totait	republic			cf. W. gweriniaeth, id.
totaitac	republican			
totaitacas	republicanism			
tung	to ally	verb		< Tungri, “foederati”
tunget	ally	noun		noun
tungen	alliance			
tungetu	allied			
cotung	to federate	verb		
cotungen	federation			
cotungac	federal			
cotunget	federator			
totait cotungac	federal republic			
sutungen	treaty			
i-esi gwescaras	it has worth	phrase		
mapat	boy			
mapatac	boyish			
mapatacas	boyishness			
gnatac	childish			
gnatacas	childishness			
diarbor	to omit	verb	derivation / compound	di- + arbor, “not-use”
diarboru	omittance			
diarboriat	omitter			
teidignion	church		derivation / compound	tei + dignion, “house-ignorance”
dignion	ignorance			
digni	to not-know	verb		
digniac	ignorant			
digniat	ignoramus			
digniat	idiot			
teidigniac	churchy			
bodumaru	vulture		derivation / compound	bodu + maru, “crow-dead”
anapiste	invisible			
anapisteas	invisibility			
dulimunac	poisonous			
natar	snake			not attested; < PrC. *natrixs, cf. W. neidr, Br. naer, Ir. nathair; cf. L. natrix
natarac	snakey			
swecra	mother-in-law			
mi	I			
mi	me			
ti	you			singular
e	he			
e	him			
si	she			
si	her			
ni	we			
ni	us			
swi	you			plural
sie	they			
sie	them			
mo	my			
to	your			2nd per. singular
o	his			
so	her			
io	its			
no	our			
swo	your			plural
sio	their			
o	that			conjunction
o	which			conjunction
aman maram	most of the time			
inte anganac	naturally			of course
solduran	guarding	noun		noun
solduri	to guard	verb		
solduriat	guarder			
soldur	guard			
soldurloi	guard			collective
penic	crown		derivation / compound	pen + -ic, “head-thing”, cf. monic < maniac “collar” < mon + - ic, “neck-thing”
penici	to crown	verb		
penican	coronation			
peniciat	crowner			
rim	number			
rimi	to number	verb		
riman	numbering			
rimiat	numberer			
Galat	Gaul			male person
Galatis	Gauless			female person
Galatia	Gaul			country
Galatac	Gaulish	adjective		language and adjective
Galatac	Gallic			
Galatac	neo-Gallic			
Galatac	modern Gaulish language			
Galatac Sen	Old Gaulish			0 CE-600 CE
Galatac Cot	Ancient Gaulish			600 BCE-0 CE
tengu Galatac	Gaulish language			
tengugwid	linguist			
tengugwidait	linguistics			
tengugwidaitac	linguistic			
cerdaitac	professional	adjective		adjective
doncerdait	professional	noun		noun
cerdaitaun	professional	noun	derivation / compound	noun; cerdait + -aun, “profession-person”
gwircerdan	workman			
cerdante	workable			
cerdanteas	workability			
cerdanac	work-like			
cerdanacas	work-likeness			
acaunsir	menhir		derivation / compound	acaun + sir, “stone-long”, cf. Br. menhir, id.
catuloi	battle host			
batorloi	patrol			
batorloi	platoon			
araunloi	weaponry			
daroc	disturbance		derivation / compound	dar + oc, “agitation-complete”
daroci	to disturb	verb		
darociat	disturber			
darocan	disturbing	noun		noun
darocid	disturbing	adjective		adjective
gwali	to rule	verb		
gwali	to reign	verb		
gwalan	rule			
gwalan	reign			
gwal	ruler			person in authority
digwalac	unruly			
gwaliat	regent			ruling on behalf of someone else
dwautai	to disarray	verb	derivation / compound	du+autai “bad-arrange”
dwautaiat	disarrayer			
dwautaitol	disarray			
aman mei	sometimes			
aucle	to repel	verb	derivation / compound	au + cle, “away-push”
aucleiet	repeller			
aucleiaun	repellant			
aucleien	repulsion			
aucleiac	repulsive			
gworani	to subdivide	verb		
gworan	subdivision			
gworaniat	subdivider			
menran	distinction		derivation / compound	men + ran, “think-division”
menrani	to distinguish	verb		
menraniat	distinguisher			
menranitu	distinguished			
coianu	equitable		derivation / compound	co + ianu, “with-fair”, cf. W. cyfiawn, id.
coianunas	equity			the quality of being afair and impartial
stamulac	stable	adjective	derivation / compound	adjective; stamul + -ac, “upright-like”, cf. W. sefydlog, id.
stamulacas	stability			
duli	to derive	verb		“to grow leaves” < dul “leaf”,cf. W. deillio, id., cf. E. “to stem from”, id.
dulan	derivation			
duliat	derivator			
dulac	derivative			
blatwi	to flower	verb		
blatwiat	flowerer			
blatwian	flowering			
blatwianu	florescence			
blatin	blossom			
blatini	to blossom	verb		
blatiniat	blossomer			
blatinan	blossoming	noun		noun
artoi	aim		derivation / compound	ar + toi, “before-bow”, cf. W. cyfeirio, aim < “with-in front”. W. anelu, aim < “draw a bow”
artoini	to aim	verb		
artoiniat	aimer			
artoinan	aiming	noun		noun
esartoi	aimless			
esartoias	aimlessness			
dulonci	to choke	verb		
duloncan	choke	noun		noun
dulonciat	choker			
andelonci	to consume	verb	derivation / compound	ande + lonci, “very-swallow”
andeloncan	consumption			
andelonciat	consumer			
sagonal	robe		derivation / compound	sagon + -al, “small coat”
dacru	tear			from eye; < PrC. *dacru-
dacruni	to shed tears	verb		
dacruniat	one who sheds tears			
dacrunan	shedding of tears	noun		noun
duvunbia	to carve	verb	derivation / compound	duvun + bia, “deep-cut”
duvunbiat	carver			
duvunbian	carving			
endelge	to contain	verb		
endelget	container			
endelgen	content			that which is contained inside something
anglis	dull			
anglisas	dullness			
sutai	to stroke	verb	derivation / compound	su + tai, “good-touch”
-loi	suffix of collective	affix		< *-sloi, loss of -s- before –l, cf. collo- < *coslo-, DLG 2003, p. 127
aciman	accident			
acimi	to happen accidentally	verb	derivation / compound	a + cimi > fall towards
acimac	accidental			
snaiatis	serpent			dragon
enreti	to invade	verb		
enretan	invasion			
enretiat	invader			
urstam	to resist	verb		
urstaman	resistance			
urstamiat	resister			
suvor	to play	verb		
suvoriat	player			
suvoru	play			game, sport
deprunoiti	to dine	verb		
deprunoitiat	diner			
deprunoit	dinner		derivation / compound	depru + noit, “eat-night”
dugwoti	to execute	verb		to kill
dugwotiat	executioner			
dugwotan	execution			killing
esber	to take leisure time	verb	derivation / compound	es + ber “without carrying anything”
esberiat	person at leisure			
esberan	leisure			
gwop	cheek		derivation / compound	gwó + óp, “below-eye”; cf. araus “temple”, “before-ear”
gwopac	cheeky			
albitu	otherworld		derivation / compound	al + bitu, “other-world”
albitunac	otherworldly			
oin	foam			
oinac	foamy			
gloi	coal			
gloiviu	butterfly			
morwar	ocean			
gwenu	smile			
gwenwi	to smile	verb		
renswaus	cadence of sounds		derivation / compound	for music) (ren + swaus, “flow-sound”
rengwep	cadence of words		derivation / compound	for poetry) (ren + gwep, “flow-word”
renbos	rhythm		derivation / compound	ren + bos, “flow-palm” < clapping of hands
renbosa	to rhythmise	verb		to imbue with rhythm
renbosac	rhythmic			
renbosaiat	rhythmiser			
renbosan	rhythmising	noun		noun
brenol	emperor		derivation / compound	bren + ol, “chief-everything”
brenolwar	imperial			
brenolwaras	imperialness			
brenolu	empire			
brenolait	emperorship			
aman brenolac	imperative tense			
brenolac	imperative			
gwocle	to oppress	verb	derivation / compound	gwó + clé, “push-under”
gwocleiet	oppressor			
gwocleien	oppression			
ratu a’n rig	hail the king			
caletan	steel			
caletanac	steely			
caletani	to steel	verb		
caletaniat	steeler			
acaunai	to petrify	verb		
acaunaitol	petrification			
acaunaiat	petrifier			
caleti	to harden	verb		
caletiat	hardener			
oled entarstirac	interstellar space			
sweregwi	to cope	verb	derivation / compound	sue + regwi, “self-straighten”
sweregwian	coping	noun		noun
sweregwiat	coper			someone who copes
ogral	cool (ogr- + -al, “cold-little”		derivation / compound	
ogralas	coolness			
sudiruc baru	morning glory			
daias gwer ti	good on you			
barnugwiru	objectivity			
barnugwirunac	objective			
didar	tranquility			
didaridu	tranquil			
dairegwi	to engineer	verb	derivation / compound	dai + regwi, “good-straighten”
dairegwiat	engineer			
dairegwian	engineering	noun		noun
dairegwid	engineering scientist			
dairegwidait	engineering science			
gavananac	breath taking			
noitsamal	equinox			
stantuswel	solstice		derivation / compound	stantu + swel, “standing-sun”; alternative for gwerstamswel
blegu	milk			cf. FrProv. blécher < Gaul. blegu, FWGO-Wiki
blegwi	to milk	verb		Fr. blecher
blegwiat	milker			
genet blegwiat	milk maid			
blegwian	milking	noun		noun
esblegwi	to distil	verb	derivation / compound	es + blegwi, “out-milk”
esblegwiat	distiller			
esblegwian	distilling			
tei esblegwi	distillery			
renblegwian	lactation			
renblegwi	to lactate	verb	derivation / compound	ren + blegwi, “flow-milking”
renblegwiat	lactator			
renblegwian owi	sheep lactation			
blegu owi	sheep’s milk			
blegu gavar	goat’s milk			
blegu casic	mare’s milk			
erada	to situate	verb	derivation / compound	er + ada, “around-place”
eradaiat	situator			
eradat	situation			
targwariate	diacritics		derivation / compound	tar + gwari, “through-separate”
calas	problem		derivation / compound	cal- + -as, “hardness”, cf. calet, calu
calasac	problematic			
sucert	sure			certain
sucertas	certainty			
sumolat	congratulation			
sumola	to congratulate	verb		
sumolaiat	congratulator			
swapisac	fantastic			
swapis	to fantasise	verb	derivation / compound	su + apis < “good-see”, cf. Gr. phantastikos < phantazein, id.
swapisiat	fantasiser			
swapisu	fantasy			
swapisan	fiction			
swapisan gwidait	science fiction			
swapisanac	fictional			
rangavi	to participate	verb	derivation / compound	ran + gavi, “part-take”
rangavan	participation			
rangaviat	participant			
swel	sun			
swelac	sunny			
gwepsinu	conjunction			
gweprai	preposition			
atada	to replace	verb	derivation / compound	at- + ada, “again-place”
atadaiat	replacer			
atadat	replacement			
rianu	pronoun	pronoun	derivation / compound	ri + anu, “for-name”, cf. L. pronoun, id.
rianunac	pronominal			
acatanac	adjectival			
gwepges	verb	verb	derivation / compound	gwep +ges, “word-spear” > word of action; cf. W. parwydd, “spear-wood frame” > “verb”
gwepgesac	verbal			
agwepges	adverb			
agwepgesac	adverbial			
anu	noun			“name”
broiulat	state		derivation / compound	political entity; broi + ulat, “country-prince”, cf. W. gwladwriaeth, id.
bisait	state		derivation / compound	condition; bis + -ait, “ being-ness”
eradat	condition			
erada	to condition	verb	derivation / compound	er + ada, “around-place” 
eradaiat	conditioner			
eradatol	conditioning			
amane gwepgesac	verbal tenses			
gwepgesa	to verbalise	verb		
gwepgesan	verbalisation			
gwepgesaiat	verbaliser			
ran gwepges	verbal affix			
ratunac	lucky			
anratunac	unlucky			
encravi	to inscribe	verb	derivation / compound	en + cravi, “in-write”, cf. E. engrave, id.
encraviat	inscriber			scribe
encravan	inscription			
scoc	active			
suscoc	functional			activity
suscoci	to function	verb		
suscociat	functioner			
suscocan	function	noun		noun
suscocas	functionality			
olcravi	to describe	verb		
olcraviat	describer			
olcravan	description			
sagat	film	noun		< sagu “coat”, secondary noun, cf. film, “coat of gel on photographic plate”
sagat	movie			
saga	to film	verb		back-formation from sagan “film”
sagaiat	filmer			
sagaiat	film-maker			
sagan	film-making			
corolan	clause			
spamenu	phrase			
spamenu	sentence			
spamenwi	to phrase	verb		
spamenwiat	phraser			
spamenwian	phrasing			
spamengwidait	phraseology			
spamengwid	phraseologist			
enada	to insert	verb	derivation / compound	 en + ada, “in-place”
enadaiat	inserter			
enadat	insertion			
augwertan	version		derivation / compound	au + gwert-, “away-from-turn”
augwerti	to make a version	verb		
augwertiat	version maker			
oldon	everybody			every person
raiman	to promote	verb	derivation / compound	rai + man, “forward-march”
raimanol	promotion	noun	derivation / compound	raiman + -ol, “forward-march-noun”; -ol instead of –an to avoid *-anan
raimaniat	promoter			
amanowi	modern		derivation / compound	aman + nowi, “time-new”, -nn- > -n-; cf. Ir. nua-aimseartha, id.
amanowias	modernity			
maisaman	forum		derivation / compound	mai + saman, “place-meeting”
govait	smithwork			
dugov	forgery		derivation / compound	du + gov, “bad-fold”
dugov	fake	noun		noun
dugoviat	forger			one who makes a fake
dugoviat	faker			
dugovi	to forge	verb		to make a fake
dugovi	to fake	verb		
sugov	imitation			
sugovi	to imitate	verb		
sugoviat	imitator			
angovi	to unfold	verb		
angoviat	unfolder			
swangovi	to develop	verb	derivation / compound	su+angovi, “good-unfold”
swangoviat	developer			
swangov	development			
swangovitu	developed			
diduran	interest		derivation / compound	being interested in something; did[iu] + uran, “outside-finding”
didurac	interesting	adjective		adjective
besloiac	cultural			
besloini	to culturise	verb		
besloinan	culturisation			
besloiniat	culturiser			
divesloini	to acculturise	verb	derivation / compound	loss of culture; di + besloini, “un-culturise”
divesloinan	acculturisation			
divesloiniat	acculturiser			
dantu	tooth			
laudantu	toothache		derivation / compound	lau + dantu, “sore-tooth”
dantugwid	dentist			
dantugwidait	dentistry			
danti	to teeth	verb		when babies grow teeth
dantan	teething	noun		noun
dantiat	teether			baby who grows teeth
cnugni	to read	verb	derivation / compound	cnusa + gni, “pick-know”
cnugniat	reader			
cnugnan	lecture			reading
gnas	sex			
gnasac	sexy			
gnasa	to have sex	verb		
gwarg	sex			
gwarge	to have sex	verb		
gwargac	sexy			
dicaradonait	misanthropy		derivation / compound	hatred of people; di + cara- + don + -ait, “un-love-person-condition”
dicaravenait	misogyny			hatred of women
dicaragwirait	misandry			hatred of men
dicaraswausait	misophonia			hatred of sound
dicaradonaun	misanthropist			
dicaravenaun	misogynist			
dicaragwiraun	misandrist			
dicaraswausaun	misophonist			
gwepgwid	terminologist			
gwepgwidait	terminology			
ambosanal	article		derivation / compound	ambosan + -al, “joint-little”
anu conantunac	definite noun			
anu anconantunac	indefinite noun			
conanti	to define	verb		
conantunac	definite			
conantunacas	definiteness			
anconantunac	indefinite			
anconantunacas	indefiniteness			
conantiat	definer			
conantan	definition			
antunac	finite		derivation / compound	antu + -nac, “end-like”
diantunac	infinite			di- instead of an- to avoid repetition of **ananthunac
rianu teitunac	possessive pronoun			
rianu donac	personal pronoun			
ranal gwepgesac	verbal particle			
gweprai	preposition			
gwepraini	to prepose	verb		
gweprainiat	preposer			
gweprainan	preposing	noun		noun
gwepraiac	prepositional			
bilan	matter		derivation / compound	bil + -an, “trunk-thing”; cf. E. matter < OFr. matere < L. materia < “hard inner wood of a tree”, cf. Gr. hyle “wood, firewood” > “matter”
bilanas	material	noun		noun
bilanac	material	adjective		adjective
bilanasac	materialistic			
bilanasait	materialism			
bilanasaun	materialist			
bilanasu	materiality			
bilani	to materialise	verb		
bilanu	materialisation			
bilaniat	materialiser			
divilani	to dematerialise	verb		
divilaniat	dematerialiser			
divilanu	dematerialiser			
anbilanac	immaterial			
artunac	structural			
artuni	to structure	verb		
artuniat	structurer			
artunan	structuring	noun		noun
ansucert	unsure			
ansucert	uncertain			
ranrai	prefix			
ranraini	to prefix	verb		
ranrainiat	prefixer			
ranrainan	prefixation			
coilan	narrowing	noun		noun
coili	to make narrow	verb		
coili	to lenite	verb		
coilan	lenition			
coiliat	narrower			one who makes narrow
coiliat	leniter			
gwidul	letter			little wood
gwiduli	to letter	verb		
gwiduliat	letterer			
gwidulan	lettering	noun		noun
gnigwep	literature		derivation / compound	gni + gwep, “know-word”
gnigwepac	literate			
gnigwepait	literacy			
angnigwepac	illiterate			
angnigwepait	illiteracy			
gwidulac	literal		derivation / compound	gwidul + -ac, “letter-like”
inte gwidulac	literally			
blar	pale			
blaras	paleness			
da	two			
carstalu	garage		derivation / compound	car + stalu, “car-shed”, in analogy with historical naustalu, DLG 2003, p. 232
educravan	office room		derivation / compound	edu + cravan, “room-writing”
gwotei	cellar		derivation / compound	gwo + tei, “under-house”
edudor	hallway		derivation / compound	edu + dor, “room-door”
enaitol	entrance			
prensucletu	staircase		derivation / compound	pren + sucletu, “tree-stairs”
edusedan	living room		derivation / compound	edu + sedan, “room-sitting”
maidor	corridor		derivation / compound	mai + dor, “place-door”
targweri	to pass through	verb		
targweran	passage			
targweriat	passenger			
clusduman	chimney		derivation / compound	clus + duman, “hole-smoke”
balanwiat clusduman	chimney sweep			
bilatus	gallery		derivation / compound	bilat + us, “terrace-high”
prenderc	balcony			
bilat	terrace			
garu sloi	slogan		derivation / compound	garu + sloi, “shout-group”, cf. Gael. sluagh-ghairm, id.
garu catu	battlecry			
beculoi	swarm			group of bees
etanloi	flock			group of birds
turcloi	sounder			group of pigs
daiac	dual	adjective	derivation / compound	adjective, da + -ac, “two-like”, with epenthetic -i-
daiacas	duality			
sloiac	collective	adjective		adjective
sloiacas	collectivity			
gwirin	masculine			
gwirinas	masculinity			
benin	feminine			
beninas	femininity			
lingovi	to lap	verb		water lapping on the shore
gwerwolat	joy			
gavali	to split	verb	derivation / compound	gaval + -i, “fork-ing”
gavalan	split			
gavaliat	splitter			
critavo	to terrorise	verb	derivation / compound	crit + avo, “tremble-make”
critaviat	terrorist			
critavan	terrorism			
urcritavan	anti-terrorism			
gwirtoi	archer		derivation / compound	gwir + toi, “man-bow”
gwirtoi	bowman			
gwirtoiait	bowmanship			
druid	druid			Gaulish and pan-Celtic scholar, philosopher, lawman, judge and religious official
druidait	druidism			
ducani	to howl	verb	derivation / compound	du + cani, “bad-sing”
ducaniat	howler			
ducanu	howl	noun		noun
cava	coffee			
te	tea			
nudele	noodles			
oris	rice			
emen	butter			
emeni	to butter	verb		
emeniat	butterer			
emenan	buttering			
salat	sausage			
glasrun	vegetable		derivation / compound	glas + run, “green-secret”
glasrun	plant			
glasruni	to plant	verb		
glasruniat	planter			
glasrunan	plantation			
awi	egg			< PrC. *awyo, cf. W. wy, Br. ui, C. oy
awini	to egg	verb		to throw eggs
awiniat	egger			
awinan	egging			
ivanaval	cider		derivation / compound	ivan + aval, “drink-apple”
ianwi	to correct	verb		
ianwian	correction			
ianwiat	corrector			
sugestolac	safe			
sugestol	safety			
en gestoli o	so that			securing that
berada	to send	verb	derivation / compound	ber + ada, “carry-place”
beradaiat	sender			
beradat	sending	noun		noun
beradat	dispatch			
beradati	to dispatch	verb		
beradatiat	dispatcher			
beradatan	dispatching	noun		noun
penroti	to roll	verb	derivation / compound	pen + roti, “head-wheel”
penrotiat	roller			
penrot	roll			
cisgnat	cradle		derivation / compound	cis + gnat, "basket-child"
cisgnati	to cradle	verb		
cisgnatiat	cradler			
cisgnatan	cradling	noun		noun
linlat	flag		derivation / compound	lin + lat, “cloth-flat”
gnitac	ordinary			
gnitacas	ordinariness			
gnit	order			
sugnit	orderly			
sugnitas	orderliness			
ongov	simple		derivation / compound	on + gov, “one-fold”
ongovas	simpleness			
ongovi	to simplyfy	verb		
ongoviat	simplifier			
ongovan	simplification			
ongovac	simplistic			
ongovacas	simplicity			
ongovu	simpleton			
atwian	fosterage			
dilipi	to adopt	verb	derivation / compound	di + lipi, “un-abandon”
dilipan	adoption			
dilipiat	adopter			
gwenatwian	foster-family			
conatwian	joint fosterage			
atwi stat	to take a stance	verb		to adopt an attitude
atwi stat gwomal	to keep a low profile	verb		to adopt a careful attitude/stance
lamsiri	to reach out	verb		
lamsiri	to stretch	verb		
lamsiran	stretch	noun		noun
lamsiran	outreach	noun		noun
lamsiriat	stretcher			
lamsiriat	outreacher			
nedon	nobody			
gavi	imperative of “to have”	verb		“take”
meiu	a little			
angranwar	serious			
angranwaras	seriousness			
cocle	to constipate	verb	derivation / compound	co + cle, “together-push”
cocletu	constipated			
cocleien	constipation			
cocleiet	constipator			
aliudew	idol		derivation / compound	aliu + dew, “image-god”
aliudewait	idolatry			
aliudewi	idolise			
aliudewiat	idoliser			
aliudewan	idolisation			
aliudewac	idolatrous			
aliudewacas	idolatrousness			
donamat	fan		derivation / compound	don + amat, “person-likeing”
clustuc	arsehole		derivation / compound	clus + tuc, “hole-arse”
clustucait	arseholism			
conatespa	to correspond	verb		
conatespaiat	corresponder			
conatespat	correspondence			
dwawel	fart		derivation / compound	du + awel, “bad-wind”
dwaweli	to fart	verb		
dwaweliat	farter			
dwawelan	farting	noun		noun
mensiri	to stress	verb	derivation / compound	men + siri, “think-lengthen”
mensiran	stress			
mensiriat	stresser			
cromisa	to menstruate	verb	derivation / compound	cro + mis + -a, “blood-month-ing”
cromisan	menstruation			
cromisaiat	menstruater			
mensiran cin cromisan (MCC)	pre-menstrual tension			PMT
insin	here			
inse	there			
traiu	still			
traiu	ongoing			
traiu	continuous			
traiunas	continuity			
ogri	to freeze	verb		
ogran	frost			
ogriat	freezer			
trunlat	monkey			< Gr. simos "flat nose”
trunlati	to monkey around	verb		
trunlatan	monkeying around			
trunlatiat	one who monkeys around			
asin	donkey			< Sumerian asnu
saraf	giraffe			< Arabic zarafa
milcawar	elephant		derivation / compound	mil + cawar, "animal-giant", cf. W. cawrfil, id.
avancarc	crocodile		derivation / compound	avanc + carc, "watermonster-stone" < Gr. crocodile "stone-worm"
teimar	hall		derivation / compound	tei + mar, “house-big”
marunac	deadly			
marunacas	deadliness			
marusac	deathly			
marusacas	deathliness			
marwiac	mortal		derivation / compound	marwi + -ac, “dying-like”
marwiacas	mortality			
duratwi	to doom	verb		
duratu	doom			
duratwiat	doomer			
duratwian	dooming	noun		noun
donwat	elf		derivation / compound	fairy; don + mat, “person-good”, cf. Ir. na daoine maithe, id.
matin	female lynx			< Galat. matina, Hesychian gloss, Witczak 2012, cf. W. maden “vixen”)
matuc	male lynx			< Galat. mataco-, Hesychian gloss, Witczak 2012cf. W. madog. Br. matoc, matec, “fox”
matar	pike			Witczak 2012
contai	to syntactise	verb	derivation / compound	con + tai, “with-touch”
contaitol	syntax			
contaiat	syntactiser			cf. Gr. kontagiatis "syntacter" > grammarian, editor
contaiat	grammarian			
contaiac	syntactic			
dutai	to mess up	verb		
dutaitol	mess			
dutaiat	mess maker			
dutaiac	messy			
sutai	to tidy up	verb		
sutaiat	person who tidies up			
sutaitol	tidiness			
sutaiac	tidy			
gwertai	to obsess	verb		
gwertaiat	obsessor			
gwertaitol	obsession			
gwertaiac	obsessive			
gwotai	to neglect	verb		
gwotaiat	neglector			
gwotaitol	neglect			
gwotaiac	negligent			
ditai	to discard	verb		
ditaiat	discarder			
ditaitol	discarding	noun		noun
andetai	to fuss	verb		
andetaiat	fusser			
andetaitol	fuss			
andetaiac	fussy			
amtai	to wrap	verb		
amtaiat	wrapper			
amtaitol	wrap			
atai	to hug	verb		to fondle
ataiat	hugger			fondler
ataitol	hug			fondle
artai	to introduce	verb		
artaitol	introduction			
artaiat	introducer			
artaiac	introductary			
cintai	to do foreplay	verb		
cintaitol	foreplay			
cintaiat	foreplayer			
cintaiac	foreplay-like			
urtai	to conspire	verb		
urtaiat	conspirator			
urtaitol	conspiracy			
urtaiac	conspiratory			
ancoswad	uncomfortable			
brondelget	bra		derivation / compound	bron + delget
gwer eti	even more			
berwen	to inform	verb	derivation / compound	ber + men, "carry-think"
berwenu	information			
berweniat	informant			
berwenac	informative			
gwenac	familial			
donac	personal			
cocerdi	to collaborate	verb		work together
canver	to relieve	verb	derivation / compound	can + ber, "carry together"
canveru	relief			
canveriat	reliever			
canverac	relevant			
canveracas	relevance			
esgwir	widow		derivation / compound	es + gwir,”without-man”
esben	widower			
esgwiri	to widow	verb		
esgwiritu	widowed			
esgwiran	widowing			
esgwiriat	widower			
esgwiriat	widow-maker (			
loscriti	to swing	verb	derivation / compound	to sway; losc- + crit-, “tilt-tremble”
loscritiat	swinger			swayer
loscritan	swing	noun		noun; physical object [child’s play equipment] and abstract concept (e.g. voter change from one side to another; authority
arpencriti	to sway	verb	derivation / compound	arpen + criti, “side-tremble”
arpencritiat	swayer			
arpencritan	sway	noun		noun
sulingen mantu	chat			"jaw dance"
avo sulingen mantu	to have a chat	verb		"to do a jaw dance"
cir	murky			dark; De Bernardo-Stempel, "Phonetic Interface Word Form, in Cont. Celt" 2014
ciras	murkiness			darkness, Stempel 2014
swar	fierce			Stempel 2014
cicol	fleshy			Stempel 2014
sut	produce			fruit, Stempel 2014
sudelge	to last	verb		
sudelget	laster			something which lasts well
sudelgen	duration			
arbudin	preservation			
arbudini	to preserve	verb		
arbudiniat	preserver			
arbudinaun	preservationist			
arbudinac	preservational			
silu	race			of humans
silu donic	human race			mankind
donicas	humanity			quality
donicait	humanity			moral trait
iud	jew			
iudac	jewish			
iudait	jewry			
iudacas	jewishness			
anadarcet	wood spirit			
bescoti	to practice Celtic paganism	verb	derivation / compound	bes + cot, “culture-ancient”
bescotiat	practioner of Celtic paganism			
bescotan	practice of Celtic paganism			
sloicanu	choir		derivation / compound	sloi + canu, “song-group”
broiater	fatherland			
donbroi	countryman			
gweri	to happen	verb		the passage of things
gweran	happening			event
delgar	school		derivation / compound	delg + -ar, “hold-area”, cf. Gr. skhole “a holding back; place of holding, keeping”; cf. uercaria
edumenrodi	classroom		derivation / compound	edu + menrodi, “room-teaching”
teisentiat	hotel		derivation / compound	tei + sentiat, “house-traveller”
teicican	butcher shop		derivation / compound	tei + cican, “house-butchering”
esgus	lethargic		derivation / compound	es + gus, “without-energy”
esgusas	lethargy			
teicuru	pub		derivation / compound	tei + curu, “house-beer”
teimotan	brothel		derivation / compound	tei + motan, “house-fucking”
prenal	sapling			
gendul	bud		derivation / compound	gen + dul, “born-leaf”
gnatal	baby			
don gwis	wise person			= of the cunning folk, folk magician
done gwis	wise people			= the cunning folk, folk magicians
don gnion	knowing person			= of the cunning folk, folk magician
done gnion	knowing people			= the cunning folk, folk magicians
done taus	silence people			= the cunning folk, folk magicians
don taus	silence person			= of the cunning folk, folk magician
sucinaci	to freshen	verb		
sucinaciat	freshener			
sucinacan	freshening	noun		noun
atesucinaci	to refresh	verb		
atesucinacan	refreshening	noun		noun
atesucinacol	refreshment			
atesucinaciat	refresher			
atelani	to refill	verb		
atelaniat	refiller			
athelanan	refill			
paral	bottle		derivation / compound	par + -al, “cauldron-small”
parali	to bottle	verb		
paraliat	bottler			
paralbron	bottle for feeding infants		derivation / compound	paral + bron, “bottle-breast”
cloc	bell			
tir	land			< Tirro, Tironius; Whatmough 1970, p. 229, 658
cridal	little heart			poetic image
sucol	slender			
sucolas	slenderness			
ancoranac	uncommon			
ancoranacas	uncommonness			
esberada	to emit	verb	derivation / compound	es + berada, "out-send"
esberadat	emission			
esberadaiat	emitter			
treverada	to transmit	verb	derivation / compound	tre + berada, “across-carry-place”
treveradat	transmission			
treveradaiat	transmitter			
enbi	to draw	verb	derivation / compound	en + bi, “in-cut”
enbiat	drawer			
enbion	drawing			
anutaran	generic swearword		derivation / compound	anu + taran, "name-storm"
di	off	preposition		preposition
uri in aman sir can pet nep	to be bored with something	verb		to find the time long with
cicro	wound		derivation / compound	cic + cro, “flesh-blood”
cicroi	to wound	verb		
cicroitu	wounded			
cicroiat	wounder			
cicroitol	wounding	noun		noun
claci	to clank	verb		
claciat	clanker			
clac	clank	noun		noun, onomatopeia; the sound of something clanking
clacan	clanking	noun		noun
cleci	to ring	verb		make sound
cleciat	ringer			bell
clec	ring	noun		noun, onomatopeia; the sound of a bell ringing
clecan	ringing	noun		noun; ringing of a bell or a phone or similar
britwian	consideration			
britwiac	considerable			
britwiat	considerer			
britwi	to consider	verb		
coderci	to regard	verb		to consider
codercan	regard			consideration
coderciat	regarder			
ancodercid	regardless			
tegimat	farewell		derivation / compound	tegi + mat, “leave-well”
spa tegimat	to say farewell	verb		
dimai	away		derivation / compound	di + mai, "off-place"
cumlat	dish		derivation / compound	cum + lat, “hollow-flat”
camanisaran	railway		derivation / compound	caman + isaran, “road-iron”, cf. Fr. chemin-de-fer, id.
riol	bus		derivation / compound	ri + ol, "for all", cf. L. omnibus, id.
riolten	train		derivation / compound	riol + ten, “bus-fire”
menancu	addiction		derivation / compound	men + ancu, “think-hook”
menancunitu	addicted			
menancunac	addictive			
menancuni	to addict	verb		
menancunaun	addict			
menancuniat	addicter			
liautir	landscape			liaut-tir, “shape-land”
liautiri	to landscape	verb		
liautiriat	landscaper			
liautiran	landscaping	noun		noun
broilondu	country side			broi-londu, “country-wild”
broiac	rural			
broiacas	ruralness			
licada	to pave	verb	derivation / compound	lic + ada, “flat rock-place”
licadaiat	paver			
licadat	pavement			
cisal	coffin		derivation / compound	cis + -al, “basket-little”
scotir	shovel		derivation / compound	scot + tir, “scraper-land”
scotiri	to shovel	verb		
scotiriat	shoveller			
scotiran	shovelling			
scotiriat cacu	shit shoveller			
dacel	pair		derivation / compound	da + cel, “two-partner”
daceli	to pair	verb		
dacelan	pairing	noun		noun
daceliat	pairer			
cocel	couple			
coceli	to couple	verb		
coceliat	coupler			
cocelan	coupling			
duvur ten	liquor		derivation / compound	duvur + ten, “water-fire”, strong alcohol
gwepsai	to riddle	verb		
gwepsaitol	riddle			
gwepsaiat	riddler			
corutanc	treaty		derivation / compound	coru + tanc, “contract-peace”
penarweri	to prefer	verb	derivation / compound	pen + arweri, “head/main-pleasure”; pen- as prefix
penarwer	preference			
penarweriat	preferer			
penarweran	prefering	noun		noun
penarwerac	preferential			
lostarwer	avoidance		derivation / compound	lost + arwer, “tail pleasure”; lost- as prefix, by analogy with pen-
lostarweri	to avoid	verb		
lostarweriat	avoider			
lostarweran	avoiding	noun		noun
dicari	to hate	verb	derivation / compound	di + cari, “un-love”
dicariat	hater			
dicarat	hatred			
aucara	to unfriend	verb		
aucariat	unfriender			
aucarat	unfriending	noun		noun
aucaran	non-friend			
aucaranait	non-friendship			
dwarwer	detestation		derivation / compound	du + arwer, “bad-pleasure”
dwarweri	to detest	verb		
dwarweriat	detester			
durunboi	to strike	verb	derivation / compound	to hit hard; durun + boi, “fist-hit”
durunboiat	striker			
durunboitol	strike			a blow or a hit
acaunwargu	brick		derivation / compound	acaun + margu, “stone-clay”; cf. W. priddfaen, id.
gnitu	rank	noun	derivation / compound	noun; gnit + -u, "order-thing"
gnitwi	to rank	verb		
gnitwiat	ranker			
ne coeti	neither			“not also”
dicondu	unreason			
dicondunac	unreasonable			
conada	to combine	verb	derivation / compound	con + ada, “together-place”
conadat	combination			
conadaiat	combiner			
amanentar	middle ages		derivation / compound	aman + entar, “time-between”
amanentarac	medieval			
mendron	threat		derivation / compound	men + dron, “think-quarrel”
mendroni	to threaten	verb		
mendroniat	threatener			
mendronan	threatening	noun		noun
gwiruvisas	reality		derivation / compound	gwiru + bis, “true-being”, cf. C. gwirvos, Br. gwirvoud, id.
gwiruvis	real			
gwiruvisac	realistic			
gwiru	#VALUE!		#VALUE!	
gwertali	to mutate	verb	derivation / compound	gwerti + al, “turn-other”
gwertalan	mutation			
gwertaliat	mutater			
belisoc	totalitarian	adjective	derivation / compound	adjective, belis + oc, “power-complete”
belisocait	totalitarianism			
belisocaun	totalitarian	noun		noun
cosepat	consequence		derivation / compound	co + sepat, “with-following”
cosepatac	consequential			
sucerd	art			
sucerdac	artistic			
tigerenocait	tyranny			
tigerenoc	tyrant		derivation / compound	tigeren + oc, “boss-complete”
gweprun	code		derivation / compound	gwep + run, “word-secret”
gwepruni	codify			
gwepruniat	codifier			
gweprunan	codification			
arem	respect		derivation / compound	ar + rem, “before-chief”, cf. Ir. urraim < *air-réim, id.
aremac	respectable			
aremacas	respectability			
aremwar	respectful			
aremwaras	respectfulness			
aremi	to respect	verb		
aremiat	respecter			
diarem	disrespect			
diaremac	disrespectable			
diaremacas	disrespectability			
diaremwar	disrespectful			
diaremwaras	disrespectfulness			
diaremi	to disrespect	verb		
diaremiat	disrespecter			
apisu	idea		derivation / compound	apis + -u, “see-thing”
apisunac	ideal	adjective		adjective
menupen	ideal	noun	derivation / compound	noun; menu + pen, “thought-head”
menupenaun	idealist			
menupenac	idealistic			
menupenait	idealism			
gwescara	to deserve	verb		
gwescaran	merit			
penanda	to bow	verb	derivation / compound	pen + anda, “head-lower”
penandan	bow			bow down
penandaiat	bower			one who bows down
anwin	unkind		derivation / compound	an + min, “un-gentle”
anwinas	unkindness			
answad	bitter		derivation / compound	an + swad, “un-sweet”
answadas	bitterness			
antau	loud		derivation / compound	an + tau, “un-quiet”
gwaiac	curvy			
matircot	grandmother		derivation / compound	matir + cot, “mother-ancient”
matircara	great-grandmother		derivation / compound	matir + cara, “mother-dear”, cf. Br. kunv, W. cu, id.
atercot	grandfather			
atercaron	great grandfather			
cinatercaron	great-great-grandfather			“before-great-grandfather”
cincinatercaron	great-great-great-grandfather			“before-before-great-grandfather” > etc.
cinwatircara	great-great-grandmother			“before-great-grandmother”
cincinwatircara	great-great-great-grandmother			“before-before-great-grandfather” > etc.
diagwediat	gentile			non-worshipper
dicredan	unbelief			
dicredi	to not-believe	verb	derivation / compound	di + credi, “not-believe”
dicrediat	unbeliever			
didewait	atheism		derivation / compound	di + dew + -ait, “not-god-condition”
didewac	atheistic			
didewaun	atheist			
ancredac	incredulous			
ancredi	to disbelief	verb		
ancrediat	unbeliever			
on a cel	each other			"one to a companion", cf.Br. an eil d'egil; W. ei gilydd; Ir. a cheile, id.
on a al	each other			“one to another”
cansai	to conquer	verb	derivation / compound	can + sai, “with-seek”
cansatol	conquest			
cansaiat	conqueror			
auderci	to despise	verb	derivation / compound	au + derci, “away-from-look”
auderciat	despiser			
audercan	despisal			
audercid	despiccable			
dulimwi	to poison	verb		
dulimwiat	poisoner			
dulimu	poison			
gigur	goose			Gigurri, “geese”, Asturian people, Pliny NH, III, 28
andersugarac	derisive		derivation / compound	ander + sugar, "down-laugh"
andersugar	to deride	verb		
andersugariat	derider			
andersugaru	derision			
cunac	cynical		derivation / compound	cun + -ac, “dog-like”, cf. Gr. kyniko- < kyn-iko-, id.
cunacas	cynicism			
cunacaun	cynic	noun		noun
anster	loose			
ansteri	to loosen	verb		
ansteriat	loosener			
ansteran	loosening	noun		noun
ansal	clean		derivation / compound	an + sal, “un-dirty”
ansali	to clean	verb		
ansaliat	cleaner			
ansalan	cleaning			
cancerdi	collaborate			
cancerdan	collaboration			
cancerdiat	collaborater			
aiudelgac	everlasting		derivation / compound	aiu + delg- + -ac, “age-holding-like”)
anwarwiac	immortal		derivation / compound	an + marwi + -ac
anwarwiacas	immortality			
marwiac	mortal		derivation / compound	marwi + -ac
marwiacas	mortality			
surodi	to reward	verb	derivation / compound	su + rodi, “good-give”
surodan	award			
surodiat	rewarder			
esbarna	to award	verb	derivation / compound	es + barna, “from-judging”
esbarnaiat	awarder			
esbarnu	award			
cleteni	to shoot	verb	derivation / compound	cle + teni, “push-fire”
cleteniat	shooter			
cleten	shoot	noun		noun
rin	to sell	verb		< rino-ti, “you sell”; Reze, Lambert & Stifter 2012; cf. Ir. renaid “sells”
riniat	seller			
rinan	sale			
acugavi	to catch	verb	derivation / compound	acu + gavi, “quick-take”
acugaviat	catcher			
acugavan	catch	noun		noun
teistantu	station		derivation / compound	tei + stantu, “house-standing”
teistantu riolten	train station			
teistantu riol	bus station			
teistantu camanisaran	railway station			
tigeren teistantu riolten	train station master			
tigeren teistantu	station master			
teistanti	to station	verb		
teistantiat	stationer			
teistantan	stationing	noun		noun
teiprinu	shop		derivation / compound	tei + prinu, “house-purchase”
teiprinwi	to shop	verb		
teiprinwiat	shopper			
teiprinwian	shopping	noun		noun
teiprinwisaiat	shopaholic			
teivracan	brewery			brew-house
teivoitol	brothel		derivation / compound	tei + boitol, “house-hit/knock”, cf. knockshop, id.
teimotan	brothel		derivation / compound	tei + motan, “house-fucking”
teimescan	pub		derivation / compound	tei + mescan, “house-intoxication”
delgari	to school	verb		
delgariat	schooler			
delgaran	schooling	noun		noun
tei ivan	pub			“house-drink”
tenstatu	glee		derivation / compound	ten + statu, "fire-stood", cf. Br. tantad, tantez; W. tandod < *teno-taato-, id.
tenstatumar	gleeful			
gwerwolatwar	joyful			
romedi	marvel		derivation / compound	ro + medi, "beyond-middle/centre", W. rhyfedd, OW. rimed < *ro-med-
romediac	marvelous			
romediacas	marvelousness			
romeda	to marvel	verb		
romedaiat	marveler			
romedat	marveling	noun		noun
copeta	to invite	verb	derivation / compound	co + peta, "ask-along", cf. Br. pedin
copetan	invitation			
copetaiat	inviter			
bratumar	grateful		derivation / compound	bratu + mar, “thanks-big”, cf. W. diolchgar
bratumaras	gratefulness			
sugwici	to earn	verb	derivation / compound	su + gwici, "good-win", cf. W. ennill "to earn" & "to win"
sugwichiat	earner			
sugwican	income			earning
comaras	volume		derivation / compound	co + maras, “with-bigness/size”, cf. W. cyfaint cy + maint, "with-size"
comarasac	voluminous			
agedbroi	scene		derivation / compound	aged + broi, "face-land", cf. Br. dremmvro, id.
agedbroiac	scenic			
agedbroiu	scenery			
urbatu	hypocrisy		derivation / compound	ur + batu, "against-appearance", cf. Wn. rhagrith, id.
urbatuc	hypocritical			
urbataun	hypocrit		derivation / compound	urbatu + -aun, loss of –u- before –aun
atavan	practise			
atavo	to practice	verb	derivation / compound	at(e) + avo, "again-do"
ataviat	practitioner			
atavac	practical			
atavacas	practicality			
gworbor	to exercise	verb	derivation / compound	gwor + bor, "produce-agitating"
gworboru	exercise			
gworboriat	exerciser			
sucamani	to train	verb	derivation / compound	su + camani, "good-roading", cf. W. hyfforddi "good road"
sucaman	training			
sucamaniat	trainer			
gwercal	string		derivation / compound	gwerc + al, “rope-small”
gwercali	to string	verb		
gwercaliat	stringer			
gwercu	line			gwerc, "hemp", cf. L. linae "flax" > E. Fr. "line"
gwerci	to draw a line	verb		
gwerciat	line drawer			
gwergwead	thread		derivation / compound	gwerc + gwead, "hemp-spindle", -cg- > -g-
gwergweadi	to thread	verb		
gwergweadiat	threader			
divlasi	to bore	verb		
divlas	boring		derivation / compound	di + blas, "off-taste"
esblas	bland		derivation / compound	es + blas, “without-taste”
esblasas	blandness			
resu	row			res "competition" > row of competitors, e.g. at starting line for race
coresu	list		derivation / compound	co + res, “with-row(s)”
coreswi	to list	verb		
coreswiat	lister			
coreswian	listing	noun		noun
licresu	catalogue		derivation / compound	lich + resu, "slab-row", cf. W. llechres "slab + row/line"
licreswi	to catalogue	verb		
licreswiat	cataloguer			
cletwen	roster		derivation / compound	clet + men, "frame-think"
cletweni	to roster	verb		
cletweniat	rosterer			
gnitwen	schedule		derivation / compound	gnit + men, "order-think"
gnitweni	to schedule	verb		
gwisusaitol	philosophy			
ardusam	highest			
ardwen	high country			< arduenna [silva], “high country [forest]”
barbarat	barbarian			
Elada	Greece			
Eladac	Greek			
gwisusaiat	philosophers			
Celt	Celtic person			
-am	superlative ending for words ending on consonant	affix		
-sam	superlative ending for words ending on vowel	affix		
bateni	to impale	verb	derivation / compound	bat + en, “stick-in”
bateniat	impaler			
batenan	impalement			
rencro	bloodflow		derivation / compound	ren + cro, “flow-blood”
rencroitol	haemorrhoid	noun	derivation / compound	ren + croitol, “flow-bleeding”, cf. Gr. haemorrhoid < haima + rhoos < rhein “to flow”, “blood-flow-noun”
iacugwid	doctor		derivation / compound	iacu + gwid, “remedy-ologist”
iacugwidait	medicine		derivation / compound	iacu + gwidait, “remedy-ology”
bragu	braying	noun		noun; e.g. of donkey; < L. bragire < Gaul. bragu, French Words of Gaulish Origin [wikipedia]
bragwi	to bray	verb		
bragwiat	brayer			
braga	to show off	verb		< OFr. brave < Occ. brau < Gaul. bragos, French Words of Gaulish Origin [wikipedia]; cf. E. to brag, id.
bragaiat	show-off			
bragat	showing-off	noun		noun
braga	to brag	verb		
bragaiat	bragger			
bragat	bragging	noun		noun
capu	tent			< OFr. chavanne, Prov. cabana < Gaul. capanna “hut” < Gaul. cappos “tent”, French Words of Gaulish Origin [wikipedia]
capan	cabin			< OFr. chavanne, Prov. cabana < Gaul. capanna “hut” < Gaul. cappos “tent”, French Words of Gaulish Origin [wikipedia]
cal	pebble			< Fr. calliou < Gaul. cali “pebble”, French Words of Gaulish Origin [wikipedia]
cul	screen			< Fr. coule “cowl” < Gaul. cullo “covering, shelter”; cf. cucul “hood”; French Words of Gaulish Origin [wikipedia]
culi	to screen	verb		
culiat	screener			
culpen	veil		derivation / compound	cul + pen, “screen-head”
culwon	scarf		derivation / compound	cul + mon, “screen-neck”
culgul	shawl		derivation / compound	cul + gul, “screen-shoulder”
cragu	hoarse		derivation / compound	< Fr. cravan “brant goose” < dial. Fr. cravant “wild goose” < *crag- + -ant < Gaul. crago “hoarse”, cf. W. cryg, C. kreg, id; French Words of Gaulish Origin [wikipedia]
cragan	wild goose		derivation / compound	crag- + -ant “croaker” < Gaul. cragu “hoarse”, French Words of Gaulish Origin [wikipedia]
cragal	duck		derivation / compound	< crag- + -al, “croak-small”
craga	to croak	verb		
cragaiat	croaker			
cragat	croak	noun		noun
dolv	chisel			< Fr. douve “liver fluke” [parasitic worm] < Gaul. dolba “worm, grub”< Gaul. dolbu “chisel, carve”, French Words of Gaulish Origin [wikipedia]
dulv	worm			< Fr. douve “liver fluke” [parasitic worm] < Gaul. dolba “worm, grub”< Gaul. dolbu “chisel, carve”, French Words of Gaulish Origin [wikipedia]
dulval	grub		derivation / compound	dulv + -al, “worm-small”
dulvucos	caterpillar		derivation / compound	dulv + cos [with epenthetic /u/], “worm-leg”
dolvi	to chisel	verb		
dolviat	chiseler			
dolvan	chiseling	noun		noun
dulvi	to worm	verb		to crawl or squeeze into narrow, tight spaces in an undignified manner
dulvi	to worm	verb		to collect worms e.g. for fishing bait
dulviat	wormer			
dulvan	worming	noun		noun
didulvi	to de-worm	verb		of a human or an animal; medical treatment
didulviat	de-wormer			
didulvan	de-worming	noun		noun
drasc	dregs			brewing dregs < Fr. drèche < OFr. drasche < Gaul. drasca “barley dregs, grape skins”, cf. Gael. treasg, E. dregs, id.; MIr. tresc “refuse, offal”; French Words of Gaulish Origin [wikipedia]
drul	rag			< Fr. drille “rag” < OFr. drille “scrap of fabric” < Gaul. drullo “piece, shred”; cf. W. dryll, MBr. druil, C. dral, id.; French Words of Gaulish Origin [wikipedia]
drulal	scrap of fabric		derivation / compound	drul + -al, “small rag”
druli	to shred	verb		pieces of fabric
druliat	shredder			
drulan	shredding	noun		noun
stan	tin			< Fr. étain < Gaul. stannon, French Words of Gaulish Origin [wikipedia]
frigon	butcher’s broom			Ruscus aculeatus; medicinal plant with anti-inflammatory properties; < Gaul. sprigo-; French Words of Gaulish Origin [wikipedia]
frigu	twig			
friga	to offshoot	verb		to grow our of something else
frigan	offshoot			a secondary growth, e.g. of a plant
frigan	tendril			
frigaiat	offshooter			
frigwi	to grow out	verb		
frigwian	outgrowth			
frigwiat	outgrower			
pinc	finch			< Fr. pinson < Gaul. pincio-, cf. W. pinc, Br. pint; French Words of Gaulish Origin [wikipedia]
misu	moon			< mis, “month”
misunac	lunar			
misuni	to lunate	verb		
misunan	lunation			
misuniat	lunator			
coric	present		derivation / compound	= not absent; co + ric “with-furrow” i.e. “in place”, cf. W. cydrychol, id.
coricas	presence			
atencicid	reincarnative		derivation / compound	ate + en + cic + -id, “again-flesh-like”
atencici	to reincarnate	verb		
atenciciat	reincarnater			
atencican	reincarnation			
encici	to incarnate	verb		
enciciat	incarnater			
encican	incarnation			
gnitweniat	scheduler			
gnisaiac	curious		derivation / compound	gni + sai, "know-seek"
gnisaiacas	curiosity			
gnisai	to study	verb		
gnisaitol	study			n
gnisaiat	student			
pensioitan	bill			
pensioiti	to bill	verb	derivation / compound	pen + sioiti, “head/top-adding”
pensioitiat	biller			
barnureit	sentence		derivation / compound	barnu + reit, “law-judgement”
barnureiti	to sentence	verb		
barnureitiat	sentencer			
cocori	to confederate	verb	derivation / compound	co + cor
cocorac	confederate 	adjective		
cocoran	confederation			
ladani	to deafen	verb		
ladaniat	deafener			
ladanan	noise			
ladanac	loud			
ladanas	loudness			
bodari	to bother	verb		Gaul. bodar- "deaf" =Irish bodhraim > to annoy > loanword into English
bodariat	botherer			
bodaran	bother			
bodarac	bothersome			
rincitu	necessary			"needed", attested rincituso, DLG p. 258
anrincitu	unnecessary			
comenu	concept		derivation / compound	co + menu, “with-thought”; cf. W. cysyniad, id.
duvasci	to hamper	verb		
duvasciat	hamperer			
duvascan	obstacle			
ovonrodi	to frighten	verb	derivation / compound	ovon + rodi, “fear-give”
ovonrodiat	frightener			scarer
ovonrodan	fright			
bis conovon can	to be afraid of	verb		
bodig	self-interest		derivation / compound	bod + ig, “advantage-self”
igait	egoism			
igait	egotism			
igac	egoistic			
igac	egotistic			
cridwigait	self-centeredness			
cridwig	self-centred		derivation / compound	cridu + ig, “centre-own/self”
igwar	selfish		derivation / compound	ig + mar, “own-full/big”
igwaras	selfishness			
esioitac	countless		derivation / compound	es + sioit- + -ac, “without-count-like”
rimwar	numerous		derivation / compound	rim + maw, “number-full/big”
gwiruni	to check	verb		
gwiruniat	checker			
gwirunan	check			n
latan	band			flat strip of cloth, of land, etc.
latavo	to flatten	verb		
lataviat	flattener			
latavan	flattening			
esda	bizarre		derivation / compound	es + da, ", out of/ from two [duality]; cf. Ir. aisdeach, id.
tutwar	bizarre		derivation / compound	tut + mar, “left-full/big”; cf. W. chwithig "left-like"
tutwaras	bizarreness			
dugalv	gross		derivation / compound	du + galv, “bad-fat”
dugalvas	grossness			
gwergavi	to surprise	verb	derivation / compound	gwer + gavi, “on-take”, cf. E./Fr. surprise, id.
gwergaviat	surpriser			
gwergavan	surprise			
gwergavac	surprising			
estartari	to astonish	verb	derivation / compound	es + tartar, "out-of-thunder"
estartariat	astonisher			
estartaran	astonishment			
estartarac	astonishing			adj.
brisal	fragment		derivation / compound	bris + -al, “break-small”
brisali	to fragment	verb		
brisaliat	fragmenter			
sirianta	to long for	verb		
siriantu	longing	noun		noun
gargwoti	to demand	verb	derivation / compound	gar + gwoth, “call-right”
gargwotan	demand	noun		noun
gargwotiat	demander			
gargwotac	demanding	adjective		adjective
sagonali	to robe	verb		
sagonaliat	rober			
troimenwar	mournful		derivation / compound	troi + men + mar, “sad-think-full”
troimenwar	doleful			
troimenwaras	mournfulness			
troimenwaras	dolefulness			
amtegloi	procession		derivation / compound	am + teg + -loi, “around-leave-collective”
enuri	to invent	verb	derivation / compound	en + uri, “in-find”
enuriat	inventer			
enuran	invention			
enurac	inventive			
enuracas	inventiveness			
amtrevol	city		derivation / compound	amtrev + ol, “village-all”
rodwelin	orange		derivation / compound	rod + melin, “red-yellow”
rodbui	purple		derivation / compound	rod + bui, “red-blue”
rodgwin	pink		derivation / compound	rod + gwin, “red-pink”
buinem	skyblue		derivation / compound	bui + nem, “blue-sky”
buinem	azure			
buivlar	lightblue		derivation / compound	bui + blar, “blue-pale”
dunugwin	beige		derivation / compound	dunu + gwin, “brown-white”
suglanwiat	purifier			
glasrunac	vegetable	adjective		adjective
ancicaun	vegetarian	noun	derivation / compound	noun; an + cic + aun, “no-meat-agent”
ancicid	vegetarian	adjective		adjective
ancicaunait	vegetarianism			
depriat glasrun	herbivore			
sugli	to glue	verb		
suglion	glue			
sugliat	gluer			
osac	posterior	adjective		adjective
osalu	posterity		derivation / compound	what remains behind; os + alu, “after-growth”
cinac	anterior	adjective		adjective
cinalu	antecedent		derivation / compound	what came before; cin + alu, “before-growth”
cnugnac	literate			
gnisaiacas	curiosity			
contesac	affectionate			
tesa	to warm	verb		
tesaiat	warmer			thing that warms
tesan	warming			
tesan bitu	global warming			warming of the world
peledi	to venture	verb	derivation / compound	pel + edi, “far-travel”
pelediat	venturer			
peledan	venture	noun		noun
treclet taru	bull bar			
gwidulacas	literalness			
gwociat	addresser			
gwocraviat	signatory			
pelwen	to aspire	verb		
pelwenu	aspiration			
pelweniat	aspirer			
gwinai	to turn white	verb		
blari	to pale	verb		
blaran	paling	noun		noun
blariat	paler			one who goes pale
sta soldur	to stand guard	verb		
croswi	to surf	verb		< crosu “wave”
croswiat	surfer			
croswian	surfing	noun		noun
locuvaru	dawnlight			
antaus	loudness			
lecu	inclination			
lecuni	to incline	verb		
lecuniat	incliner			
lec	slant			
leci	to slant	verb		
leciat	slanter			
catis	female cat			
namanis	female enemy			
namanboi	to scourge	verb	derivation / compound	naman + boi, “enemy-hit”
namanboiat	scourge			
namanboitol	scourging	noun		noun
gwertroiniatis	female mourner			
launiatis	female washer			
lucotis	female mouse			
Rigan Mar	Great Queen			mythological figure/ goddess
etiam	most			
salfri	to pollute	verb	derivation / compound	sal + fri, “dirt-spread”
salfriat	polluter			
salfrion	pollution			
adavan	demonstration			
adaviat	demonstrator			
adavo	to demonstrate	verb		
anscoc	inactive			
anscocas	inactiveness			
anscocu	inaction			
duscoc	disfunctional			
duscocas	disfunctionality			
duscoci	to malfunction	verb		
duscociat	malfunctioner			
duscocan	malfunction			
-ar	suffix indicating place	affix		< samaro- “fallow field”, uercaria “working place > garden”
atecetan	reforestation			
ateceti	to reforest	verb		
atecetiat	reforester			
bolgoman	stomach		derivation / compound	bolg + oman, “belly-intestine”
calul	sock		derivation / compound	calu + -l, “shoe-small”
calule	socks			
clutwi	to make famous	verb	derivation / compound	clutu + -i, “famous-ing”, cf. W. dathlu < dathl “famous”
clutwian	making famous			
clutwiat	famous maker			
clutwitu	celebrity			“famed”
dicetan	deforestation			
diceti	to deforest	verb		
dicetiat	deforester			
didilige	to detach	verb		
didiligen	detachment			
didiliget	detacher			
Diu Lugu	Monday			day of Lugu
disolwi	to progress	verb	derivation / compound	di + solwi, “not-go back”
disolwian	progress			
disolwiat	progressor			
divlasíath	borer			
totanacas	politicalness			
totanaci	to engage in politics	verb		
totanaun	politician			
totanac	political		derivation / compound	totan + -ac, “tribesman-like”, cf. Gr. politikos < polites “citizen” < polis “town”
totanwenu	policy			
totanait	politics			
duracas	urban-ness			
duswer	to mistreat	verb		
dusweriat	mistreater			
dusweru	mistreatment			
duvlas	disgust			
gwovlas	distaste			
duvlasac	disgusting			
gwovlasac	distasteful			
gwovlasacas	distastefulness			
duvlasa	to disgust	verb		
duvlasaiat	disguster			
duvwen	to despair	verb		
duvweniat	despairer			
duvwenu	despair			
duvwenac	desperate			
duvwenacas	desperation			
gwotaiacas	negligence			
lamtai	to caress	verb	derivation / compound	lam + tái, “hand-touch”
lamtaiat	caresser			
lamtaitol	caress	noun		noun
etanlewan	glide			
etanlewi	to glide	verb	derivation / compound	etan + lewi, “bird-slide”
etanlewiat	glider			
maisaman	meeting place			
mapcunis	son of a bitch			
mapcunis sacritu	damned son of a bitch			
mapbenbled	bastard		derivation / compound	map + benbled “son of a whore”
mapbenbled motac	fucking bastard			
mapbenbledan	bastardisation			
mapbenbledi	to bastardise	verb		
mapbenblediat	bastardiser			
menudut	sincere			< menmandutis, DLG 2003, p. 224-25
menudutas	sincerity			
anwenudut	insincere			
anwenudutas	insincerity			
motac	fucking	adjective		adjective, all-purpose expletive
ocrodi	to bestow	verb	derivation / compound	oc + rodi, “complete-give”
ocrodiat	bestower			
ocrodan	bestowing	noun		noun
olsamu	ultimatum			
oman	gut			
oman	intestine			
petal	piece		derivation / compound	pet + -al, “thing-small”
gnatpren	sapling		derivation / compound	gnat + pren, “child-tree”
dos us	upper arm		derivation / compound	dos + us, “arm-high”
ris	rice			
rotaci	to round	verb		
rotaciat	rounder			
rotacan	rounding	noun		noun
runal	clue		derivation / compound	run + -al, “secret-small”
runalac	cluey			
satanac	satisfactory			
sedolbat	packsaddle		derivation / compound	sedol + bat, “seat-stick”; cf. L. bastum “packsaddle” < Gaul. *bat- 
serge	to make sick	verb		
serget	pathogen			sick-making organism
sergetac	pathogenic			
stertai	to massage	verb	derivation / compound	ster + tai, “firm-touch”
stertaiat	masseur			
stertaitol	massage			
sesa	to chair	verb		
sesaiat	chairer			
sesan	chairing	noun		noun
arsedi	to preside	verb	derivation / compound	ar + sedi, “before-sit”, cf. L. praesidere, id.
arsediat	president			
arsedan	presidence			
seiunac	seedy			
seiunacas	seediness			
slancati	to greet	verb		
slancatiat	greeter			
sloinan	collection			
sloini	to collect	verb		
sloiniat	collector			
tancloi	police		derivation / compound	tanc + loi, “peace-collective”, peace-keeping force, cf. W. heddlu, id.
don tancloi	police person			
gwir tancloi	policeman			
ben tancloi	police woman			
tancloini	to police	verb		
tancloinan	policing			
tancloiniat	policer			policing agent or agency
stamn	palate			< stamulos, < *stamno-, DLG 2003, p. 281-82
stamnac	palatable			
stamnacas	palatability			
spamengwid	phraseologist			
spamengwidait	phraseology			
sucrisat	cum			
sucrisat	sperm			
sudac	sooty			
suspa	to recommend	verb	derivation / compound	su + spa, “good-speak”
suspaiat	recommender			
suspat	recommendation			
suspatac	recommendable			
swautaiac	immaculate		derivation / compound	su + autaiac, “good-manage-like”
swautaiacas	immaculateness			
swerte	capable		derivation / compound	swer + -te, “provide-able”
swerteas	capability			
swis	sweat			
swisa	to sweat	verb		
swisaiat	sweater			person
swisan	sweating	noun		noun
tami	to classify	verb		
tamiat	classifier			
taman	classification			
tamavan	qualification			
tamaviat	qualifier			
tamavo	to qualify	verb	derivation / compound	tam + avo, “level-make”
taracetan	mosquito		derivation / compound	tarac + etan, “insect-bird”
taracbedan	tick		derivation / compound	tarac + bedan, “insect-dig”
targweranu	thoroughfare			
taroc	thorough		derivation / compound	tar + oc “through complete”
tarocas	thoroughness			
tarswis	transpiration		derivation / compound	tar + swis, “through-sweat”
tarswisa	to transpire	verb		
tarswisaiat	transpirer			
tengovan	forge		derivation / compound	fireplace, not the building; ten + govan, “fire-smithing”
tengovan	furnace			
testai	to cuddle	verb	derivation / compound	tes + tai, “warmth-touch”
testaiat	cuddler			
testaitol	cuddle	noun		noun
tingac	permanent			
tingacas	permanence			
totacas	tribalness			
trecletan	barring			
troimar	pitiful			
tuc galv	lardarse			tuc + galv, “arse-fat”
turuni	to tower	verb		
turunan	towering	noun		noun
turuniat	towerer			
ratuvor	to gamble	verb	derivation / compound	ratu + bor, “chance-move”
ratuvoru	gamble	noun		noun
ratuvoriat	gambler			
lintuc	nappie		derivation / compound	diaper; lin + tuc, “cloth-arse”
critac ianu	just terrible			right terrible
critac	terrible			< criti “to tremble”
omi	copper			
bitin	tobacco			< native American bittin
bitin mantan	chewing tobacco			“tobacco-mastication”
argandol	bank note			argan-dol, “money-paper”
arganpet	coin			argan-pet, “money-thing”
badum	cigar			
badumal	cigarette			
citar	guitar			
amtotacait	nationalism			
canu molat amtotac	national anthem			
bisu	existence			
bisuni	to exist	verb		
agova	to apply	verb		
agovan	application			
agovaiat	applicant			
ranatu	verse		derivation / compound	poetry; ran + nathu, “part-poem”; -nn- > -n-
coren	mixture		derivation / compound	liquids; co + ren, “with-flow”
coreni	to mix together	verb		
coreniat	mixer			
banstantu	standard		derivation / compound	ban + stantu, “peak-standing”
banstanti	to standardise	verb		
banstantiat	standardiser			
banstantan	standardisation			
batscian	ski pole		derivation / compound	bat + scian, “stick-skiing”
atargar	to represent	verb	derivation / compound	at- + argar, “re-present”
atargaru	representation			
atargariat	representer			
atargarac	representative	adjective		adjective
atargaraun	representative			person
spatoloi	literature		derivation / compound	spatol + -loi, “story-collective”
treliauti	to metamorphose	verb	derivation / compound	tre + liauti, “across-shape”
treliautiat	metamorphoser			
treliautan	metamorphosis			
atedelge	to retain	verb	derivation / compound	ate + delge, “re-hold”
atedelget	retainer			
atedelgen	retention			
sired	distant		derivation / compound	sir + ed, “long-travel”, cf. Ir. fad “long”
siredas	distance			
siredi	to distance	verb		
sirediat	distancer			
siredan	distancing	noun		noun
spatoltot	myth		derivation / compound	spatol + tot, “story-people”
spatoltotloi	mythology			
anativritac	mindblowing		derivation / compound	anati + brit + -ac, “blow-mind-like”
anativriti	to mind-blow	verb		to make a huge impression
anativritiat	mindblower			
aulamsirac	tantalising			
aulamsiri	to tantalise	verb	derivation / compound	au + lamsiri, “away-from-reaching”
aulamsiriat	tantaliser			
aulamsiran	tantalisation			
aman acaun	stone age			
cospatol	book			collection of stories
livir	book			general
es on a on	one by one			from one to one
encor	to include	verb		
encoriat	includer			
encorol	inclusion			
escor	to exclude	verb		
escoriat	excluder			
escorol	exclusion			
andoni	to enter	verb		
andoniat	enterer			
andonan	entry			
mai andonan	entrance			“place entry”
cansioitan gwep	word count			
carc ecuran	milestone			“rock-boundary”
mini	to explain	verb	derivation / compound	min + -i, “gentle/kind-ing”, cf. Ir. minigh, id.
minan	exlanation			
miniat	explainer			
amanar	calendar		derivation / compound	aman + -ar, “time-place”, the place where time is kept
Amanar Coliun	Coligny Calendar			“calendar-puppy”, literally; coliun < Gaul. colign-, diphthongisation of vowel under disappearance of /g/; cf. gwaun < ouaunia < uagna, id., DLG 2003, pp. 305-306; but cf. L. colignum “woodland”
cogwevr	jewel		derivation / compound	co + gwevr, “with-amber”; i.e. “something [object] made with amber”
cargwevr	gem		derivation / compound	carc + gwevr, “stone-amber”
cogwevruloi	jewelry		derivation / compound	cogwevr + -loi, “jewel-collective”, with epenthetic /u/ for ease of pronunciation
enrodi	to surrender	verb	derivation / compound	en + rodi, “in-give”, cf. W. ymroddi, id.
enrodi	to yield	verb		e.g. a contest
enrodan	surrender	noun		noun
enrodan	yield	noun		noun
enrodiat	surrenderer			
enrodiat	yielder			
margu coranelu	polymer clay			
coranelu	polymer		derivation / compound	co + ran + elu, “with-part-many”
sucerdan	artwork		derivation / compound	su + cerdan, “good-work”
e-acuretan	e-mail			
acuretan	mail			
acureti	to mail	verb	derivation / compound	acu + reti, “fast-run”
acuretiat	mailer			
acuretan eleitronac	electronic mail			
eleitronac	electric			loanword < Gr. ilektronikó
eleitron	electricity			
eleitroni	to electrocute	verb		
eleitroniat	electrocuter			
eleitronan	electrocution			
ses eleitronac	electric chair			
don acuretan	postperson			
gwir acuretan	postman			
ben acuretan	postwoman			
suvlasac	tasteful			
suvlasacas	tastefulness			
prenbos	palmtree		derivation / compound	pren + bos, “tree-palm [of hand]”; palm trees are named after their resemblance to the fingers and palm of a human hand
engweit	access		derivation / compound	en + gweit, “in-raid”, cf. W. cyrchu < cyrch “raid”
engweiti	to access	verb		
engweitiat	accessor			
engweitac	accessibile			
engweitacas	accessibility			
gwer sirac	later			“more long-like”
apisur	file		derivation / compound	apisu + -ar, “idea-area”; loss of /a/ after /u/
apisure	files			
gwernal	mast		derivation / compound	gwern + -al, “alder tree-small”
palatru	ray			beam of light
covriti	to comment	verb	derivation / compound	co + briti, “with-mind”
covritiat	commenter			
covritan	comment			
covritanu	commentary			
ditingac	impermanent		derivation / compound	di + ting + -ac, “un-fix-like”
ditingacas	impermanence			
esantunac	endless		derivation / compound	es + antu + -nac, “without-end-like”
acel	edge		derivation / compound	ac + -el, “cut-thing”, < acaun “stone” < ac-aun “cutting-agent”; cf. W. awch, id.
aceli	to edge	verb		
aceliat	edger			
acelan	edging	noun		noun
acelac	edgy		derivation / compound	acel + -ac, “edge-like”
acelacas	edginess			
acidu	sharp			
acidwi	to sharpen	verb		
acidwiat	sharpener			
acidwian	sharpening	noun		noun
ac	and			conjunction
conoivi	to consecrate	verb	derivation / compound	co + noiv, “with-sacred”
conoivan	consecration			
conoiviat	consecrator			
anoiv	unholy		derivation / compound	an + noiv, “ungoly”, -nn- > -n-
anoivas	unholiness			
dinoivi	to desecrate	verb		di-noiv, “off-holy”
dinoivan	desecration			
dinoiviat	desecration			
teiloi tec	the fairy folk			“household beautiful”
trerenac	trans-rhenine		derivation / compound	tre + ren + -ac, “across-Rhine-like”
augwini	to expulse	verb	derivation / compound	au + gwini, “away-from-drive”
augwinan	expulsion			
augwiniat	expulser			
letar	leather			not attested in Gaulish; < PIE *letro-, cf. W. lledr, Br. lezr, Ir. leathar, E. leather, Ger. leder, id.; epenthetic /a/, cf. etan < etno, DLG 2003, p. 434
croc	hide			any animal skin prepared for human use
crocal	rawhide		derivation / compound	croc + cal, “skin-hard”; animal skin fleshed, dried and preserved but not tanned, -cc- > -c-
crogwolt	pelt		derivation / compound	croc + gwolt, “hide-hair”, animal skin with hair; -c-g- > -g-
ble	fur			< ble-sam-, “furriest, hairiest”, Galat. DLG 2003, p. 71; cf. W. blew, Br. blev, C. blew, id. < PIE *bʰl-ew- < *bʰel- (“to swell up”); cf. OGr. φλόος (phloos) “skin, rind, bark < φλέω (phléo) “overflow, teem, abound, gush” < Pr.Hel. *pʰléwō < PIE *bʰl-ew- < *bʰel- (“to swell up”); cf. Nor.Gaul. pleumos- “flow, flood”; cf. also Lith. pluskos “hair”, Pr.WGer. *fleus “fleece” < PIE *plews “to pluck, to pull out”
bles	fleece			< ble-sam-, “furriest, hairiest”, Galat. DLG 2003, p. 71; see “ble” < PIE *bʰl-ew- < *bʰel- (“to swell up”); cf. maybe also Lith. pluskos “hair”, Pr.WGer. *fleus “fleece” < PIE *plews “to pluck, to pull out”
bleac	furry			
blesac	fleecy			
etruletar	bat		derivation / compound	etar + letar, “wing-leather”
busaiat blatu	hummingbird			“kisser-flower”, cf. Port. beija flor, id.
etru	wing			< suetri “good-wings” > bird of prey, DLG 2003. p. 168; cf. Gr. pterón “wing”, E. feather, Ger. Feder, id.
swetru	raptor			< suetri, “good-wings”; cf. L. accipiter < acupiter “fast-bird”
swetru	bird of prey			
etruni	to wing	verb		
etruniat	winger			
etrunan	winging	noun		noun
banlat	corner		derivation / compound	ban + lat, “peak-flat”, cf. W. ban, Ir. binn
banlati	to corner	verb		
banlatiat	cornerer			
conesa	to date	verb		romantically
cones	date		derivation / compound	romantic) (co + nes “with-near”, cf. Ir. coinne
conesaiat	dater			romantically
conesan	dating			romantically
mai cletwar conesan	dating site			
diun	date		derivation / compound	time; diu + -n, substantivising suffix, cf. W. dyddiad, dyddio
diuni	to date	verb		to put a time[-period] on something
diuniat	dater			someone who puts a time[-period] on something
diunan	dating			determing period of time
diunan carbu	carbon dating			
cletutes	temperature		derivation / compound	cletu + tes, “ladder-warmth”
luitu	pound			weight; luit –u, “load-thing””; cf. W. pwys
luital	gram		derivation / compound	luit + -al, “load-small”
milanluital	kilogram		derivation / compound	milan + luital, “1000 gram”
meiluital	milligram		derivation / compound	mei + luital, “small-gram”
gwogavi	to get	verb	derivation / compound	gwo + gavi, “under-take”, cf. Ir. fáigh < OIr. fo-gabim, id.
gwogaviat	getter			
gwogavan	getting	noun		noun
sugavi	to obtain	verb	derivation / compound	su + gavi, “good-take”; cf. W. cael, caffael, id.
sugaviat	obtainer			
ditrecid	invincible		derivation / compound	di + treci + -id, “un-defeat-like”
ditrecidas	invincibility			
ditrec	diamond			one that can’t be defeated
en aman cin	previously			“in time before”
agni	to discuss	verb	derivation / compound	a- + gni, “towards-knowing”; cf. Ir. aigne, OIr. aicned < *ad-gne-to, id. 
agnion	discussion			
agniat	discusser			
gwirwi	to prove	verb	derivation / compound	gwiru + -i, “true-ing”
gwirwiat	prover			
gwirwian	proof			
digwirwi	to disprove	verb		
digwirwiat	disprover			
digwirwian	disproof			
augwirwi	to refute	verb		
augwirwiat	refuter			
augwirwian	refuting	noun		noun
esapis	to provide evidence	verb	derivation / compound	es + apis, “from-seeing”, cf. E./Fr. evidence < L. ex-videntem
esapisan	evidence			
esapisac	evident			
gwiroti	to attest	verb		“truthing”, cf. W. gwirio
gwirotan	attestation			
gwirotiat	attester			
avotan	fact		derivation / compound	avot + -an, “done-thing”, cf. Lat. factum “done”
avotanac	factual			
atecarni	to reconstruct	verb	derivation / compound	ate + carni, “again-build”
atecarniat	reconstructer			
atecarnan	reconstruction			
Celtac Cot	Proto Celtic	verb		“Celtic Ancient”
alai	swan			cf. alauda < Gaul. *alaio, French Words of Gaulish Origin, Wik.
inte gwiru	really			“truly”
inte angranwar	seriously			
esgwirot	in earnest		derivation / compound	es + gwirot, “from-truth”
inte gwiruvis	really			
escum	mould		derivation / compound	es + cum “out of hollow”; for making things
escumi	to mould	verb		to make things
escumiat	moulder			one who makes things
escumac	plastic	adjective		adjective; cf. Gr. plassein “to mould”
escumu	plastic	noun		noun
cletgwerc	net		derivation / compound	clet + gwerc, “trellis-hemp”
cletgwerci	to net	verb		e.g. fish or birds
cletgwerciat	netter			
cletgwercan	netting			
cletcerdan	network		derivation / compound	clet + cerdan, “trellis-work”
cletcerdi	to network	verb		
cletcerdiat	networker			
bedol	metal			< bedi “to dig”, product of digging (mining); cf. Gr. mettalleuein “to mine”
bedolac	metallic			
iestol	radio			< iesti “to radiate”
iestoli	to radio	verb		
iestoliat	radio operator			
iestolan	radio operation			
arcravan	program		derivation / compound	ar + cravan, “writing in front of”
arcravi	to program	verb		
arcraviat	programmer			
sagol	camera			“filming-thing”, < saga “to film”
scatan	screen			< scat “shadow”, cf. Ir. scáileán < scáil “shadow”
borel	tool		derivation / compound	bor + -el “move-appliance”; cf. metel, magel
boreli	to tool	verb		
boreliat	tooler			
cansioitan gwepe	wordcount			
bascan	text			“woven together”, cf. Lat. text < texere “to weave”
bascani	to text	verb		
bascaniat	texter			
bascanu	texting	noun		noun
gnascan	sext		derivation / compound	gnas + bascan, “sex-text”
gnascani	sexting			
gnascaniat	sexter			
gnascanu	sexting	noun		noun
angavi	to miss	verb	derivation / compound	an + gavi, “non-take”
angavan	miss			
angaviat	misser			
ancnugnitu	unread			adj.
Liviraged	Facebook			
lagen deprumediu	lunch break			“rest lunch”
deprumediu	lunch			
doru	bulling			act of fertilisation of cow by bull
dorwi	to bull	verb		to fertilise cow by bull
risa	to tie up	verb		
risaiat	tyer			
risan	fixation of tie			joint
aterisa	to retie	verb	derivation / compound	ate + risa, “again-tie”
aterisaiat	retyer			
aterisan	refixation of ties			
beias	punishment			
beiasa	to punish	verb		
beiasaiat	punisher			
petamas	plea			
petama	to plead	verb		
petamaiat	pleader			
regeniat	family group			
pipar	pepper			< Middle Indic pippari
piparac	peppery			
sacar	sugar			< Persian shakar, Sanskrit sharkara; cf. Gr. zachari
sacarac	sugary			
aman deprumedi	lunch time			
gavi deprumedi	to have lunch	verb		to take lunch
depruvaru	breakfast		derivation / compound	depru + baru, “meal-morning”
gavi depruvaru	to have breakfast	verb		to take breakfast
lindugalv	oil		derivation / compound	lindu + galv, “liquid-fat”
lindugalvac	oily			
lindugalvacas	oiliness			
banan	banana			W. African word
cic moc salac	bacon			“meat pig salty”, cf. W. cig moch, Gae. feoil-mhuice, “pig meat”
citru	lemon			
citrunac	lemony			
gwisacitru	lemonade		derivation / compound	gwisa + citru, “lemon juice”
swarborac	enjoyable		derivation / compound	su + arbor + -ac, “good, use-like”
Caman Blegunac	Milky Way			
gwitansir	galaxy		derivation / compound	gwitan + sir, “spiral-long”
pantupen	headache		derivation / compound	pantu + pen, “pain-head”
minan	explanation			
treac	transitive		derivation / compound	tre + -ac, “across-like”
treacas	transitivity			
antreac	intransitive			
antreacas	intransitivity			
datreac	ambitransitive			
datreacas	ambitransitivity			
gwepel	grammar		derivation / compound	gwep + -el, “word-instrument”, -el instrumental suffix
gwepelac	grammatical			
-el	instrumental suffix	affix		cf. metel, magel
gwironon	viking		derivation / compound	gwir + onon, “man-ash-tree”, “people of the ash tree”, cf. Yggdrasil
co sin	like this			thus
acaunglas	emerald		derivation / compound	acaun + glas, “stone-green”
imbeti	to copy	verb		imbet –i, “many-ing”; cf. L. copiare < copia “a lot, plenty”
imbetan	copy			
imbetiat	copier			
imbetac	copious			
imbetacas	copiousness			
suvarna	to rely	verb	derivation / compound	su + barna, “good-judging”
suvarnaun	relier			
suvarnu	reliance			
suvarnac	reliable			
suvarnacas	reliability			
penanta	to depend	verb		
penantac	dependent			
penantaiat	dependant			depender
penantu	dependence		derivation / compound	pen + antu “head-end”, cf. W. penderfynu < pen + terfyn “end”
dipenantu	independence			
dipenantac	independent			
glanisdercan	mirror		derivation / compound	glanis + derc, “glass-look”
glanisderci	to mirror	verb		
aliu glanisdercan	mirror image			
amrodi	to devote	verb	derivation / compound	am + rodi, “around-give”, cf. W. ymroddiad, id.
amrodan	devotion			
amrodiat	devoter			
amrodac	devout			
amrodacas	devoutness			
gwidrun	virtue		derivation / compound	gwid- + run, “understand-secret”, cf. W. rhinwedd, id.
gwidrunac	virtuous			
gwidrunait	virtuousness			
gwitu	whip			“willow-branch-thing”; the whole tool, handle plus flexible part
gwitwi	to whip	verb		
gwitwian	whipping	noun		noun
gwitwiat	whipper			
lati	to lash	verb		to tie things together, e.g. square lashing; < ambi-lat-ion “buckle of attachment”
lati	to tie down	verb		
latan	lashing	noun		noun; e.g. square lashing
latiat	lasher			
latol	tie-down			tool for tying things down
calati	to lash	verb	derivation / compound	to whip; cal + lati, “hard-tie”
calatiat	lasher			whipper
calatan	lashing	noun		noun; whipping
calat	lash			stroke of a lash; e.g. pimp calatole
andegwiti	to scour	verb	derivation / compound	ande + gwiti, “very-whip”
andegwitiat	scourer			
andegwitan	scourge			
escredan	faithless		derivation / compound	es + credan, “without-faith”
Celt	Celt			
Celtac	Celtic			
au	since			from a certain time
au diantu in aman	since the beginning of time			
avel	instrument		derivation / compound	av(o) + -el, “do-thing”, instrumental suffix, cf. metel, magel; -oe- > -e-
avelac	instrumental			
avel cantol	music instrument			
aveli	to instruct	verb		
aveliat	instructor			
avelan	instruction			
argwid	sign		derivation / compound	ar + gwid-, “in front of understanding”; cf. W. arwydd; id.
argwidi	to sign	verb	derivation / compound	ar + gwidi, “before-understand”
argwidiat	signer			
argwidan	signature			
argwidol	signal			
argwidoli	to signal	verb		
argwidoliat	signaller			
argwidolan	signalling	noun		noun
gwirdal	fool		derivation / compound	gwir + dal, “man-blind”, cf. W. coegwr, id.
gwirdalac	foolish			
gwirdalacas	foolishness			
gwirdali	to fool	verb		
gwirdaliat	fooler			
gwirdalan	fooling	noun		noun
avo in gwirdal	to act the fool	verb		
dondal	idiot		derivation / compound	don + dal, “person-blind”, cf. W. coegddyn, id.
dondalac	idiotic			
dondalas	idiocy			
colim	drug		derivation / compound	co + lim, “with-limp”
colimi	to drug	verb		
colimiat	drugger			someone who drugs people
colimsai	drug taker			
cuncolim	junkie		derivation / compound	cun + colim, “dog-drug”, cf. W. cyffurgi, id.
curusai	beer-lover			
curusai	pisshead		derivation / compound	curu + sai, “beer-search”
oledelg	magazine		derivation / compound	oled + delg, “space-hold”; -dd- > -d-
cerdgwidait	technology			“work-science”
cerdgwid	technician			
cerdgwidac	technical			
cerdgwidacal	technicality			
cerdgwidacas	technicalness			
runiacu	medicine		derivation / compound	medication; run + iacu, "secret-healing" 
aterodi	to report	verb	derivation / compound	ate + rodi, “again-give”, cf. W. adroddiad, id.
aterodiat	reporter			
aterodan	report			
gwir pantaun	male patient			cf. W. dioddefwr, id.
ben pantaun	female patient			
bendal	female fool			
pantaun	patient		derivation / compound	medical; pant- + -aun “suffer-agent”, cf. L.patient, id.
avaltir	potato		derivation / compound	aval + tir, “apple-land/earth”
boltreg	football		derivation / compound	bol + treg, “ball-foot”
mencravan	essay		derivation / compound	men + cravan, “think-writing”
direti	to be patient	verb	derivation / compound	di + reti, “not-run”, cf. W. amyned, “un-go”
diretan	patience			
diretac	patient	adjective		adjective
diretiat	one who is patient			
oru	euro			currency
ategan	to regenerate	verb	derivation / compound	ate + gan, “again-generate”
ateganiat	regenerator			
ateganu	regeneration			
atacugavi	to catch up	verb	derivation / compound	at- + acugavi, “again-catch”
atacugavan	catch up			
covrai	to cost	verb	derivation / compound	co + brai, “with-weighing”, cf. VL. costare “with-standing”
covraitol	cost			
auvrai	to spend	verb	derivation / compound	au + brai, “to weigh out of/from”, cf. L. expend
auvraitol	expense			
auvraiat	spender			
argan frut	currency			“money current”, cf. W. arian cyfred, id.
ovu retac	noose			“knot running”, cf. Br. redennek, id.
ogrel	fridge		derivation / compound	ogr + -el, “cold-machine”, cf. metel, magel; cf. refrigerator = cold maker
ogri	to refrigerate	verb		
rosu	rose			flower; < L. rosa
perlu	pearl			< L. perla
tesel	stove			warmth-machine, warm maker
swerodi	to devote	verb	derivation / compound	sue + rodi “give-self”, cf. W. ymroddi, id.
swerodan	devotion			
swerodac	devout			
swerodiat	devoter			
ogu totanac	policy			“political trajectory”
cocravi	to record	verb		
cocraviat	recorder			someone who records
cocravan	record			
ogumenu	principle		derivation / compound	ogu + menu; thought-trajectory
ogupopan	recipe		derivation / compound	ogu + popan, “trajectory-cooking”, cf. Ir./Gael. oidheas < oigheam < ogham
liautal	formula		derivation / compound	liaut + al, “shape-small”, cf. L. formula, id.
canatespaiat	tutor			
canatespa	to tutor	verb	derivation / compound	can + atespa, “together-answer”, cf. Ir. teagascoir < OIr. *to-aith-cosc, id.
canatespat	tutorial			
amgwep	hint		derivation / compound	am + gwep, “about-word”, cf. Br. damc’her, id.
amgwepi	to hint	verb		
amgwepiat	hinter			
amdelge	to wrestle	verb	derivation / compound	am + delge, “around-hold”, cf. W. ymafael, id.
amdelget	wrestler			
amdelgen	wrestling	noun		noun
gwotes	yeast		derivation / compound	gwo + tes, “under-warmth”, cf. Br. goeden < *wo-ies-lo, id.
gwerliu	paint		derivation / compound	gwer + líu, “on-colour”, cf. W. arlliw, id.
gwerliuni	to paint	verb		
gwerliunan	painting	noun		noun
gwerliuniat	painter			
atediuni	to update	verb		
atediuniat	updater			
atediunan	update	noun		noun
en coranol	in general			
coranol	general	adjective	derivation / compound	adjective; coran + ol, “share-all”; < coranac “common”, cf. W. cyffredin “common”, cyffredinol “general, generalised”
inte coranol	generally			
petru	quarter			
petruni	to quarter	verb		
petruniat	quarterer			
petrunan	quartering	noun		noun
a us	upwards			
a rai	onwards			
a rai	forward			
suvric	picture		derivation / compound	su + bric, “good-spot”, cf. L. pingere < *peyk “spot”
suvrici	to picture	verb		
gwoclad	victim		derivation / compound	gwo + clad “under-sword”
gwocladi	to victimise	verb		
gwocladiat	victimiser			
gwocladan	victimisation			
bragen	jeans		derivation / compound	brace + genau “pants-Genua”, -cg- > -g-; abbreviated
conai	to suit	verb	derivation / compound	con + ai “with-go”, cf. L. conven- “with-come”
conaiac	suitable			
conaiacas	suitability			
conaitol	suit			set of similar things, e.g. cards
conaiat	suitor			
dapet	suit		derivation / compound	of clothing; da + pet, “two-piece”
adig	appropriate		derivation / compound	ad + ig “to-own/self”, < *ad-ix, /g/ < /x/; cf. L. ad-proprio-, id.
adigas	appropriateness			
adigi	to appropriate	verb		
adigiat	appropriator			
adigan	appropriation			
bat	club			stick
teisuling	club		derivation / compound	tei + suling, “house-dancing”
gwiswar	club			on cards, i.e. clover
gwiswar	clover			
coloi	club		derivation / compound	social or sports club; co + slói “with-group”
teisuvor	theatre		derivation / compound	tei + suvor, “play-house”, cf. W. chwaraedy, id.
runi	to keep a secret	verb		
runan	secrecy			
runiat	secretary			secret keeper
runiatac	secretarial			
ditiri	to unearth	verb		
ditiran	unearthing	noun		noun
ditiriat	unearther			
esbalwiat	excavator			person
esbalwiel	excavator			machine
esbalwian	excavation			
esbalwi	to excavate	verb	derivation / compound	es + balu + i, “out-of-cave-ing”
autiri	to take off	verb	derivation / compound	plane; au + tiri, “away-from-earthing”
autiran	take-off			
tiri	to earth	verb		
tiriat	earther			
tiran	earthling			cf. caran, naman, argan, etc.
tirat	earthing	noun		noun
elwi	to gain	verb	derivation / compound	< elu + -i, “a lot/plentying”; cf. W. elwa, id., elwi “to turn profit”
elwian	gain			
elwiat	gainer			
artwi	to growl	verb		< artu “bear”; cf. W. arthu, arthio, id.
artwiat	growler			
artwian	growl			
turci	to grunt	verb		< turc “boar”; analogy with W. arthio
turciat	grunter			
turcan	grunt			
bolgi	to swell	verb		< bolg “belly”
bolgiat	sweller			
bolgan	swelling			
dutuci	to grumble	verb	derivation / compound	du + tuc “bad-arse”; analogy with W. arthio
dutuciat	grumbler			
dutucan	grumble			
tuceti	to flog	verb		
tucetiat	flogger			
tucetan	flogging	noun		noun
maipren	orchard		derivation / compound	mai + pren “place/field-tree”; cf. W. perllan, id.
colani	to fulfill	verb	derivation / compound	co + lani “with-filling”, cf. W. cyflawni
colaniat	fulfiller			
colanan	fulfillment			
atemenbeti	to remind	verb	derivation / compound	ate + menbeti, “remember again”, cf. W. atgoffa, id.
atemenbetan	reminding			
atemenbetiat	reminder			
adaraun	alarm		derivation / compound	ad + araun, “to-weapon”, cf. It. alarm < all arme, id.
adarauni	to alarm	verb		
adarauniat	alarmer			
crari	to buzz	verb		< crar “bee”, cf. W. arthio
crariat	buzzer			
craran	buzzing	noun		noun
rovod	warning		derivation / compound	ro + bod, “excessive-advantage”, cf. W. rhybudd, id.
rovodi	to warn	verb		
rovodiat	warner			
aturun	alert		derivation / compound	a + turun, “to-[watch]tower”, cf. It. all erta, id. 
aturuni	to alert	verb		
aturuniat	alerter			
penlos	result		derivation / compound	pen + los, “end-tail”, cf. Br. dilost, id.
penlosa	to result	verb		
bercalas	issue		derivation / compound	ber + calas, “carry-problem”
in da	both			“the two”
lical	tile		derivation / compound	lic + al, “flat-stone-small”
licali	to tile	verb		
licaliat	tiler			
margulic	ceramic		derivation / compound	margu + lic, “clay-flat[smooth]rock”
margulicloi	ceramics			
cnugnite	legible			
cnugniteas	legibility			
ranelu	several		derivation / compound	ran + elu, “part-many”, cf. Ir. roinnt, id.
gwerber	to evolve	verb	derivation / compound	gwer + ber, “carry-on”, cf. Ir. forbairt, id.
gwerberu	evolution			
gwerberiat	evolver			
esanunac	anonymous			
esanunacas	anonymity			
conesam	next		derivation / compound	co + nesam, cf. W. cyfnesaf, id.
aliudert	tattoo		derivation / compound	aliu + dert, “skin-image”
aliuderti	to tattoo	verb		
aliudertiat	tattooist			
aliudertan	tattooing	noun		noun
acugaviat sun	dream catcher			
teicrocin	tent		derivation / compound	tei + crocin, “house-skin”
cantilu	compass		derivation / compound	for drawing circles; cantil + -u, “circle-thing”, cf. W. cylchedd
treweru	compass		derivation / compound	for finding north; trewer + -u, “cross-thing”, cf. Ir. treoir < *treuer-
ruscal	tinder		derivation / compound	rusc + -al, “bark-small”
codau	match		derivation / compound	for fire; co + dau, “with-flame”
codaune	matches			for fire
frilindu	gas		derivation / compound	fri + lindu, “spread-liquid”, cf. W. nwy < ny + gwy, id.
frilindunac	gassy			
frilindumar	gaseous			
frilindwi	to gas	verb		
frilindwiat	gasser			
frilindwian	gassing			
dumanawel	fumigation		derivation / compound	duman + awel, “smoke-wind”
dumanaweli	to fumigate	verb		
dumanaweliat	fumigator			
edu frilindu	gas chamber			
treswanti	to covet	verb	derivation / compound	tre + swanti, “across-fancy”; cf. W. trachwanta, id.
treswantiat	coveter			
gweremait	dominion			
gweremait	overlordship		derivation / compound	gwer + rem +-ait, “over-boss-ship”
gwerem	overlord			
gweremi	to dominate	verb	derivation / compound	gwer + remi “over-boss”, cf. Ir. reim ar
gwereman	domination			
gweremiat	dominator			
gweremac	dominant			
acuscuvuli	to snatch	verb	derivation / compound	acu + scuvuli, “speed-grab”, cf. W. ysglyfio
acuscuvuliat	snatcher			
duscuvuli	to grab	verb	derivation / compound	du + scuvuli “bad-prey”, cf. W. ysglyfio
duscuvuliat	grabber			
duscuvulan	grab			
duscuvulac	rapacious			
duscuvulacas	rapaciousness			
direiti	to plunder	verb	derivation / compound	di + reit, “un-law”, cf. W. anrheithio, id.
direitiat	plunderer			
direitan	plunder			
olgavi	to exhaust	verb	derivation / compound	ol + gavi, “all-take”
olgaviat	exhauster			
olgavan	exhaustion			
gwogestoli	to obey	verb	derivation / compound	gwo + gestoli, “under-guaranteeing”; cf. Ir. geill
gwogestoliat	obeyer			
gwogestolan	obedience			
sunemet	sanctuary		derivation / compound	su + nemet, “good-temple”
dutaimalan	contamination			
dutaimaliat	contaminator			
dutaimalac	contagious			
dutaimali	to contaminate	verb		
dutaimal	contagion		derivation / compound	du + taimal, “bad-contact”
taimal	contact		derivation / compound	tai + mal, “touch-lazy”, cf. Ir. teagmhail, id.
taimali	to contact	verb		
taimaliat	contacter			
amditing	to vary	verb	derivation / compound	am + diting, “change around”
amditingen	variation			
amditinget	vary-er			
amditingloi	variety		derivation / compound	amditing + -loi, “change-around-collective”
cores	contest		derivation / compound	co + res, “with-competition”
coresa	to contest	verb		
coresaiat	contester			
cotam	even		derivation / compound	co + tam, “with-level”
cotami	to even	verb		
cotamiat	even-er			
cotaman	even-ing	noun		noun; act of making things even
nausloi	fleet		derivation / compound	naus + loi, “ship-group”
linducarc	petrol		derivation / compound	lindu + carc, “liquid-rock”, cf. L. petra oleum “rock oil”
olodgwidait	chemistry			
olodgwid	chemist			
olodgwid	chemical scientist			
olodgwid	alchemist			
olodac	chemical	adjective		adjective
olod	chemical	noun	derivation / compound	noun; ol + lod, “all-mix”, cf. Gr. ximeia “cast together”
anbian	atom		derivation / compound	an + bian, “no-cut”, cf. Gr. atom “uncut”
anbianac	atomic			
anbiani	atomise			
anbianu	atomisation			
anbianiat	atomiser			
ranbra	mass		derivation / compound	ran + bra, “part-heavy”
ranbraiac	massive			
ranbraiacas	massiveness			
ranbraial	molecule		derivation / compound	ranbra + -al, “mass-small”, cf. Gr. moles, L. molescula, id.
ranbraialac	molecular			
gwevrac	electrical		derivation / compound	gwevr + -ac, “amber-like”; cf. L. electricus “of amber” < Gr. elektron “amber”
gwevracas	electricity			
gwevru	electron			
gwevrunac	electronic			
gwevrunacloi	electronics			components
gwevrunacait	electronics			the science or discipline
angnit	wonder		derivation / compound	an + gnit, “unknown”; cf. Ir/Gael. iongnadh < OIr.ingnath, id.
angnitac	wonderful			
angniti	to wonder	verb		
angnitiat	wonderer			
rovos	amazement		derivation / compound	ro + bos, “too-much-palm/measure”, cf. W. rhyfedd “excessive measure”
rovosa	to amaze	verb		
rovosac	amazing	adjective		adjective
rovosaiat	amazer			
anew	life force			animating force in nature
anew	spirit			< aneunos “inspired”, Delamarre 2003, p. 49
anewac	spiritual			
anewacas	spirituality			
anewacait	spiritualism			
digwidac	agnostic	adjective	derivation / compound	adjective; di + gwid, cf. Gr. a-gnostos “not-known”
digwidiat	agnostic	noun		noun
digwidait	agnosticism			
usduman	high	adjective	derivation / compound	adjective; high through narcotics; us + duman “high-smoke”
usdumani	to get high	verb		from drugs
usdumaniat	stoner			someone who gets high
usdumanan	high	noun		noun; drug induced intoxication
cangavi	to consume	verb	derivation / compound	can + gavi, “with-take”
cangaviat	consumer			
cangavan	consumption			
cangavac	consumerist	adjective		adjective
cangavacait	consumerism			
delgesta	to trap	verb	derivation / compound	delge + sta, “hold-stand”
delgestat	trap			
delgestaiat	trapper			
cimboi	to afflict	verb	derivation / compound	cim + boi, “fall-strike”, cf. L. affligere, W. cymwy
cimboitol	affliction			
cimboiat	afflicter			
talpen	gable			attested, DLG 2003, p. 249
talpenu	pinion			
delgwi	to pin	verb		
delgwiat	pinner			
delgwian	pinning	noun		noun
gwisusaiat	philosopher			
gwisusaitol	philosophy			
gwisusaiac	philosophical			
gwisusai	to philosophise	verb		gwisu-sai, “wisdom-seek”, cf. deprusai “food-seek”, curusai “beer-seek”
duvunwen	to think deeply	verb		to philosophise
duvunweniat	deep thinker			philosopher
duvunwenu	deep thought		derivation / compound	philosophy; duvun + menu, “thought-deep”
duvunwenac	deeply thoughtful			philosophical
celambu	rival		derivation / compound	cel + ambu, “companion-stream”, cf. Ir. ceile comhraic, L. rivalis
celambuni	to rival	verb		
celambunac	rival	adjective		adjective
celambunan	rivalry			
corai	conflict		derivation / compound	co + rai “with-front”, cf. Ir. comhraic “with-assembly”
coraini	to conflict	verb		
corainiat	conflicter			
coraiac	conflicting	adjective		adjective
glanuduman	smoke cleansing		derivation / compound	glanu + duman “clear-smoke”
glanudumani	to cleanse with smoke	verb		
glanudumaniat	smoke-cleanser			
broini	to camp	verb	derivation / compound	to go into nature; broi + -ni, verbalising suffix for words ending on vowel or semi-vowel
broiniat	camper			
broinan	camping			
liscatu	camp		derivation / compound	lis + catu, “court-battle”; cf. W. cadlys, id.
liscatu coriu	army camp			
liscatu marus	concentration camp			“camp death”
britegi	to trip in the mind	verb	derivation / compound	brit + tegi, “mind-depart”
briteg	tripper		derivation / compound	brit + teg, “mind-leaver”, cf. morteg “sailor” < mor-teg “sea-leaver”
gwoling	to trip	verb	derivation / compound	to fall over, to trip up; gwo + ling “under-jump”, cf. Ir. tuisligh
gwolingen	trip			fall
cuculcrasan	mushroom		derivation / compound	cucul + crasan, “hat-toad”, cf. Br. kabell-dousek, id.
bargul	sandwich		derivation / compound	bargu + al, “bread-small”, cf. Br. tamm bara, id.
cosala	soup		derivation / compound	stew; co + sala, “with-salt”, cf. Br. kefalenn, id. < *com-sal-en
bav	bean			< IE *bha-bha, cf. L. faba, Ger. *bauna, Gr. phakos
popen	pumpkin		derivation / compound	pop + -en, “cook[ed]-thing, cf.Gr. pepon “[sun]cooked”, id.
iut popen	pumpkin soup			
avalsesu	pomegranate		derivation / compound	aval + sesu, “apple-seed”; cf. Fr. pomme grenate, W. grawnafal
fic	fig			< L. ficus < Pelasgian *fik, Gr. or pre-Gr.
popisala	pie		derivation / compound	popit + sala, “cake-salt”, -ts- > -s-
popisala cic	meat pie			
crampop	something baked		derivation / compound	cram + pop, “crust-bake”, cf. Br. krampouenn
socolat	chocolate		derivation / compound	< Nahuatl xocolatl < xocolia “to make bitter” + atl “water”
agwacat	avocado			< Nahuatl ahuakatl, also meaning “testicule”
nepu	some of something	noun		used as a substantive only, refering to other nouns
curgwinu	grape		derivation / compound	cur + gwinu, “berry-wine”, cf. Ir. fionchaor, < Gaul. *cur[m]-, cf. Fr. corme
cur	berry			< Gaul. *curm-, cf. Fr. corme
tencelin	bonfire		derivation / compound	ten + celin, “fire-omen”; cf. W. coelcerth
tenargwidol	bonfire		derivation / compound	ten + argwidol, “fire-signal”; cf. W. coelcerth
anu aman cotac	past participle			“name time old”
aman cotac	past tense			
anu gwepgesac	verbal noun			
aman traiu	progressive tense			continuous tense
ac gwer pel co se	and so on			and so further
gavi mo augwep	take my apology			pardon me
augwep	apology		derivation / compound	au + gwep, “away-word”, cf. Gr. apo-logo-, id.
gwercu nem	skyline			
arluitol in bleden nowi	new year’s resolution			
arluiti	to resolve	verb	derivation / compound	ar + luiti, “before-load”
arluitiat	resolver			
arluitol	resolution			
gwep condatol	compound word			“word put-together”
andonac	internal			
andonaci	to internalise	verb		
andonacan	internalisation			
andonaciat	internaliser			
comboini	to regret	verb		
comboinan	regret			
comboiniat	regretter			
cerna	to pulse	verb		to sound rhythmically
cernan	pulse			rhythmic sound
cerniat	pulser			
Oropa	Europe			
Oropac	European			
pelada	to post	verb	derivation / compound	pel + ada “far-place”
peladat	post			
peladaiat	poster			
pet ol	whatever			“thing all”
ancinaci	to delay	verb	derivation / compound	ancinac + -i, “late-ing”
ancinacan	delay			
ancinaciat	delayer			
antumun cronac	bloody hell			expression of frustration or amazement
ureti	to defend	verb	derivation / compound	ur + reti, “against-run”
uretan	defence			
uretiat	defender			
uretac	defensive			
uretacas	defensiveness			
carluit	truck		derivation / compound	car + luit “car-load”
carluiti	to truck	verb		
carluitiat	trucker			
carluitan	trucking	noun		noun
darot	bicycle		derivation / compound	da + rot, “two-wheel”
daroti	to cycle	verb		to ride a bicycle
darotiat	cyclist			
atolroti	to recycle	verb	derivation / compound	ate + olrot, “re-cycle”
atolrotiat	recycler			
atolrotan	recycling			
olrotac	cyclical			
olrotacas	cyclicalness			
olrot	cycle			
olrotiat	cycler			
olrotan	cycling	noun		noun
reiti	to practise law	verb		réith “law”
reitiat	lawyer			
reitan	law practice			
esi mo crid en can ri apis iti	I love you			my heart is singing to see you
cana mo crid ri apis iti	I love you			my heart sings for seeing you
esi ti renbos mo crid	I love you			you are the rhythm of my heart
damatal	spider		derivation / compound	damat + al “little [fallow] deer”, cf. Ir. damhán-alla
damatalac	spidery			
damatali	to spider	verb		
damatalan	spidering	noun		noun
damataliat	spiderer			
gwedion	praying mantis		derivation / compound	gwed + -ion, “pray-person”, cf. gwat-ion “prophet”; cf. Gr. mantis “prophet”
prim	bug			< PrC. *kwrimis, cf. W. pryf, Br. prenv, C. prev
duprim	virus		derivation / compound	du + prim “bad-bug”
duprimac	viral			
primi	to bug	verb		to annoy, to cause to malfunction
primiat	bugger			something that causes annoyance, malfunction
priman	buggery			malfunction
suprim	vaccine		derivation / compound	su + prim, “good bug”
suprimi	to vaccinate	verb		
suprimiat	vaccinator			
supriman	vaccination			
milbian	insect		derivation / compound	mil + bian, “animal-cut”; cf. W. trychfil, id.
suvian	slice		derivation / compound	su + bian, “good-cut”; cf. W. trwch
suviani	to slice	verb		
suvianiat	slicer			
bianwar	thick		derivation / compound	bian + mar, “cut-big”; cf. W. trwch
bianwaras	thickness			
milcum	tortoise		derivation / compound	mil + cum, “animal-bowl”; cf. Br. baot “vault”
milcum	turtle			
milcum mor	sea turtle			
milcumi	to turtle	verb		to dawdle, to go slow
milcumiat	turtler			slow person
milcuman	turtling	noun		noun
eduved	vault		derivation / compound	edu + bed “dig-room”, cf. W. beddgell
eduvedi	to vault	verb		
eduvediat	vaulter			
eduvedan	vaulting	noun		noun
clital	pole		derivation / compound	stake; clit + al, “small pillar”, cf. W. cledr[en], Lit. Ir. cliothar
clital	stake			
clital	pale	noun		noun; wooden post
clitali	to pole	verb		
clitali	to stake	verb		
clitaliat	poler			
clitaliat	staker			
clitalan	poling	noun		noun
clitalan	paling			for fence
clitalan	staking	noun		noun
enclitali	to impale	verb		
enclitaliat	impaler			
enclitalan	impaling	noun		noun
ason	rib			DAG Asson[ius p. 1257, Assonius p. 952, 1110; < Proto-Celtic *astonyo- < *h₂estnijo; cf. W. asen/ais, Ir. easna, C. ason/asow
asoni	to rib	verb		to provide with ribs, e.g. a ship or structure
asoniat	ribber			
asonan	ribbing	noun		noun
cnamal	small bone			
sulage	to relax	verb		< prini laget, DLG 2003, p. 253
sulagen	relaxation			
sulaget	relaxer			
liga	to lie down	verb		the sun setting
ligat	process of lying down			
ligaiat	one who lies down			
anduliga	to recline	verb	derivation / compound	andu + liga, “low-lie”
anduligaiat	recliner			
anduligat	reclination			
digalu	inability		derivation / compound	di + galu, “not-ability”
galac	capable			
didalac	uncapable			
sudelgac	lasting		derivation / compound	su + delg + -ac, “good-hold-like”
ansudelgac	unlasting			
andelgwat	temporary		derivation / compound	an + delg + mat, “not-hold-well”
andelgwat	impermanent			
andelgwatas	temporariness			
andelgwatas	impermanence			
delgwatas	permanence			
delgwat	permanent			
audelge	to deprive	verb	derivation / compound	au + delge, “away-from-hold”
audelget	depriver			
audelgen	deprivation			
a	at			general location
gwer	at			pinpoint precision location
tar	by			transitive meaning
tar	through			
ar	by			physical meaning; ar in mor “by the sea”)
menai	to relate	verb	derivation / compound	men + ai, “think-go”; 1. to relate a story 2. to relate to people or things
menaitol	relationship			
menaiat	relater			
teilivir	library			
teiliviraun	librarian			
gwacin	blueberry			< uaccinium, Whatmough, “Eastern Gaulish”
usu	red berry			
usu	scarlet berry			< ussos, Whatmough
atrusc	vine			< atrusca, Whatmough, “Alpine”
cocol	raspberry			< coccolobis, Whatmough, “Aquitanian”
suv	strawberry			< subi-, Whatmough
atever	to refer	verb	derivation / compound	ate + ber, “carry-again”; cf. L. re-fero, id.
ateveru	referal			
ateveriat	referrer			
ateveran	reference			
galan mar	mistletoe			“ability-big”; oak parasite with medicinal properties
galan mei	oak-gall			“ability-small”; oak parasite with medicinal properties
morstir	starfish			
dulsparn	cactus		derivation / compound	dul + sparn “spike-leaf”, cf. jurumbeba “spike-leaf”
m’arwera i ti	please			directed at one person; “if it pleases you”
m’arwera i swi	please			directed at more than one person. “if it pleases you [pl.]”
Totone	Teutones			
Cimbre	Cimbri			
cinbon	precedent		derivation / compound	cin + bon, "before-basis"; cf. W. cynsail, id.
cinboni	to precede	verb		
cinboniat	preceder			
totcinget	warrior people			
gwoti	to carry on	verb		
gworge	to carry out	verb		
broigwarin	province		derivation / compound	broi + gwarin, “country-faction”
broigwarinac	provincial			
broigwarinacas	provinciality			
broigwarinacait	provincialism			
natar owi	worm		derivation / compound	natar + owi, “snake-sheep”; cf. W. neidr ddefaid, id.
mapdal	skink		derivation / compound	map + dal, “child/son-blind”; cf. W. mabddall, id.
bocanlan	reptile		derivation / compound	boc + anlan, “mouth-empty”; cf. W. genau-goeg, id.
bocanlanac	reptilian			
dalgnat	lizard		derivation / compound	dal + gnat, “blind-born”; cf. W. mabddall
dalgnat duvur	newt			“lizard-water”; cf. W. mabddall dwr
dalgnat duvur	water lizard			
carcen	crab		derivation / compound	carc + -en, “rock-thing”; cf. Gr. karkinos “crab”
ducarcen	cancer			
ducarcenac	cancerous			
ducarcenganac	carcinogenic		derivation / compound	du + carcen + gan + -ac, “bad-crab-produce-like”
credite	credible		derivation / compound	credi + -e, “believing-able”
crediteas	credibility			
ancredite	incredible			
ancrediteas	incredibility			
argatwisu	moonshine		derivation / compound	argat + misu, “shine-moon”; illegally distilled alcohol
medioc	quite		derivation / compound	medi + oc, “middle-complete”
medioc	fairly			quite, pretty
medioc	pretty			quite, fairly
usrodi	to give up	verb	derivation / compound	us + rodi, “up-give”
usrodi	to quit	verb		
usrodiat	quiter			
gwotreg	supplantation		derivation / compound	gwo + treg, “under-foot”; cf. L. supplantare < sub-planta “under-sole”
gwotregi	to supplant	verb		
gwotregiat	supplanter			
docnac	creative			
docnacas	creativeness			
glanuspa	to speak clearly	verb		
glanuspat	apothegm			something spoken clearly > legal maxim
dimes	disappointment			“non-measurement”; cf. Ir. diómá < diomdhach < *dim-med- [meas], id.
dimesa	to disappoint	verb		
dimesac	disappointing			
dimesaiat	disappointer			
scocid	busy		derivation / compound	scoc + -id, “active-like”
scocidas	busy-ness			
rotuc	harp		derivation / compound	rot + -uc, “wheel-instrument”, < cernuc “trumpet” < “horn-instrument”, rot “wheel”; cf. Ir. cruit, W. crwth “round”
coswaus	consonant		derivation / compound	co + swaus, “with-sound”; cf. L. con-sonare, id.
coswausac	consonantal			
gwertanal coswaus arcamac	initial consonant mutation			GCA = ICM
gwertanal	mutation		derivation / compound	gwertan + -al, “change-small”
amgwatu	hypothesis		derivation / compound	am + gwatu, “around-prediction”
amgwatunac	hypothetical			
amgwatwi	to hypothesise	verb		
amgwatwiat	hypothesiser			
amgwatwian	hypothesising			
suvricid	picturesque			
suvricid	graphic	adjective		adjective
suvrican	graphic	noun		noun
erlega	to do lay-out	verb	derivation / compound	for graphic design; er + lega,”around-deposit”
erlegat	lay-out			
erlegaiat	lay-out person			
esrodi	to edit	verb	derivation / compound	es + rodi, “out-give”, cf. L. edere < *ex-dare
esrodiat	editor			
esrodan	edit			correction of manuscript
esrodu	edition			publication
cristacait	christianity			
gwisavlas	marinade (gwisa + blas, “juice-taste”		derivation / compound	
gwisavlasa	to marinade	verb		
gwisavlasaiat	marinader			
gwisavlasan	marination			
blas	taste			cf. W. Ir. bas, id.
blas	flavour			cf. W. Ir. bas, id.
blasa	to taste	verb		
blasaiat	taster			
blasan	tasting	noun		noun
blasrodi	to flavour	verb	derivation / compound	blas + rodi,, “flavour-give”
blasrodiat	flavourer			
blasrodan	flavouring	noun		noun
magelogru	refrigerator			
magelogruni	to refrigerate	verb		
magelogrunan	refrigeration			
dul bedol	aluminium foil			“leaf-metal”
geru	ham		derivation / compound	ger + -u, “knee + secondary substantiviser”; cf. W. gar
lamgeru	hamfisted			lacking in tact, handling s.t. roughly
canguru	kangaroo			
cremu	onion			
pelangwidait	etymology		derivation / compound	pelan + gwidait, “meaning-knowledge-body”
pelangwidaitac	etymological			
pelangwid	etymologist			
en aman cin	previous			“in time before”
nemi	to hang	verb	derivation / compound	nem + -i, “sky-ing”; to hang in the air, no fixed point of attachment
prenusa	to hang	verb		with fixed point of attachment
prenusaiat	hanger			
prenusan	hanging			execution
don prenusan	hangman			
nemai	to drift	verb	derivation / compound	nem + ai, “sky-go
nemaiat	drifter			
nemaitol	drift			
sunemi	to float	verb		
sunemiat	floater			
suneman	float	noun		noun; e.g. on fishing line
gwoltuv	scissors			< *uoltobion, cf. uidobion, cf. MBr. gwelteff, Lambert 2003 p. 203
gwoltuvia	to cut hair	verb		
gwoltuviat	hairdresser			barber
gwoltuvian	haircut			
crasaul	frog			MFr. gresset < Gaul. craxaulos
daran	several [pieces]			< darn- < darne, with epenthetic /a/; Lambert 2003, p. 196, dial. Fr.
andagin	slash			metathesis -gni > -gin to avoid -gn > -n, cf. uinno- < uegno-, DLG 2003, p. 321; < OFr. andain < Gaul. andagnis < *ande-agni
andagini	to slash	verb		
andaginiat	slasher			
agin	swish			< Gaul. (and)agnis; metathesis -gni > -gin to avoid -gn > -n, cf. uinno- < uegno-, DLG 2003, p. 321; < OFr. andain < Gaul. andagnis < *ande-agni
agini	to swish	verb		
aginiat	swisher			
barg	haystack			< Fr. barge < Gaul. barga
bargal	haybale			< Fr. barge < Gaul. barga
barenic	barnacle			limpet; < OFr. bernaque < G. barenica
baren	boulder			< OFr. bernaque < G. barenica
bac	burden			< OFr. bacin < G. bacca
baci	to burden	verb		
baciat	burdener			
belu	weasel			< Fr. Prov. belete < G. bela
benu	cart			< Fr. benne < G. benna
benwi	to cart	verb		
benwiat	carter			
benwian	carting	noun		noun
benwian	haulage			
benulam	wheel barrow			
bert	cradle			< OFr. bers < Gaul. *bertu “carried”
berti	to rock	verb		to move from side to side
bertiat	rocker			
bocil	fluid			< Fr. bouillon < ML bugilo < *Gaul. bocil < G. boccos “mouth”
bracu	tar			OFr. bargnier < G. *bracu
bracuni	to tar	verb		
bracuniat	tarrer			
duvragu	whine		derivation / compound	du + bragu “bad bray” < Fr. brailler < LLat. bragire < G. *bragu
duvragwi	to whine	verb		
duvragwiat	whiner			
duvragwian	whining	noun		noun
covragwi	to bawl	verb		
covragwiat	bawler			
covragwian	bawling	noun		noun
briv	patch			< Fr. Pic. brife < G. briba
brivac	patchy			
brivi	to patch [up]	verb		
briviat	patcher			
brui	to bellow	verb		< Fr. bruire < G. bruge
bruiat	bellower			
bruitol	bellow			
calian	pebble			
caliav	pebbly			< Fr. caillou < Gaul. caliavo
carwan	weevil			< Fr. charençon < Gaul. caruantos
cap	tent			< Fr. cabane < G. capanna
capan	hovel			
cocu	hip			< Fr. coche < Gaul. *cocca
crai	hoarse			< Fr. cravan < Gaul. *crago
cren	to collapse	verb		< Fr. créner < Gaul. crinos
creniat	collapser			
crenu	collpase			
cros	dip			< Fr. creux < Gaul. crossos
crosaiat	dipper			
crosa	to dip	verb		
dolv	grub			< fr. douve < Gaul. *dolbu, dolba
dolv	caterpillar			
dolvi	to burrow	verb		
dolviat	burrower			
dolvan	burrow			
drap	cloth			< Fr. drap < Gaul. drappo
drapu	sheet			
draploi	fabric			
drapi	to shred	verb		
drapi	to tear off	verb		
drapiat	shredder			
drapan	shredding	noun		noun
drasc	dregs			from brewing < Fr. drêche < Gaul. drasca
drasci	to dredge	verb		
drasciat	dredger			dredge
drul	scrap			< Fr. drille < Gaul. *drullo
druli	to scrap	verb		
druliat	scrapper			
stanu	tin			< Fr. étain < Gaul. stannos [Pliny]
sprigu	twig			< Fr. fragon < Gaul. *sprigo; cf. W. ysbrigyn, brigyn, id.
sprigwi	to sprout	verb		to grow new twig or leaf
sprigwiat	sprouter			
sprigwian	sprouting	noun		noun
galon	standing stone			< Fr. Pic. galon < Gaul. gallos
glau	rain			< OFr. jalon < LL galla < Gaul. *glavo
glauni	to rain	verb		
glaunan	raining	noun		noun
gwaren	pen			enclosure < Fr. garenne < Gaul. uarena
gosa	to pour	verb		< OFr. geuse, josier < Gaul. *geusi
gulvi	to scratch	verb		< Fr. gouge < Gaul. gulbia
gulvu	chisel			
gulvuni	to chisel	verb		
anderod	blush			
anderodi	to blush	verb		
anderodiat	blusher			
anderodan	blushing			
gulvuniat	chiseler			
andar	heifer			< OFr. andier < andero
andar	young woman			
lot	monkfish			< Fr. lotte < Gaul. lotta
slud	sled			< Fr. luge < VulgLat. leudico < Gaul. sludio
sludi	to sled	verb		
sludiat	sledder			
sludun	raft		derivation / compound	slud + on “water sled”
sluduni	to raft	verb		
sluduniat	rafter			person who does rafting
sludunan	rafting			
sludunan duvur gwin	white water rafting			
sugal	orgasm		derivation / compound	su + *gal- < Fr. Norm. galir < Gaul. gali
sugali	to orgasm	verb		
sugalac	orgasmic			
menan	ore			< Fr. mine < Gaul. mena
pit	tip			< Fr. petit < MedLat. pitinnus < Gaul. *pitt-
pitac	tiny			
pinc	finch			< Fr. pinson < Gaul. *pincio
rovor	stout			< OFr. rebors < Gaul. ro-borro
resc	coarse			< OFr. resque < Gaul. resco
cer	comb			< Fr. Prov. ceran < Gaul. cera
ceri	to comb	verb		
ceriat	comber			
socu	stump			< OFr. seuche < Gaul. socca
socu	tree stump			
socuni	to stump	verb		
socuniat	stumper			
sucutei	pigsty			< OFr. soit < Gaul. *sucotegos
gwanel	swallow			< Fr. vanneau < Gaul. uanello
trogu	sow			< Fr. truie < Gaul. *trogia/trogu
trogwi	to deliver babies	verb		
trogwian	delivery of babies			
trogwianait	midwifery			
trogwiat	midwife			
gwil	loop			< Fr. vélar < Gaul. uela, uelu
gwili	to loop	verb		
gwiliat	looper			
gwilac	loopy			
gwiriol	round			< Fr. virer, virole < Gaul. uirio- “round”, uiriola “bracelet”
gwirioli	to deviate	verb		
gwirioliat	deviater			one who deviates
gwirioliat	deviant	noun		noun
gwiriolac	devious			
gwiriolac	deviant	adjective		adjective
gwiriolan	deviation			
brisc	brittle			 < OFr. bresche < Gaul. brisca
brisc	fragile			
briscas	brittleness			
briscas	fragility			
bugu	ghost			< OFr. bugibus < Gaul. bugi
bugu	hobgoblin			
bugwi	to haunt	verb		
bugwiat	haunter			
bugwian	haunting	noun		noun
cudi	to put away	verb		< OFr. cuter < Gaul. cudo
mescis	to suck	verb		< Fr. dial. mégauder < Gaul. mesgus
mescisiat	sucker			
mescisan	sucking	noun		noun
muci	to stash	verb		< OFr. muchier < Gaul. *mucciu
muciat	stash			
mucan	stash			
dumuci	to smother	verb	derivation / compound	du + muci, “bad-hide”
dumuciat	smotherer			
dumucan	smothering	noun		noun
nasc	shackle			< OFr. nâche < Gaul. nasca
nascal	ring			band of metal
nasci	to shackle	verb		
nasciat	shackler			
oscu	notch			< OFr. osche < Gaul. osca
osc	score			
osci	to score	verb		
osciat	scorer			
oscuni	to notch	verb		
oscuniat	notcher			
rin	spring of water			< OFr. rin < Gaul. rino
rini	to spring	verb		to spring forth, i.e. of water
duvurin	spring water		derivation / compound	duvur + rin
rinu	bubble			
rinwi	to bubble	verb		
rinwiat	bubbler			
rinwian	bubbling	noun		noun
sesc	rush			bulrush; < OFr. sesche < Gaul. sesca
sescal	sedge			
soc	rope			< Fr. Pic. soue < Gaul. soca
soci	to rope	verb		
sociat	roper			
socan	roping			
socal	string		derivation / compound	soc + -al, “rope-small”
socali	to string	verb		
socalan	stringing	noun		noun
socaliat	stringer			
tul	hump			< OFr. tolon < Gaul. tullo
tuli	to hump	verb		
tuliat	humper			
tulan	humping	noun		noun
tulal	bump		derivation / compound	tul + -al, “hump-small”
tulali	to bump	verb		
tulaliat	bumper			
tulalan	bumping			
aiv	good manners			< Fr. pat. aib < Gaul. aiba
swaiv	humour			
swaivac	humorous			
swaivi	to humour	verb		
swaiviat	humourer			
swaivan	humouring	noun		noun
adlin	silver fir			< Ladin aidin < Gaul. adlinos
bas	to fade	verb		< Fr. Acad. bâsir < Gaul. *basi
basiat	fader			
basan	fade			fade-out
boluc	blackthorn			< Fr. Comt. beloce < Gaul. bolluca
bistol	bile			< Fr. Prov. bescle < Gaul. bistlo
bistolu	spleen			
bleguni	to extract	verb		< Fr. Prov. blecher “to milk” < Gaul. blegu
bleguniat	extractor			
blegunan	extraction			
crei	to sort out	verb		< Fr. Pic. crincher < Gaul. crienta/crei
creiat	sorter			
creitol	triage			
crintan	roughage			< Fr. Pic. crincher < Gaul. crienta/crei “chaff”
crinta	to chafe	verb		< Fr. Pic. crincher < Gaul. crienta/crei
crintaiat	chafer			
darv	mole			< Fr. Prov. darve < Gaul. darbo
dert darv	moleskin			
gwordres	briar			< Fr. Pic. fourdraine < G. uordressi, dresso
dresu	bramble			
ieswen	fermentation			< Fr. Lyon. gêne < Gaul. *iesmen
iesweni	to ferment	verb		
iesweniat	fermenter			
sas	barley			< Fr. Mars. siaissio < Gaul. sassia
sov	bleak [small fresh water fish]			< Fr. Lyon. suiffe < Gaul. sofía [att. Polemius]
togu	thatch			< Fr. dial. tuie < Gaul. togon
togwi	to thatch	verb		
togwiat	thatcher			
togwian	thatching			
arital	board		derivation / compound	arit + -al, “wall-small” > “board”
arital croswian	surf board			“board surfing”
teiserg	hospital		derivation / compound	tei + serg, “house-ill”
dunati	to risk	verb	derivation / compound	du + nati, “bad-chant”
dunatiat	risk-taker			
dunatan	risking	noun		noun
gwercravi	to print	verb	derivation / compound	gwer + cravi, “on-write”, cf. W. argraffu < ar + craffu, id.
gwercravan	print			
gwercraviat	printer			
cosedi	to impress	verb	derivation / compound	co + sedi, “with-sit”, cf. W. cyhoeddi < *co-sed-, id.
cosedan	impression			
cosediat	impressor			
cosedac	impressive			
ausedi	to express	verb		antonym of cosedi < W. cyhoeddi
ausedan	expression			
ausediat	expressor			
ausedac	expressive			
engnion	consciousness			
engnionac	conscious		derivation / compound	en + gnion + -ac, “in-knowledge”; cf. W. ymwybodol, id.
anengnionac	unconscious			
anengnion	unconsciousness			
aliudert	tattoo		derivation / compound	aliu + dert, “image-skin”
aliuderti	to tattoo	verb		
aliudertiat	tattooist			
batap	oar		derivation / compound	bat + ap(a), “stick-water”; use of “ap” instead of “duvur” to avoid *batduvur with awkward sequence –td-
batapi	to row	verb		
batapiat	rower			
naus batap	row boat			boat-oar
geral	paddle		derivation / compound	ger + -al, “knee-small”; cf. E. paddle < L. patella “kneecap, small bowl”
gerali	to paddle	verb		
geraliat	paddler			
gwepait	logic		derivation / compound	gwep + -ait, “word-ism”; cf. Gr. logiko- “pertaining to words” < logo- “word”
gwepaitac	logical			
pelfriac	extensive			
gworac	productive			
loceti	to flash	verb		< locet “lightning”
locetan	flash			
locetiat	flasher			
brenolid	imperious			
brenolidas	imperiousness			
artegi	to interrupt	verb	derivation / compound	ar + tegi, “before-leave”; cf. Ir. téigh roimh, id.
artegiat	interrupter			
artegan	interruption			
endati	to interrupt	verb	derivation / compound	en + dati, “in-put”; cf. Ir. cuir isteach ar, “put inside on”, id.
endatan	interruption			
endatiat	interrupter			
endatac	interruptive			
entei	indoors		derivation / compound	en + tei, “in-house”
covion	immediate		derivation / compound	co + bion, “with-cut”
inte covion	immediately			
covionas	immediacy			
aureni	to drain	verb	derivation / compound	au + reni, “away-flow”
auren	drain			
aureniat	drainer			
estegi	to remain	verb	derivation / compound	es + tegi, “without-leaving”; to be left over
estegan	remainder			left over(s)
estegiat	remainer			
suvesenac	quaint		derivation / compound	su + bes + sen + -ac, “good-custom-old-like”
suvesenacas	quaintness			
besen	old fashion		derivation / compound	bes + sen, “custom-old”
besenac	old fashioned			
gnatait	childhood			
covrunac	mystic	adjective	derivation / compound	adjective; covrun + -ac, “initiated-like”; cf. Gr. mustikos “initiated”
covrunacas	mysticism			
covrunaun	mystic	noun		noun; a person
amtorc	wreath		derivation / compound	am + torc, “around-torc”, cf. W. amdorch, id.
sudari	to excite	verb	derivation / compound	su + dari “good-agitate”; cf. W. cynhyrfus “agitated, exciting”
sudarac	exciting			
sudaran	excitement			
sudariat	exciter			
penadac	positive		derivation / compound	pen + ada + -c, “top-placing-like”
penadacas	positivity			
penadait	positivism			
amgweit	campaign		derivation / compound	am + gweit, “around-raid”; cf. Ir. feachtas, W. gwaith, W. ymgyrch, id.
amgweiti	to campaign	verb		
amgweitiat	campaigner			
amgweitan	campaigning	noun		noun
gusa	to force	verb		< gus “force”
gusaiat	forcer			
gusan	forcing	noun		noun
gwergusa	to oblige	verb	derivation / compound	gwer + gusa, “over-force”
gwergusan	obligation			
gwergusaiat	obliger			
urcle	to repulse	verb	derivation / compound	ur + cle, “against-push”
urclean	repulsion			
urcleiat	repulser			
ranwenu	category		derivation / compound	ran + menu, “part-thought”
ranwen	to categorise	verb		
ranweniat	categoriser			
ranwenac	categorical			
ranwenan	categorisation			
dui	to fashion	verb		< dugiiontio “qui façonnent”, DLG 2003, p. 153-54
duitol	fashioning			
duiat	fashioner			
lamdui	to knead	verb	derivation / compound	lam + dui, “hand-fashion”; cf. PIE *dheigh-, id.; found in Gaul. dugiiontio, DLG 2003, p. 153-54, < dui- “to fashion”
lamduiat	kneader			
lamduitol	kneading	noun		noun
mendui	to devise	verb	derivation / compound	men + dui, “think-fashion”
menduitol	fiction			cf. L. fiction < fingere < PIE *dheigh- = Gaul. dui < dugi- “to fashion”
menduiat	deviser			
menduitolac	fictional			
menduitoli	to fictionalise	verb		
menduitoliat	fictionaliser			
menduitolan	fictionalisation			
dugat	form			
duga	to form	verb		
dugaiat	former			one who forms
dugan	formation			
dugac	formal			
dugacas	formality			
dugaci	to formalise	verb		
dugaciat	formaliser			
dugacan	formalisation			
Elada	Greece			
Eladac	Greek	adjective		adjective
eladaci	to hellenise	verb		
eladacan	hellenisation			
eladaciat	helleniser			
Elenat	Greek	noun		noun, person; < Gr. Elenas
iud	jew			
iudac	jewish			
iudait	judaism			
iowincal	young person		derivation / compound	iowinc + -al, “young-small”
entar aman	meanwhile			between time, cf. Fr. entretemps
en solu	back			act of returning; cf. W. yn ol
trerodi	to deliver	verb	derivation / compound	tre + rodi, “across-give”; to give something across a distance
trerodan	delivery			
trerodiat	deliverer			
carc sir	menhir			“stone long”, cf. Br. men-hir, id.
tencnam	bonfire		derivation / compound	ten + cnam, “fire-bone”, cf. Ir. tine chnámh, id.
petloi	stuff		derivation / compound	pet + loi, “thing-collective”; generic collective term for unspecified things
mediesugrac	centrifugal			
gus mediesugrac	centrifugal force			
mediesugri	to depart from the centre	verb	derivation / compound	medi + esugri, “middle-get-out”
cletpopi	to roast	verb	derivation / compound	clet + popi, “mesh-cook”
cletpopan	roast			
cletpopiat	roaster			
bolgnat	provocation		derivation / compound	bolg + gnat, “born from swelling/anger”; cf. Ir. feargnadh, id.
bolgnati	to provoke	verb		
bolgnatiat	provoker			
penwen	to reckon	verb	derivation / compound	pen + men, “head/top-think”
penwenu	reckoning			
penweniat	reckoner			
suranwen	to proportion	verb		
suranweniat	proportioner			
suranwenu	proportion			
suranwenac	proportionate			
ansuranwenac	disproportionate			
suran	ration		derivation / compound	su + ran, “good-part”
surani	to ration	verb		
suraniat	rationer			
suranac	rational			
suranacas	rationality			
ansuranac	irrational		derivation / compound	an + suranac, “un-rational”
ansuranacas	irrationality			
rancravoru	film clip		derivation / compound	ran + cravi + boru, “part-write-movement”
lavaran	vowel			cf. W. llafariad
imbeti	to multiply	verb		
imbetiat	multiplier			
imbetan	multiplication			
cosir	spider		derivation / compound	cos + sir, “long leg”; cf. Ir. gliomach “long legged fellow”, lobster
cosirac	spidery			
morcosir	lobster		derivation / compound	mor + cosir + mór, “sea spider”; cf. morbled “shark”, morcun “dolphin”, etc.
taravo	to effect	verb	derivation / compound	tar + avo, “do through”; cf. L. ex-facere “out/thoroughly doing”
taravan	effect			
taraviat	effecter			
gwercai	siege		derivation / compound	gwer + cai, “on-hedge [enclosure]”; cf. W. gwarchae, id.
gwercaia	to besiege	verb		
gwercaiat	besieger			
gwercalgi	to indicate	verb	derivation / compound	gwer + calgi, “on-pointing”; cf. W. ardhangos “on-show”
gwercalgan	indication			
gwercalgiat	indicator			
diarwer	displeasure		derivation / compound	di + arwer
diarweri	to displease	verb		
diarweriat	displeaser			
sugweliat	volunteer			
sugwel	to volunteer	verb	derivation / compound	su + gwel, “good-willing”
sugwelac	voluntarily			
dwapis	to spy	verb	derivation / compound	du + ápis, “bad-seeing”
dwapisiat	spy			
dwapisan	espionage			
andetreci	to rout	verb	derivation / compound	ande + treci, “very-defeat
andetrecan	rout			
andetreciat	router			
caniatloi	chorus		derivation / compound	caniat + loi, “singer-collective”
Eir	Ireland			
Eirac	Irish			
Alba	Scotland			
Albac	Scottish			
Anglia	England			
Anglac	English			
Francia	France			
Francid	French			
Galic	French			
Galia	France			
Dosia	Germany			
Dosac	German			
Gerwan	germanic person			
Gerwanac	germanic			
Ispania	Spain			
Ispanac	Spanish			
Galatac	Gaulish			Gallic
Galatac	Gallic			Gaulish
Galatia	Gaul			country
Galat	Gaulish man			
Galatis	Gaulish woman			
Acitania	Aquitania			
Acitanac	Aquitanian			
Belgia	Belgica			
Belgac	Belgian			
Italia	Italy			
Italac	Italian			
Elada	Greece			
Eladac	Greek	adjective		adjective
Elenat	Greek			person
Elwetia	Switzerland			
Elwetac	Swiss			
Breis	Brittany			
Bresonac	Breton			
Cumri	Wales			
Cumric	Welsh			
Cernow	Cornwall			
Cernowac	Cornish			
Lusitania	Portugal			
Lusitanac	Portuguese			
Oscadia	Euskadi (Basque country			
Oscarac	Euskara	adjective		Basque, adjective
Oscarat	Basque	noun		noun, person
rodol	dose		derivation / compound	rod- + -ol, “give-thing”, secondary substantivising suffix
rodoli	to dose	verb		
rodoliat	doser			
rodoloi	dosage			
biri	to shorten	verb		
biran	shortening			
biriat	shortener			
sucerti	to insure	verb		
sucertiat	insurer			
sucertan	insurance			
drutasa	to encourage	verb		
drutasan	encouragement			
drutasaiat	encourager			
gwesuni	to appreciate	verb	derivation / compound	gwesu + -ni, “valuable-ing”; cf. W. gwerthfawrogi, id.
gwesunan	appreciation			
gwesuniat	appreciater			
natunac	poetic		derivation / compound	natu + -nac, “poem-like”
Gadelac	Gaelic			
batuvricu	disguise		derivation / compound	batu + bricu, “brindle-appearance”; cf. Ir. bréagriocht, id.
batuvricuni	to disguise	verb		
batuvricuniat	disguiser			
aliuloi	imagery			
goval	kilt		derivation / compound	gov + -al, “fold-small”; cf. Gael. feileadh beag, id.
co elu	so much			such a lot
co imbet	so much			
gwer imbet	so much			so overly much
cofrut	series		derivation / compound	co + frut, “with-current”; cf. W. cyfres, Ir. sraith
cofrutac	serial			
cofruti	serialise			
cofrutiat	serialiser			
cofrutan	serialisation			
atali	to feedback	verb	derivation / compound	at(e) + ali, “again feed”; cf. Ir. aiseolas, W. adbor
atalan	feedback			
ataliat	feedback giver			
enbit	draft	noun	derivation / compound	enbi + -t, “drawn-noun”
enbiti	to draft	verb		
enbitiat	drafter			
enbitan	drafting	noun		noun
dudelge	to capture	verb	derivation / compound	du + delge, “bad-hold”
dudelgen	capture			
dudelget	capturer			
ercladi	to exercise	verb	derivation / compound	er + cladi, “around-swording”
ercladan	exercise			
ercladiat	exerciser			
Sina	China			
Sinac	Chinese	adjective		adjective
Sinat	Chinese person			
nesas	closeness			
nesas	proximity			
nesac	approximate	adjective		adjective
nesaci	to approximate	verb		
nesacan	approximation			
nesaciat	approximater			
sterdati	to posit	verb	derivation / compound	ster + dati, “firm-put”
sterdatiat	positer			
ranglen	to select	verb	derivation / compound	ran + glen, “part-choose”
ranglenu	selection			
rangleniat	selecter			
depruglen	to diet	verb	derivation / compound	depru + glen, “food-choose”
depruglenu	diet			
deprugleniat	dieter			
beradatol	mission			
beradatan	missive			
beradatolaun	missionary			
ened beradatolaun	missionary position			
duvor	to trick	verb	derivation / compound	du- + -bor, “bad-move”; cf. Ir. cleasach “cunning”
duvoru	trick			
duvoriat	trickster			
duvorac	cunning	adjective		adjective
duvorac	tricky			
duvoracas	cunning	noun		noun
caman al	otherwise			”way-other”
escan dinean	of course			without doubt, cf. Ir. gan amhras
cingestol	precaution		derivation / compound	cin + gestol, “before-guarantee”; cf. L. prae-cavere, id.
gwergestol	caution		derivation / compound	gwer + gestol, “on-guarantee”
cingestoli	to take precautions	verb		
cingestoliat	precautioner			
cingestolan	precautioning	noun		noun
gwergestoli	to caution	verb		
gwergestoliat	cautioner			
gwergestolan	cautioning			
mumgar	to mumble	verb	derivation / compound	mum + gar, “mmh-call”, first part onomatopoeic; cf. Ir. monabhar, mungailt, W. mwmian, myngial, id.
mumgariat	mumbler			
mumgaru	mumble			
esutam	worthless		derivation / compound	es + sutam, “without value”
esutamas	worthlessness			
dicenwar	ostentatious		derivation / compound	dicen + -mar, “showing big”; cf. W. rhwysgfawr “big pomp”
dicenwaras	ostentation			
Mormedi	Mediterranean	noun	derivation / compound	noun, mor + medi,“sea-middle”, cf. Ir. meánmhuir, id.
Mormediac	Mediterranean	adjective		adjective
ernunac	western		derivation / compound	ernu + -nac, “west-like”
Morwar Ernunac	Atlantic ocean			
OB	after Brennos			OB < Os Bren “after Brennos”, 279 BCE, start of Gaulish time reckoning
Os Bren	after Brennos			279 BCE, start of Gaulish time reckoning
dustir	disaster		derivation / compound	du + sir, “bad star”; cf. L. dis-astr-, id.
dustirac	disastrous			
tirlondu	wilderness		derivation / compound	tir + londu, “wild-land”; cf. Ir. talamh fiáin, id.
penus	president		derivation / compound	pen + us, “high-head”; cf. Ir. uachtarán
penusa	to preside	verb		
penusan	presidence			
penusaiat	presider			
penusait	presidentship			
penusac	presidential			
pengeral	rudder		derivation / compound	pen + geral, “head-paddle”
senu	senator			elder, cf. Senones “elders/seniors”
senu	elder	noun		noun
senuloi	senate			collection of elders
trecletaun	chancellor			keeper of the barrier, cf. L. cancellarius
anantunacas	infinity			
anantunac	infinite			
ancoric	absent			
ancoricas	absence			
suvroi	state		derivation / compound	su + broi, “good-country”; independent political unit
Suvroie Condatitu	United States			
condatitu	united			
escan pritu	priceless			
tirwar	continent		derivation / compound	tir + mar, “land-big”
tirwarac	continental			
orgensilu	genocide		derivation / compound	orgen + silu, “murder-race[of people]”; cf. W. hil-laddiad, id.
orgensilunac	genocidal			
cavu	muzzle			nose and mouth of an animal, DLG 2003, p. 432, “mouth”
cavu	snout			of an animal; insult for person
dicor to cavu	shut up			“shut your snout”
mas	mineral			“metal”, Jouna Pyysalo 2016, Old Gaulish Etymologies, SCF XIII
slevin	mountain range			Jouna Pyysalo 2016, Old Gaulish Etymologies, SCF XIII
as	cereal			“rye”, Jouna Pyysalo 2016, Old Gaulish Etymologies, SCF XIII
arcun	war-hound		derivation / compound	ar + cun, “in-front-dog”, < Arcunia, DAG L p. 1208; cf. Ir. árchú, id.
arci	to wring	verb		< *arco- “twist, bend, distortion”, Delamarre pers.com., cf. Cabarci, Asturias, “muzzle/snout-twist” > “the snarlers”
dwarci	to wrench	verb	derivation / compound	du + arci, “bad-wring”; < *arco- “twist, bend, distortion”, Delamarre pers.com., cf. Cabarci, Asturias
arciat	wringer			
dwarciat	wrencher			
arcan	kink			
arcanac	kinky			
cavarci	to snarl	verb	derivation / compound	*cavu +arc-, “mouth-twisted”, cf. Cabarci, Asturias
cavarciat	snarler			
cavarcan	snarl			
elutengunac	multilingual		derivation / compound	elu + tengu + -nac, “many-language-like”; cf. Ir. ilteangach, id.
elutengunacas	multilingualism			
cletwar	internet		derivation / compound	clet + mar, “frame-big”
mai cletwar	website			
dol cletwar	webpage			
gwerbar	moreover		derivation / compound	gwer + bar, “on-top”; cf. Ir. ar a bharr sin, id.
enapis	to gain insight	verb	derivation / compound	en + apis, “in-see”
enapisan	insight			
enapisanwar	insightful			
enapisanwaras	insightfulness			
divarnu	ravage		derivation / compound	di + barnu, “without-judgement”, i.e. lawless; cf. W. difrodi < di-brawd, id.
divarna	to ravage	verb		
divarnaiat	ravager			
troiavo	to defile	verb	derivation / compound	troi + avo, “to make miserable”; cf. Ir. truailligh < Early Ir. trú “wretched”
troiaviat	defiler			
troiavan	defilement			
gworodi	to endow	verb	derivation / compound	gwo + rodi, “under-give”; cf. W. gwaddoli < go-ddoli, Ir. fo-dali, id.
gworodiat	endower			
gworodan	endowment			
ensteri	to engrain	verb	derivation / compound	en + ster, “in-firm”; cf. Ir. daingnigh < OIr. daingen “firm”
ledargi	to shimmer	verb	derivation / compound	led + argi, "weak-shine"
ledargan	shimmer			
ledargiat	shimmerer			
ledapis	to glimpse	verb	derivation / compound	led + apis, "weak-see"
ledapisan	glimpse			
ledapisiat	glimpser			
esriuni	to extricate	verb	derivation / compound	es + riuni, "out-of/from-freeing"; cf. Ir. saor
esriunan	extrication			
esriuniat	extricator			
esriunte	extricable			
esriunteas	extricability			
anesriunte	inextricable			
anesriunteas	inextricability			
awelal	breeze		derivation / compound	awel + -al, “wind-small”
peltegi	to elude	verb	derivation / compound	pel + techi, “far-leave”
peltegac	elusive			
peltegiat	eluder			
peltegan	elusion			
spatolu	affair		derivation / compound	spatol + -u, “story-thing”; cf. Ir. scéal, id, < PrC. *skwetlo-
spatolan	event		derivation / compound	spatol + -an, “story-thing”
spatolan	incident			
swemenac	automatic		derivation / compound	sue + men + -ac, “self-think-like”; cf. Gr. auto-matos, id.
swemeni	automatise			
swemenan	automatisation			
swemeniat	automator			
swemenu	automaton			unit that works independently
gwot imbetan	copyright			“right copy”
augestol	bet		derivation / compound	au + gestol, “away-from-guarantee”; cf. W. cyngwystl
augestoli	to bet	verb		
augestoliat	someone who bets			a better, punter
cor to boc	shut up			“close your mouth”
mentaitolac	emotional		derivation / compound	mentaitol + -ac, “feeling-like”
darwar	rampage		derivation / compound	dar + már, “rage-big”
darwari	to rampage	verb		
darwariat	rampager			
darwaran	rampaging	noun		noun
osbritwi	to reconsider	verb	derivation / compound	os + britwi, “after considering”; cf. Gr. metánoia, id.
osbritwian	reconsideration			
osbritwiac	reconsiderative			
osbritwiat	reconsiderator			
oscondwi	to contemplate	verb	derivation / compound	os + condwi, “after reasoning”; cf. Gr. metánoia
oscondwian	contemplation			
oscondwiac	contemplative			
oscondwiat	contemplator			
osgwidi	to evaluate	verb	derivation / compound	os + gwidi, “after understanding”; cf. Gr. metánoia
osgwidan	evaluation			
osgwidac	evaluative			
osgwidiat	evaluator			
ac estegan	etcetera			“and remainder”
ac estegan	and so on			
can arpen	along			alongside
tarlani	to imbue	verb	derivation / compound	tar + lani, “through-fill”; cf. W. trwytho, Ir. lán
tarlanan	act of imbuing			
tarlaniat	imbuer			
bolbiwit	biosphere		derivation / compound	bol + biwit, “sphere/ball-life”
bol	sphere			
cocarni	to compile	verb	derivation / compound	co+carni, “with-heaping”
cocarnan	compilation			
cocarniat	compiler			
gwidulait	literature			
gweritan	past		derivation / compound	gwerit- + -an, “passed-thing”
au gwaitam	despite			“since worst”; cf. W. er gwaethaf, id.
au gwaitam	in spite of			“since worst”; cf. W. er gwaethaf, id.
sustac	steady		derivation / compound	su + sta + -c, “good-standing-like”, cf. Ir. seasta, id.
sustacas	steadiness			
bescar	cordial		derivation / compound	bes + car, “custom-love”
inte bescar	cordially			
bescaras	cordiality			
crosamal	like-minded		derivation / compound	cro + samal, “blood-same”, cf. Ir. á bhfuil [...] céanna
crosamalas	like-mindedness			
peldercan	telescope		derivation / compound	pel + dercan, “far-look”; cf. Gr. tele-skopos, id.
birlewi	to telescope	verb	derivation / compound	bir + lewi, “short-slide”, shortening, things sliding into themselves
birlewac	telescopic			sliding out
birlewacas	telescopicness			
andecara	jolly			
andecari	to adore	verb		
andecarac	adorable			
andecaras	jolliness			
andecaracas	adorableness			
pe gwera	what’s up			“what happens”; cf. Fr. qu’est-ce qu’il se passe, id.
tuc us	arse up			bottoms up; a drinking toast
bau en to derc	mud in your eye (a drinking toast			
andecara bi	cheers			“jolly-will-be”; a drinking toast
teiac	domestic			
teiacas	domesticity			
cosac	leggy			
brucid	heathery			
epin	equine			
erunin	aquiline		derivation / compound	eru + -in, with epenthetic -n-
genunac	oral		derivation / compound	genu + -nac, “mouth-like”
amlocu	manifest	adjective	derivation / compound	adjective; am + locu, “around-light”, cf. W. amlwg, amlygu, id.
amlocuni	to manifest	verb		
amlocunan	manifestation			declaration
amlocuniat	manifester			
bilanac	physical		derivation / compound	bilan + -ac, “matter-like”
bilanacas	physicality			
bilangwid	physicist			
bilangwidait	physics			
canusen	legend		derivation / compound	canu + sen, “song-old”; cf. Ir. seanchas “old story”
canusenac	legendary			
coilgwaran	crack			
coilgwari	to crack	verb	derivation / compound	col + gwari, “narrow-separate”
coilgwariat	cracker			
coilran	split		derivation / compound	col + ran, “narrow-part”
coilrani	to split	verb		
coilraniat	splitter			
ledaidi	to glow	verb	derivation / compound	led + aidi, “weak-flaming”
ledaidu	glow			
ledaidiat	glower			
ledaidac	glowing	adjective		adjective
comenu	concept		derivation / compound	co + menu, “with-thought”; cf. W. cysyniad, id.
comenwi	conceptualise			
comenwiat	conceptualiser			
comenwian	conceptualisation			
canautai	to coordinate	verb	derivation / compound	can + autai, “with-arrange”
canautaitol	coordination			
canautaiat	coordinator			
canautaiac	coordinated	adjective		adjective
ancanautaiac	uncoordinated	adjective		adjective
canautaian	coordinate	noun		noun, for maps
raiadat	purpose		derivation / compound	rai + adat, “in front-placement”
andoc	inner			
Cumbrac	Cumbric			
caman targweran	passageway			
agednuni	to modernise	verb		
agednunan	modernisation			
agednuniat	moderniser			
atecarni	to reconstruct	verb		
atecarnan	reconstruction			
atecarniat	reconstructor			
osac	a posteriori			“last-like”
pelsai	to explore	verb	derivation / compound	pel+ sai, “far-seek”; cf. Ir. taiscéal < taisc < OIr. do-osaig < saigid < sagi- “to seek”
pelsaiat	explorer			
pelsaitol	exploration			
canamanac	contemporary		derivation / compound	can + aman + ac,“with-time-like”
sucaiti	to captivate	verb	derivation / compound	su + caiti, “good-imprisoning”
sucaitiat	captivator			
sucaitan	captivation			
cancarat	enamoured		derivation / compound	can + carat, “ with-love”, in love, amoureux
cancarat	in love			
ai cancarat	to fall in love	verb		become enamoured
sloicanunac	choral			
andegworu	repertoire		derivation / compound	ande + gworu, “very-product”, cf. L. re-pert-us < re-perire “very-produce”
andegwor	to build a repertoire	verb		
andegworiat	someone who builds a repertoire			
Britonac	British			
Latwia	Latvia			
Ostralia	Australia			
suvlan	lush		derivation / compound	su + blan, “good-soft”
suvlanas	lushness			
cerdoniat	organist			
cocantol	concert		derivation / compound	co + cantol, “with-music”, cf. W. cyngerdd, Ir. coirm cheoil
gwoceliat	accompanist			
cerdon	organ			musical instrument; instrument in general; body organ; “thing that works”
cerdon cernu	pipe organ			
cetu	wooded			
cetu	forested			
bricid	various		derivation / compound	bric + -id, “spot-like”; cf. L. varius < different, spotted
bricidas	variety			
lamcravit	manuscript		derivation / compound	lam + cravit, “hand-written”; cf. E. manuscript < ML. manuscriptum, id.
gwerlocuni	to illustrate	verb	derivation / compound	gwer + locuni, “more-illuminate”
gwerlocuniat	illustrator			
gwerlocunan	illustration			
ancerdac	amateur	adjective	derivation / compound	adjective; an + cerdac, “un-work-like”
ancerdacait	amateurism			
cerdacait	professionalism		derivation / compound	cerd + -ac + -ait, “work-like-ism”
canusenloi	lore		derivation / compound	canusen + -lói, “legend-collection”
gwerbis	opportunity		derivation / compound	gwer + bis, “on-being”; cf. W. arfod, id.
gwerbisac	opportune			
gwerbisaun	opportunist			
broigwal	realm		derivation / compound	broi + gwal, “country-ruler”
coretac	current	adjective	derivation / compound	adjective; co + ret + -ac, “with-running-like”; cf. W. cyfredol
inte coretac	currently			
colin	body			< Colinus, DAG p. 1119; cf. Ir. colainn, W. celain, Br. kelan, id.
cancolini	to incorporate	verb	derivation / compound	can + colin, “with-bodying”
cancoliniat	incorporator			
cancolinan	incorporation			
ensei	to affect	verb	derivation / compound	en + sei, “sow inside”; cf. Ir. cuir isteach ar, “put in on”
enseiat	affecter			
enseitol	influence			
enseian	affectation			
siriantu	homesickness			“long-desire”
daran argan	coin			“piece money”; cf. W. darn arian, id.
darani	to coin	verb		< darn argan, “piece of money”
daranu	coinage			
daraniat	coiner			
suves	normal			
suvesas	normality			
duves	abnormal			
duvesas	abnormality			
petaran	square		derivation / compound	petar + an, “four-thing”, DLG 2003, 250-51; cf. L. quadrus < quattuor “four”
petaranac	square	adjective		adjective
petarani	to square	verb		
petaraniat	squarer			one who squares
petaranan	squaring	noun		noun
cancati	to symbolise	verb	derivation / compound	can + cati, “together-throw”; cf. Gr. syn- + bállo > symbol
cancatiat	symboliser			
cancatan	symbol			
cancatac	symbolic			
britac	magical			“magic-like”
britacas	magicalness			
cortunac	arcane		derivation / compound	cortu+ -c, “closed-like”; cf. L. arcanus < arceo “enclose”
cortunacas	arcaneness			
esentu	whim		derivation / compound	es + sentu, “without-path”; cf. W. hep-hynt, id.
esentunas	whimsy			
esentunac	whimsical			
raimonac	throaty			
maicerdan	workplace			
swemoti	to wank	verb	derivation / compound	sue + moti, “self-beat”
swemotan	wank			
swemotiat	wanker			
urid	root			< Uridolanos, DLG 2003, p. 321, < PrC. *wridmā < PIE *wréh2ds; cf. W. gwraidd, gwreiddyn, greddf; Ir. fréamh, préamh; id.
uridi	to root	verb		
uridiat	rooter			
uriditu	rooted			
uridan	racination			root-taking, rootment
enuridi	to ingrain	verb	derivation / compound	en + uridi, “in-rooting”
enuriditu	ingrained			
enuridiat	ingrainer			
enuridan	ingrainment			
drugwis	wizard		derivation / compound	dru+gwis, “robust-wise”; cf. E. wizard, PGer. *wisaz-harduz, “wise-hard”; cf. Gaul. dru-wid, “robust-knowing”, id.
dru	robust			< dialectical Romance meanings of strong, hard, dense, thick, etc.; DLG 2003, pp. 149-151; Gaul. deru “oak” > dru “robust” = L. robur “oak” > robustus “robust”, id.
dru	oak-strong			
drunas	robustness			
drunas	oak-strength			
sudru	dense			
sudrunas	denseness			
sudrunait	density			
modru	horny		derivation / compound	mot + dru, “robust dick”; cf. Lambert 2003, p. 197, dial. Fr.
modrunas	horniness			
candrunaswar	lustful			
candrunas	lust			
candru	lusty			
drut	brave	verb	derivation / compound	dru + -t, past participle with suffix –t-, verbal adjective, “hardened” > brave, tough
druc	bad		derivation / compound	dru + -c, with adjectival suffix –c < -ac or -ic, loss of -a- or -i- after /u/ , “hard-like” > bad, nasty
drun	vigourous		derivation / compound	dru + -n, with substantivising suffix -n, cf. carn-, orgen, cingen, anaone (DLG 2003), ueionna (Mees 2011); > drun “the vigorous one”, hydronym, DLG 2003, p. 150
gweletac	sensitive		derivation / compound	gwelet + -ac, “see-er-like”
gweletacas	sensitivity			
saitol	quest			
saitoli	to quest	verb		
saitoliat	quester			
en soitan a	besides			“in addition to”
atevrivi	to revamp	verb	derivation / compound	ate + brivi, “re + patch”
atevriviat	revamper			
nowa	to renovate	verb	derivation / compound	nowi + avo, “new-make”
nowaiat	renovator			
nowat	renovation			
enowa	to innovate	verb	derivation / compound	en+ nowi, “in-new”
enowaiat	innovator			
enowat	innovation			
enowac	innovative			
ditegwi	to uncover	verb	derivation / compound	di + tegwi, “un-cover”
ditegwian	exposure			
ditegwiat	uncoverer			
maiernaitol	recess		derivation / compound	mai + ernaitol, “place-retreat”
lipi	to abandon	verb		
lipi	to leave behind	verb		magu-lipos “abandoned child” XDM, pers.com. 2018; cf. Leponti “abandoning-ones”
lipiat	abandoner			
lipan	abandonment			
eslipan	eclipse		derivation / compound	es + lipan, “from-abandonment; cf. Gr. ékleipsis < ek-leipein “out-leave/abandon”, id.
eslipiat	eclipser			
eslipan swelac	solar eclipse			
eslipan misunac	lunar eclipse			
eslipan oc	complete eclipse			
spatoltoti	to mythologise	verb		to create a myth
spatoltotiat	mythmaker			
spatoltotiat	mythologiser			
spatoltotan	mythmaking	noun		noun
spatoltotan	mythologisation			
sterbrit	obstinate		derivation / compound	ster + brit, “firm-mind”
sterbritas	obstinacy			
sterbriti	to be obstinate	verb		
sterbritiat	obstinate person			
areni	to prolixe	verb	derivation / compound	a + reni, “towards-flow”, to be longwinded
areniat	prolixer			longwinded person
arenan	prolix			longwinded talk
arenac	prolixitous	adjective		adjective, longwinded
arenacas	prolixity			longwindedness
limac	tedious		derivation / compound	lim + -ac, “limp-like”; cf. Ir. leamh, id.
limacas	tedium			
adavac	demonstrative	adjective		adjective
adavaun	demonstrative	noun		noun
nitac	locative	adjective		adjective
nitaun	locative	noun		noun
candiai	to encounter	verb	derivation / compound	can + diai, “with-come”
candiaitol	encounter			
candiaiat	encounterer			
gwercuni	to align (gwercu + -ni, “line-ing”	verb	derivation / compound	
gwercuniat	aligner			
gwercunan	alignment			
nemalaun	planet		derivation / compound	nem + alaun, “sky-wanderer”, cf. Gr. πλανήτης ‎planḗtēs “wanderer”
nemalaunac	planetary			
bitud	secular		derivation / compound	bitu + -d, < secondary adjectival suffix –id, loss of -i- after /u, “world-like”; cf. W. bydol “world-like”
bitudas	secularity			secularness
bitudi	to secularise	verb		
bitudiat	seculariser			
bitudan	secularisation			
anbitud	sectarian			
anbitudas	sectarian-ness			
anbitudi	to sectarianise	verb		
anbitudiat	sectarianiser			
anbitudan	sectarianisation			
esgutac	evocative		derivation / compound	es + gut + -ac, “from-voice-like”; cf. L. evocare, id.
esguti	to evoke	verb		
esgutiat	evoker			
esgutan	evocation			
galic	romantic			< “galica cravi”; cf. romanz < romanice scribere “story in the vernacular
galicas	romanticness			
galait	romance			
galaiti	to romance	verb		
galaitiat	romancer			
galaitan	romancing	noun		noun
galvi	to fatten	verb		
galviat	fattener			
galvan	fattening	noun		noun
galvai	to get fat	verb		
galvaiat	one who gets fat			
galvaitol	act of getting fat			
dus	nature spirit			
dusac	pertaining to nature spirits	adjective		
dondelge	to kidnap	verb	derivation / compound	don + delge, “person-holding”
dondelgen	kidnapping			
dondelget	kidnapper			
mantol	multitude		derivation / compound	a lot of, size, quantity; < manti- + ol, “a lot-all”, FWOGO; cf. W. maint, Br. meñt, meñd, C. myns, Ir. méid, méad, ScG. meud, miad
comantol	whereas		derivation / compound	co + mantol, “with-multitude”; cf. W. cymaint, “as big, as many, as much”
ancert	wrong			
ancertas	wrongness			
carcesc	lobster		derivation / compound	carc + esc, “rock-fish”
carcescal	rock lobster		derivation / compound	carcesc + -al, “lobster-small”; doesn’t have claws
milcarc	crab		derivation / compound	mil + carc, “animal-rock”, cf. milcum “animal-bowl”> “turtle”
maigwin	paradise		derivation / compound	mai + gwin, “place-white”; cf. W. gwynfa, id.
geredi	to crawl	verb	derivation / compound	ger + edi, "knee-walk"
gerediat	crawler			
geredan	crawl	noun		noun
geredan rai	frontcrawl			swimming style
busut	cock			penis
gnata	girl			affectionate term, “baby, sweetheart”
gnata	sweetheart			for a girl only
sedolep	saddle		derivation / compound	sedol + ep, “seat-horse”
sedolepi	to saddle	verb		
sedolepiat	saddler			
Ciumara	a woman’s name			cut off a centurion’s head after having been raped by him
ciu	cloud			
ciunac	cloudy			
ciu taran	storm cloud			
petanac	interrogative		derivation / compound	petan + -ac, “question-like”
mesu	mood		derivation / compound	mes + -u “measurement-thing”, cf. L. modus “measure”
mesu petanac	interrogative mode			
gwognitac	subordinate		derivation / compound	gwo + gnit + -ac, “below order-like”, cf. L. subordinare
corolan gwognitac	subordinate clause			
andanlani	to exhaust	verb	derivation / compound	and(e) + anlani, “very-empty”; loss of /e/ before /a/
andanlaniat	exhauster			
andanlan	exhaustion			
andanlanitu	exhausted			
urancan	member			< uranc, “limb”; cf. L. membrum, id.
urancanait	membership			concept
urancanloi	membership			collection of people
batwiac	apparent		derivation / compound	batwi + -ac, “appear-like”
apisuloi	ideology		derivation / compound	apisu + -loi, “idea-collective”
apisuloiac	ideological			
drom	ridge			< Dromacius, “ridge-like”; DAG p. 643; cf. Ir. droim, id.
dromac	ridge-like			
gwercu drom	ridge line			
eru mor	sea eagle			
minitac	explicit		derivation / compound	minit- + -ac, “explained-like”
minitacas	explicitness			
orgenac	murderous			
nescondati	to associate	verb	derivation / compound	nes + condati, “close-unite”
nescondatan	association			
nescondatiat	associate	noun		noun; person
spanti	to state	verb		
spantiat	stater			
spantan	stating	noun		noun
escarti	to ban	verb	derivation / compound	es + carti, “from-expel”
escartan	ban			
escartiat	ban-er			one who bans
bili	to block	verb		bil “tree trunk”; cf. Germanic *bloc- “tree trunk, obstruction”
biliat	blocker			
bilan	blockage			
maget	master			
magetis	mistress			
magetait	mastery			
magetwar	masterful			
mageti	to master	verb		
magetan	mastering	noun		noun
magetiat	masterer			
andedami	to condone	verb	derivation / compound	ande + dami, “very-accept”
andedamiat	condoner			
andedaman	condonation			
andelatu	zeal		derivation / compound	ande + latu, “very-ardour”
andelatunac	zealous			
auvritas	dementia		derivation / compound	au + brit + as, “away-from-mind-ness”; cf. L. de-mens-, id.
auvritac	demented			
ronemetac	fanatical		derivation / compound	ro + nemet + -ac, “too-temple-like”
ronenemetait	fanaticism			
ronenemetaun	fanatic	noun		noun
daswaus	diphthong		derivation / compound	da + swaus, “two-sound”
atenavo	to re-enact	verb	derivation / compound	at(e) + en + avo, “again-enact”; cf. L. inactare, E. re-enact
atenavan	re-enactment			
atenaviat	re-enactor			
enavo	to enact	verb		to carry out
enavan	enactment			
enaviat	enactor			
entarglen	to recognise	verb	derivation / compound	entar + glen, “between-choose”; cf. L. inte[r]-lego- > intelligence
entargleniat	recogniser			
entarglenan	recognition			
entarglenu	intellect			
entarglenunac	intellectual			
entarglenunacas	intellectuality			
britagavi	to apprehend	verb	derivation / compound	brit + a + gavi, “mind-take”, with epenthetic /a/ to avoid -tg-
britagavan	apprehension			
britagaviat	apprehender			
erwentai	to grasp	verb	derivation / compound	er + mentai, “around-feel”; cf. E. to grasp, OE. græpsan
erwentaitol	grasp			
erwentaiat	grasper			
erwentaiac	grasping-like			
atepelada	to repost	verb		
atepeladat	repost	noun		noun
atepeladaiat	reposter			
cletenan	shot			
roetaitolac	outrageous			
roetaitol	outrage		derivation / compound	roet(i) + aitol, “beyond-go”, cf. L. ultraticum “passing beyond bounds”
atecarni	to rebuild	verb	derivation / compound	ate + carni, “again-build”
ategentu	reborn		derivation / compound	ate + gentu, “again-born”
dapar	balance		derivation / compound	da + par, “two-cauldron”; cf. L bilanx, “two scale-pan”
dapari	to balance	verb		
dapariat	balancer			
Lugusaman	Lúnasa		derivation / compound	 Lugu + saman, “Lugu-meeting”
samon	summer			
Samon	first month of the Gaulish calendar			
Samon	month of summer			
drapal	tissue		derivation / compound	drap + -al, “cloth-small”
bascu	web			
drapen	head cloth		derivation / compound	drap + pen, “cloth-head”; -pp- > -p-
gwercud	veil		derivation / compound	gwer + cud, “more-hidden”, cf. OGaul cudo, OFr cuter, W. gorchudd “veil”
gwercudi	to veil	verb		
gwercudiat	veiler			
gwercudan	veiling	noun		noun
culpen	headdress		derivation / compound	cul + pen, “screen-head”
andecoil	thin		derivation / compound	ande + coil, “very narrow”; cf. W. achul, Ir. caol, id.
andecoli	to thin	verb		
andecoiliat	thinner			
andecoilan	thinning	noun		noun
co sin	thus			
co sin	like this			
atedianta	to restart	verb	derivation / compound	ate + dianta, “again-begin”
atediantaiat	restarter			
atediantu	restart			
Enbolg	Imbolc		derivation / compound	en + bolg, “in-belly”> pregnant; festival of pregnant livestock
Tenbel	Beltaine		derivation / compound	ten + bel, “fire-powerful”
drapgnatal	nappie		derivation / compound	drap + gnatal, "cloth-baby"
drapgnatal	diaper			
gwerlami	to treat	verb	derivation / compound	gwer + lami, “on-hands”; cf. Ir. laimhseáil “hand-cover”
gwerlamiat	treater			
gwerlaman	treatment			
gwerlamait	treatise			
drasc	residue of malt in beer			Lambert 2003, p. 197, dial. Fr.
drasc	dregs			
drasci	to dredge	verb		
drasciat	dredger			
drascan	dredging	noun		noun
dril	scrap			piece of material; Lambert 2003, p. 197, dial. Fr.
drili	to scrap	verb		to rip to pieces
driliat	scrapper			one who rips to pieces
drilan	scrapping			ripping to pieces
drauc	chaff			Lambert 2003, p. 197, dial. Fr.
gun	dress			Lambert 2003, p. 198, dial. fr.
gunal	skirt			
gunwar	cloak with fur lining			
gam	patella			Lambert 2003, p. 198, dial. Fr.
laus	roof tile			Lambert 2003, p. 199, dial. Fr.
laus	lozenge shape			
lauc	slug			Lambert 2003, p. 199, dial. Fr.
laucid	sluggish			
laucin	slug-like			
minu	tunnel			Lambert 2003, p.200, dial. Fr.
minu	mineshaft			
roc	granite			Lambert 2003, p.200
tinc	tench			a fish, lives in slow-moving fresh or brackish water; Lambert 2003, p. 202
gwinal	fence			Lambert 2003, p. 203, dial. Fr.
gwinali	to fence	verb		
gwinaliat	fencer			
escnusa	to pick out	verb		
escnusan	excerpt			
corolan suregu	direct clause			
suregu	direct	adjective		adjective
corolan ansuregu	indirect clause			
suregunas	directness			
ansuregunas	indirectness			
coregu	straightforward		derivation / compound	co + regu, “with-straight”
tutincanu	vagina-song			personal name < tuticanus, Delamarre 2003, p. 305
cunbar	dog-head			personal name; cunobarrus “dog-top”, Delamarre 2003, p. 132
cuded	boot		derivation / compound	cud + ed, “cover-foot”; cf. W. esgid, C. eskis < *ed-cud- “foot-cover”
cudedi	to boot	verb		
cudediat	booter			
cudedan	booting	noun		noun
cindercan	preview		derivation / compound	cin + dercan, “before-look”
cinderci	to preview	verb		
cinderciat	previewer			
Martal	big forehead			personal name
Suvron	good breast			personal name
engeredi	to infiltrate	verb	derivation / compound	en + geredi, “in- crawl”
engeredan	infiltration			
engerediat	infiltrater			
dwani en in medu	to be an arsehole	verb		“pissing in the mead”
dwani en in curu	to be an arsehole	verb		“pissing in the beer”
delge to dwan	hold your piss			relax, calm down, take it easy
Gwircanu	Songman			“man-sing”< Uirocantus, Delamarre 2003, p. 321
gwiracas	manliness			
gwirac	manly			
Bengal	Powerwoman			< Banogalis, Delamarre 2003, p. 72
cognit	system		derivation / compound	co + gnit, “with-order”; cf. W. cyfundrefn, trefn “with-one-order”
cognitac	systematic			
cogniti	to systemise	verb		
cognitiat	systemiser			
cognitan	systemisation			
cognitu	systemic			
cognitacas	systematicness			
oledac	spatial			
bosanal	model		derivation / compound	bosan + al, “measure-small”, cf. L. modulus, id.
bosanali	to model	verb		
bosanaliat	modeler			
bosanalan	modelling	noun		noun
candici	to exhibit	verb	derivation / compound	can + dici, “with-showing”
candican	exhibition			
candiciat	exhibitor			
digovi	to display	verb	derivation / compound	di + govi, “un-fold”; cf. L. displicare, id.
digovan	display			
digoviat	displayer			
trecalgi	to prove	verb	derivation / compound	tre + calgi, “across-point”; cf. Gr. paradeiknumi, id.
trecalgiat	prover			
trecalgan	proof			
trecalgu	paradigm			something that has been “pointed across”, argued to proof
trecalgunac	paradigmatic			
atetiupriti	to re-pay	verb	derivation / compound	ate + tiupriti, “again-pay”
atetiupritan	repayment			
atetiupritiat	repayer			
Gwerudumuna	Wide-dark One			personal name, female
Tartu	Dry One			personal name
Bledinu	Wolf-like One			personal name
Comprinu	Tree-like One			personal name
Duvunac	Deep One			personal name
Cunwor	Sea-dog			personal name
gwiunten	locomotive		derivation / compound	gwiun + ten, “fire-wagon”
magalis	princess			
mes	bad			
gwer mes	worse			
amanac	temporal			
atediuni	to update	verb	derivation / compound	ate + diuni, “date-again”
tauvorac	sneaky	adjective		also “sneak”, adjective
inte gwerpenac	especially			
co anetiam	at least			
ianu sat	fair enough			
ersentu	period		derivation / compound	er + sentu, “around-path”, cf. L/Gr periodos, id.
ersentunac	periodic			
dwan ep	horsepiss			
duvurwargu	lime		derivation / compound	duvur + margu, “water-clay”
sudilige	to charm	verb		
sudiliget	charmer			
sudiligen	charm			
sudilegac	charming	adjective		adjective
eti gwe aneti	more or less			
litulac	ritual	adjective		adjective
anes	removed		derivation / compound	an + nes, “un-near”
anesas	removedness			
sumel	young woman		derivation / compound	su + mel “good-honey”
ausuc	pauper			Absucus, person who doesn’t have pigs, Chartres, Stifter et al. 2013; /au/ instead of /ab/
cotroini	to complain	verb	derivation / compound	co + troini, “with weep”; cf. Ir. accáine, W. achwyn
cotroinan	complaint			
cotroiniat	complainer			
andamic	poor quality			
andamicam	worst quality			
anded	worse			
andedam	worst			
used	better			
used	superior			
usedas	superiority			
andam	low level			
stirdewgaru	astrology		derivation / compound	stir + dewgaru, “star divination”
stirdewgarunac	astrological			
stirdewgariat	astrologer			
stirdewgariatis	female astrologer			
stirgarblariat	astrolo-fraudster		derivation / compound	stir + garblariat, “star-swindler”
stirgarblaran	astrolo-swindle			
garblariat	snake oil merchant		derivation / compound	gar + blariat, “call-palester”
garblariat	swindler			
garblariat	crook			
dugarblaran	fraud			
dugarblariat	fraudster			
dugarblari	to defraud	verb		
garblaran	swindle			
garblari	to swindle	verb		
druidblar	fake druid		derivation / compound	druid + blar, “druid-pale”; pale = fake, bad
druidblari	to bullshit	verb		
druidblaran	bullshit			
druidblariat	bullshitter			
gwerdruidblari	to bullshit in the extreme	verb		
gwerdruidblaran	extreme bullshit			
gwerdruidblariat	extreme bullshitter			
dugweti	to mislead	verb		
dugwetiat	misleader			
dugwetan	misleading	noun		noun
tar Belen Donu	by Lord Belenos			
ne gala e targwara o olin es o tuc	he can’t tell his arse from his elbow			
anatogwiat	psychopomp		derivation / compound	anat + ogwiat, “soul-conductor” [to the afterlife]
osbiwit	afterlife		derivation / compound	os + biwit, “after-life”
amgovi	to envelop	verb	derivation / compound	am + govi, “around-fold”
amgovan	envelope			
amgoviat	enveloper			
cintutrevi	to settle	verb	derivation / compound	cintu + trevi, “first-dwelling
cintutreviat	settler			
cintutrevan	settlement			
meli	to muffle	verb		< melis “soft”, W. moled, Ir. maolaigh, muffle < Frk. molfell “soft skin”
meliat	muffler			
melan	mufflement			
melu	muff			
gwerlamiat	treater			
gwoceliat	accompanist			
teial	shack		derivation / compound	tei + al, “house-small”
gwergwici	to vanquish	verb	derivation / compound	gwer + gwici, “over-win”
gwergwicitue	vanquished ones			
gwergwiciat	vanquisher			
gnionloi	body of knowledge			
arpensir	rectangle		derivation / compound	arpen + sir, “long-side”
arpensirac	rectangular			
riunasai	to defy	verb	derivation / compound	riunas + sai, “freedom-seek”
riunasaiat	defier			
riunasaitol	defiance			
bolalban	balloon		derivation / compound	bol + alban, “ball-air”
bolalban sinat	weather balloon			
inte cert	properly		derivation / compound	inte + cert, “right-like-ish”; cf. Ir. i gceart “properly”
nil	zero			< L. nihil
costa	to compare	verb	derivation / compound	co + sta, “with-stand”, “stand together”; cf. W. cystadlu < co- + *steh2, id.
costat	comparison			
costaiat	comparer			
covir	diminutive	adjective	derivation / compound	adjective; co + bir, “with-short”; cf. W. prinhau “shorten, make scarce”
coviras	diminutiveness			
coviru	diminutive	noun		noun
coviri	to diminish	verb		
coviriat	diminisher			
coviran	diminution			
olac	absolute		derivation / compound	ol + -ac, “all-like”; cf. W. hollol, id.
inte olac	absolutely			
olacas	absoluteness			
olacait	absolutism			
anrisa	to untie	verb	derivation / compound	an + risa, “un-tie”
anrisaiat	untie-er			
anrisan	untying	noun		noun
aulung	to absolve	verb	derivation / compound	au + lung, “away-release”; cf. W. gollwng, DLG 2003, p. 211
aulungiat	absolver			
aulungan	absolution			
bononi	to prosper	verb		
bononiat	prosperer			
bononan	prospering	noun		noun
sedu	session			cf. L. sessio-
sedunac	sessional			
sedwi	to session	verb		
sedwiat	sessioner			
sedwian	sessioning	noun		noun
argatswel	sunshine		derivation / compound	argat + swel, “shine-sun”
dercoru	dragon		derivation / compound	derc + -or + -u, “s.t. that is seen”, cf. Gr. drakon < v. derkomai “I see clearly”
caval	work horse			
Litenstan	Liechtenstein			
Litwania	Lithuania			
Lusemborg	Luxembourg			
Totait Macedonia	Republic of Macedonia			
Madagascar	Madagascar			
Malawi	Malawi			
Maleisia	Malaysia			
Maldive	Maldives			
Mali	Mali			
Malta	Malta			
Enise Marsal	Marshall Islands			
Martinic	Martinique			
Moritania	Mauritania			
Morisius	Mauritius			
Meiot	Mayotte			
Mesico	Mexico			
Totait Moldova	Republic of Moldova			
Monaco	Monaco			
Mongolia	Mongolia			
Montenegro	Montenegro			
Monserat	Montserrat			
Moroco	Morocco			
Mosambic	Mozambique			
Micronesia	Micronesia			
Namivia	Namibia			
Nepal	Nepal			
Broiandu	Netherlands		derivation / compound	broi + andu, “land-low”
Broimor Nowi	New Zealand		derivation / compound	broi + mor, “land-sea”
Nicaragwa	Nicaragua			
Niger	Niger			
Nigeria	Nigeria			
Enise Mariana Tutuc	Northern Mariana Islands			
Coria Tutu	North Korea			
Noria	Norway			< Norge [norje]
Oman	Oman			
Pacistan	Pakistan			
Panama	Panam			
Palau	Palau			
Palestin	Palestine			
Papwa Gini Nowi	Papua New Guinea			
Paragwai	Paraguay			
Peru	Peru			
Filipine	Philippines			
Polania	Poland			< Polanie, land of the Polans tribe
Portugal	Portugal			
Pwerto Rico	Puerto Rico	verb		
Catar	Qatar			
Aturan	Reunion			
Romania	Romania			
Rusia	Russia			
Rwanda	Rwanda			
Cad Cit ac Nevis	Saint Kitts and Nevis			
Cad Lusia	Saint Lucia			
Cad Vinsen ac Grenadine	Saint Vincent and Grenadines			
Samoa	Samoa			
Cad Tom ac Prinsip	Saint Tome and Principe			
Aravia Saudi	Saudi Arabia			
Senegal	Senegal			
Serbia	Serbia			
Seisel	Seychelles			
Siera Leon	Sierra Leone			
Singapor	Singapore			
Slovacia	Slovakia			
Slovenia	Slovenia			
Enise Solomon	Solomon Islands			
Somalia	Somalia			
Africa Desiu	South Africa			
Coria Desiu	South Korea			
Sudan Desiu	South Sudan			
Iveria	Spain			
Fri Lanca	Sri Lanka			
Sudan	Sudan			
Surinam	Suriname			
Broiswasi	Swaziland			
Sweria	Sweden			Swerige [swerije]
Elwetia	Switzerland			
Siria	Syria			
Tasicistan	Tajikstan			
Tansania	Tanzania			
Broitai	Thailand			
Timor Are	East Timor			
Togo	Togo			
Tonga	Tonga			
Trinidad ac Tovago	Trinidad and Tobago			
Tunisia	Tunesia			
Turcia	Turkey			
Turcumenistan	Turkmenistan			
Enise Turc ac Caic	Turks and Caicos Islands			
Tuvalu	Tuvalu			
Uganda	Uganda			
Ucrain	Ukraine			
Emirate Aravac Condatitu	United Arab Emirates			
Broiulate Condatitu Americ (BCA)	United States of America			
Urugwai	Uruguay			
Usbecistan	Uzbekistan			
Vanwatu	Vanuatu			
Veneswela	Venezuela			
Vietnam	Vietnam			
Enise Moruc BC	Virgin Islands UK			
Enise Moruc BCA	Virgin Islands USA			
Broirig Condatitu (BC)	United Kingdom			
Iemen	Yemen			
Sambia	Zambia			
Simbavwe	Zimbabwe			
Enis Manan	Isle of Mann			
Arwernia	Auvergne			
esdiclet	abstract	noun	derivation / compound	noun, es + diclet- + an, “thing pulled out of”; cf. L. abstractus, id.
esdicletac	abstract	adjective		adjective
esdicle	to pull out	verb		
esdicleti	to abstract	verb		
esdicletiat	abstracter			
esdicletan	abstraction			
esdicletait	abstractism			
anu esdicletac	abstract noun			
audicle	to withdraw	verb	derivation / compound	au + dicle, “to pull away from”
audiclean	withdrawal			
audicleiat	withdrawer			
aumanac	deductive		derivation / compound	au + man + -ac, “away-march-like”
auman	to deduce	verb		
aumaniat	deducer			
aumanol	deduction			
engeredi	to infiltrate	verb	derivation / compound	en + geredi, “in-crawl”
engeredan	infiltration			
engerediat	infiltrater			
scia	to ski	verb	derivation / compound	sci + -a
sciat	skier			
scian	skiing	noun		noun
sci	ski			< Nor. ski
Celtac Cot	Proto Celtic			“Ancient Celtic”
menwar	file		derivation / compound	menu + ar, “place to keep ideas”
gwalantot	democracy		derivation / compound	gwalan + tot, “rule-people”
gwalantotac	democratic			
condatait	unity			
cotamic	equal			
cotamicas	equality			
milanwoi	million		derivation / compound	milan + moi, “thousand-great”, cf. It. mille + -one, id.
marwul	jellyfish			< dial. Fr. marmouille “jellyfish”
dulen	blade			DLG p. 146, cf. W. dalen “blade, leaf”
betidul	burdock			a plant, DLG p. 146
betidul	burr			plant seed that attaches itself to fur, hair etc.; rough raised edge on metal
betiduli	to burr	verb		raising a rough edge; to annoy
betiduliat	burrer			annoying person
betidulan	burrance			
betidulu	annoyance			
duvetidul	thistle		derivation / compound	du + betidul, “bad burr”
beti	to seize	verb		< betidolen, burdock (plant with burrs that attach to hair etc.), DLG 2003, p. 146
betiat	seizer			
betan	seizure			
nertbrit	fortitude		derivation / compound	nert + brit, "strength-mind”, cf. L. fortis
nertbritac	fortitudal			
olucertas	integrity			
olucert	integral		derivation / compound	olu + cert, “whole-correct", cf. W. cywirdeb, cyfanrwdd, L. integer
duvra	brutal		derivation / compound	du + bra, “bad-heavy”, cf. L. brutus
duvras	brutality			
duvrasa	to brutalise	verb		
duvrasaiat	brutaliser			
duvrasan	brutalisation			
bulgal	pocket			
bulgali	to pocket	verb		
bulgaliat	pocketer			
parglas	oasis		derivation / compound	par + glas, “green cauldron”, cf. Eg. wh-t “oasis, cauldron”
comaiac	convenient		derivation / compound	co + mai + -ac, “with-place-like”; cf. W. cyfleus, cyf-lle-us, id.
comaiacas	convenience			
ancomaiac	inconvenient			
ancomaiacas	inconvenience			
aterci	to reclaim	verb	derivation / compound	ate + erci, “re-claim”
aterciat	reclaimer			
atercan	reclamation			
celait	companionship		derivation / compound	cel + ait, “companion-ship”; cf. caranait “friendship”
sucelait	stewardship		derivation / compound	su + celait, “good companionship”
sulewait	governance			govern-ship
ducelait	bad stewardship			
esi in tuc lan can	to be fed up with	verb		to be used as “to have” > mi-esi, ti-esi etc, “to have one’s arse full of something”; cf. Fr. en avoir plein le cul de quelque chose, id.
duster	tense		derivation / compound	du + ster, “bad-firm”
dusteras	tenseness			
dusteri	to tense	verb		
dusteran	tension			
dusteriat	tenser			one who tenses
gwoster	relaxed		derivation / compound	gwo + ster, “under-firm, under-tensioned”
gwosteras	relaxedness			
gwosteri	to relax	verb		
gwosteran	relaxation			
gwosteriat	relaxer			relaxing agent
ducoil	tight		derivation / compound	du + coil, “bad-narrow”
ducoilas	tightness			the state of being tight
ducoili	to tighten	verb		
ducoiliat	tightener			
ducoilan	tightening			the process of tightening
boiclo	splash		derivation / compound	boi + clo, “hit-wet”
sulitan	expansive		derivation / compound	su + litan, “good-wide”
sulitani	to expand	verb		
sulitaniat	expander			
sulitanan	expansion			
boicloni	to splash	verb		
boicloniat	splasher			
anduvun	shallow		derivation / compound	an + duvun, “un-deep”
anduvunas	shallowness			
anduvunar	shallow area			shallows
un en arduni	rising tide			“waterflow going higher”, tide coming in
un en anduni	falling tide			“waterflow going lower”, tide going out
sucerdiat	artist			
sucerdi	to produce art	verb	derivation / compound	su + cerdi, “good-work”
sucerdan	art			
lawenas pantu	suffering-happiness			cf. Ger. schadenfreude
mi-esi lawenas pantu ri ti	I enjoy your misery	phrase		“I have pain-happiness for-you”
swenait	identity		derivation / compound	sue + -n- + -ait “selfness”, epenthetic /n/, cf. Anaone, DLG 2003, p. 45; cf. W. hunaniaeth, id.
sweni	to identify	verb	derivation / compound	sue + -n- + -i, “selfing”
sweniat	identifier			
swenan	identification			
bulgucacu	sack of shit		derivation / compound	bulg + -u- + cac, “bag-of-shit”, “u” particle of quantity
bonal	tyre		derivation / compound	bon + -al, “small foundation, basis”, cf. Ir. bonn “tyre”
algus	allergy		derivation / compound	al + gus, “other-energy”; cf. Ger. allergie < Gr. allos + energy, id.
algusac	allergic			
dugatol	format		derivation / compound	dugat + -ol, “form-thing”
dugatoli	to format	verb		
dugatoliat	formatter			
amgwercu	outline		derivation / compound	am + gwercu. “around-line”; cf. W. amlinellu, Ir. imlinigh
amgwercuni	to outline	verb		
amgwercuniat	outliner			
penem	vague		derivation / compound	 pen + nem, “head-sky”; cf. Ir neamhchinnte, id.
penemas	vagueness			
anpenem	precise		derivation / compound	an + penem, “un-vague”
anpenemas	preciseness			
anpenemu	precision			
inte anpenem	precisely			
enwori	to engulf	verb	derivation / compound	 en + mor + i, “in-sea-ing”
enworiat	engulfer			
enworan	engulfing	noun		noun
cis	case			< cis “basket”, attested G. cission, id., DLG 2003, p. 117; cf. coffer < L. cophinus “basket”
enciswi	to encase	verb		
enciswiat	encaser			
enciswian	encasement			
bunclus	box		derivation / compound	bun + clus “bottom-ear/hole”; cf. W. bonclust “box”
bunclusa	to box	verb		to put something inside a box
bunclusaiat	boxer			one who puts things in a box
bicini	bikini			
guli	to shoulder	verb		
guliat	shoulderer			
gulan	shouldering	noun		noun
celtop	eyelid		derivation / compound	celt + op, “conceal-eye”; cf. L. -cilium “cover”, supercilium “eyebrow”
gwerop	eyebrow		derivation / compound	gwer + op, “on-eye”, cf. L. supercilium “on-[eye]-cover”
gwoltop	eyelash		derivation / compound	gwolt + op, “hair-eye”
penisa	to nod	verb	derivation / compound	pen + is + -a, “head-low-ing“
penisaiat	nodder			
penisan	nod			
coci	to redden	verb	derivation / compound	coc +i, “redding”; cf. W. cochi, id.
cocan	reddening	noun		noun
cociat	reddener			
duvuni	to deepen	verb		
duvuniat	deepener			
duvunan	deepening	noun		noun
gweri in on in al	to pass each other	verb		“pass the one the other”, cf. Fr. se passer l’un l’autre
cernuvulg	bagpipe		derivation / compound	cernu + bulg, “horn-bag”
suvor in cernuvulg	to play the bagpipe	verb		
gwilan	seagull			Proto-Celtic *welanna-, cf. W. gwylan, C. guilan, Br. gouelan, Ir. faoileán, E. gull
dronur	controversy		derivation / compound	dron + ur, “quarrel-against”; cf. Welsh ymrafael “quarrel”, L. contro-versus, id.
dronurac	controversial			
dronuri	to controvert	verb		i.e. to argue
dronuriat	controverter			
dronuran	controverting	noun		noun
enlocuni	to enlighten	verb	derivation / compound	en + locuni, “in-lighting”
enlocunan	enlightenment			
enlocuniat	enlightener			
urai	to contravene	verb	derivation / compound	ur + ai, “go-against”; cf. L. contra-venire “come against”
uraitol	contravention			
uraiat	contravener			
aucimbri	to rob	verb	derivation / compound	au + cimbri, “away-steal”, i.e. steal from
aucimbriat	robber			
aucimbran	robbery			
saitolac	tentative			
gwerbod	profit		derivation / compound	gwer + bod, “more/over/on-advantage”; cf. W. buddio “to profit”
gwerbodi	to profit	verb		
gwerbodiat	profit-maker			
rovodi	to profiteer	verb	derivation / compound	ro + bodi, “too[much]-advantage”
rovodan	profiteering			
rovodiat	profiteer			
priton	figure			shape, form, DLG 2003, p. 253, pritios “poet”, * pri- < *kwer- “create, produce”, cf. W. pryd, Ir. cruth, id.
pritoni	to figure	verb		
pritoniat	figurer			
pritonan	figuring	noun		noun
dupritoni	to disfigure	verb		
dupritonan	disfigurement			
dupritoniat	disfigurer			
dipeni	to conclude	verb	derivation / compound	di + pen, “un-head”, i.e. “to finish off”; cf. W dibennu, Ir. cinn, id.
dipenan	conclusion			
dipeniat	concluder			
peni	to head	verb		
peniat	header			
penan	heading	noun		noun
empeni	to include	verb	derivation / compound	en + pen, “in-head”, -np- > -mp- assimilation; cf. W dibennu, Ir. cinn
empenan	inclusion			
empeniat	includer			
aupeni	to exclude	verb	derivation / compound	au + pen, “away-head”
aupenan	exclusion			
aupeniat	excluder			
gwerdelge	to press	verb	derivation / compound	gwer + delge, “more/over/on-hold”
gwerdelgen	pressure			
gwerdelget	pressurer			
crocu	shell			Gaul. crocin “skin”; cf. W., C. cragen, crogen “shell” < *crocin- “skin”
crocumor	seashell			
crocuni	to shell	verb		to remove a shell from e.g. a nut
crocuniat	sheller			
crocunan	shelling	noun		noun
crocublan	peel		derivation / compound	crocu + blan, “shell-soft”, skin of vegetable or fruit
crocublani	to peel	verb		to remove the skin of a vegetable or fruit
crocublaniat	peeler			
tengulital	formal speech	noun	derivation / compound	tengu + lital, “language-ritual [noun]”
tengugnat	child talk		derivation / compound	tengu + gnat, “language-child”
atergwis	wise father			grandfather, formal speech; cf. Ir. athair Crionna, id.
aterwar	great father			grandfather, formal speech; cf. Ir. athair mor, id.
maraun	grandpa	noun	derivation / compound	mar + -aun, “big-do-er”, agentive suffix on nouns –aun; cf. Ir. morai, id.
matirgwis	grandmother			“wise mother”, formal speech; cf. Ir. máthair chriona, id.
matirwar	grandmother			“great mother”, formal speech; cf. Ir. máthair mhór, id.
maraunis	grandma		derivation / compound	maraun + -is, female version of maraun “grandpa”
escat	catfish		derivation / compound	esc + cat, -scc- > -sc-
crocutingen	clam		derivation / compound	crocu + tingen, “shell-fixture”; cf. E. clam “bond, fetter”
ne mi-esi comboi	I don’t care	phrase		“I don’t have distress”
co pel co	as long as			“as far as”, cf. W. cyn belled a
olavo	to integrate	verb	derivation / compound	ol + avo “whole/all-make”
olvan	integration			
olaviat	integrater			
olavac	integral			
olavacas	integrality			
olavot	integer			whole number, a thing that is whole
olavotas	integrity			
diolavo	to disintegrate	verb	derivation / compound	di + olavo, “un-whole-make”
diolavan	disintegration			
diolaviat	disintegrater			
olcangavan	syllable		derivation / compound	olcan + gavan, “together-take”, cf. L/Gr syn-lambanein, id.
Oregon	Oregon			
prenin	arborine	adjective	derivation / compound	pren + -in, cf. bledin, analogy with animal adjectives
tenulwi	to cremate	verb	derivation / compound	ten + ulu + -i, “fire-dust-ing”, cf. cremation < *krem-, *ker- “fire, heat”
tenulwian	cremation			
tenulwiat	cremator			
pangu	duck		derivation / compound	cf. OFr. quaner > quanart = onomatopeia; qu > p + nasal = pang
pangi	to quack	verb		
pangiat	quacker			
tengu lam	sign language		derivation / compound	tengu + lam, “language-hand”, i.e. gesture
coreitwar	lawful			< Gaul. -cobrextio, cf. J. Koch “Gallo-Brittonic and Insular Celtic”, 1992
coreitwaras	lawfulness			
ancoreitwar	unlawful			
ancoreitwaras	unlawfulness			
covlanu	total			< Gaul. coblanuo-, cf. J. Koch “Gallo-Brittonic and INsular Celtic”, 1992
covlanunas	totality			
tulalac	bumpy		derivation / compound	tulal +-ac, “bump-like”
tulalacas	bumpiness			
anoc	incomplete			
anocas	incompleteness			
swovonac	cowardly			
desiunac	southerly		derivation / compound	desiu + -nac; pertaining to geographical concepts
desiunin	southern		derivation / compound	desiu + -nin; pertaining to people or culture
arenac	easterly		derivation / compound	are + -nac; pertaining to geographical concepts
arenin	eastern		derivation / compound	are + -nin; pertaining to people or culture
austeru	soluble		derivation / compound	au + steru, “away from-firm”
austerunas	solubility			
austerwi	to disolve	verb		
austerwiat	disolver			
austerwiat	solvent			
austerwian	disolution			
anausteru	insoluble			
anausterunas	insolubility			
urstamac	resistant			
ugras	agency			< ugri “to act”
ugraun	agent			
awolderu	cousin		derivation / compound	generic; awol + deru, “descendant-oak”; cf. W. ceifnder < *com-nepots-deru “with-descendant-oak”; cf. OIr. der(b)bráthair “oak brother”
braterderu	male cousin		derivation / compound	brater + deru, “brother-oak”; cf. OIr. der(b)bráthair “oak brother”
swiorderu	female cousin		derivation / compound	swior + deru, “sister-oak”; cf. OIr. der(b)bráthair “oak-brother”
digwas	immune		derivation / compound	di + gwas, “non-servant”, cf. L. im-mune “non-serving”
digwasas	immunity			
digwasa	to immunise	verb		
digwasan	immunisation			
digwasaiat	immuniser			
dergavan	notice	noun	derivation / compound	noun; derc- + gavan, “look-take”
papwai	everywhere		derivation / compound	pap + mai “every-place”
awenac	aboriginal		derivation / compound	awen + -ac, “source/origin-like”, Gaul. auentia “source”
awenacas	aboriginality			
cinbia	to design	verb	derivation / compound	cin + bia, “before cutting”; cf. W. rhaglunio “before-picture”
cinbiat	designer			
cinbian	design			
divaru	regret		derivation / compound	di + baru, “off-fury”, cf. W. edifar < *ad-di-bâr, “again-off-fury”
divarwi	to regret	verb		
divarwiat	regretter			
divarumar	regretful			
drapol	map		derivation / compound	drap + ol, “cloth-everything”; cf. L. mappa mundi, “sheet of world”; W. darlunlen, “picture-sheet”
drapoli	to map	verb		
drapoliat	mapper			
drapolan	mapping	noun		noun
raiedi	to process	verb	derivation / compound	rai + edi, “forward-walk”; cf. L. pro-cedere “forward-go”
raiedol	process			
raiediat	processor			
raiedan	processing	noun		noun
genuvata	to debate	verb	derivation / compound	genu + bata, “mouth-fighting”; cf. L. dis-battere “reversal of fighting”; L. battere < Gaul. bata
genuvatan	debate			
genuvataiat	debater			
gnatwotiat	pedophile	noun	derivation / compound	noun; gnat + mot + -iat, “child-fucker”, cf. Gr. paedophile
gnatwotac	pedophile	adjective		adjective
gnatwotait	pedophilia			
can gel	for sure			“with guarantee/security”
can gel	guaranteed			“with guarantee/security”
penwesc	hangover		derivation / compound	pen + mesc, “head-drunk”
penwar	hangover		derivation / compound	pen + mar, “head-big”; cf. W. pen mawr, id.
penoswesc	hangover		derivation / compound	pen + os + mesc, “head-after-drunk”
pantu penwesc	hangover		derivation / compound	pantu + penwesc, “pain head-drunk”
pengwidu	hangover		derivation / compound	pen + gwidu, “head-wood”; cf. Fr. gueule de bois “wooden head”
pensim	migraine		derivation / compound	pen + sim, “head-half”; cf. Gr. ημικρανία [imikrania], “half-head”
ambosu	apostrophe			< ambosa “to join”
soidru	cable		derivation / compound	soc + dru, “rope strong”, -cdr- > -idr-
soidru gus	power cable			
gus eleitronac	electric power			
mesu son	sleep mode			
cines	approximately		derivation / compound	cin + nes, “before close”, -nn- > -n-
inte nesac	approximately			
cinesa	to approximate	verb		
cinesaiat	approximater			
cinesan	approximation			
pelgaru lam	mobile phone			“phone hand”
neti	anymore		derivation / compound	ne + eti, “not-more”
digwomenaun	pessimist		derivation / compound	di + gwomenaun, “un-hope-agent”
digwomenas	pessimism			
digwomenac	pessimistic			
sugwomenaun	optimist		derivation / compound	su + gwomenaun, “good-hope-agent”
sugwomenas	optimism			
sugwomenac	optimistic			
anauratwitu	unspoiled	adjective		“virgin”, adjective < auratwi “to spoil”
moruc	virgin	noun		noun; “young woman”, attested
morucin	virgin	adjective	derivation / compound	adjective; moruc + -in, adjectival suffix for animate objects
morucinac	virginal		derivation / compound	morucin + -ac, “virgin-like”
morucinacas	virginality			
morucinas	virginity			
sumai	eutopia		derivation / compound	su + mai, “good-place”
dumai	dystopia		derivation / compound	du + mai, “bad-place”
nemai	nowhere		derivation / compound	né + mai, “not-place”; cf. utopia < Gr. outopos “no place”
maipevalin	what-the-fuck-place		derivation / compound	mai + pe + balin, “place-what-fuck”
Ostralia	Australia			
pap caman	anyway			lit. every road
es pap agedu	in any case			lit. “from every manner”, cf. Fr. de toute façon
aman petis locudiu	daylight saving time			lit. time of saving of light of day
locudiu	daylight			
ategnitweni	to reschedule	verb	derivation / compound	ate + gnitweni, “again-schedule
ategnitweniat	rescheduler			
ategnitwenan	rescheduling	noun		noun
pe sir	how long			
pe pel	how far			
pe mar	how big			
pe mei	how small			
Morwar Tancid	Pacific Ocean			“ocean peaceful”
inte besac	usually			
inte besid	customarily			
besac	usual			“custom-like”
besid	customary			
govan casi	bronze smith			
tanau	thin			< pers. name Tanaui, in Falileyev 2014 “The Gaulish Word For ‘Thin’ [etc.]”
tanaunas	thinness			
tanauni	to thin	verb		
tanauniat	thinner			agent, not comparative form
tanaunu	thinning	noun		noun
per	to spawn	verb		Falileyev 2014 “The Gaulish Word For ‘Thin’ [etc.]“
peru	spawn			
periat	spawner			
perac	spawny			
peran	spawning	noun		noun
neru	strongman			Falileyev 2014 “The Gaulish Word For ‘Thin’ [etc.]“
nerunac	strongman-like			
gwaru	area			< Gaul. uarena “enclosure”; cf. Ir. fearann “land” < ferand “girdle, garter < *uera “to enclose”
gwarunac	areal			pertaining to an area
dunar	domain		derivation / compound	dun + -ar, “fortress-area”, cf. Ir. dúiche < duthaigh < *dun-, “fortress”
-ar	area	affix		suffix designating place for a purpose, e.g. delgar “school”< “holding-place”
-ar	suffix indicating place	affix		< samaro- “fallow field”, uercaria “working place > garden”
espri	detail		derivation / compound	 es + spri, “out of twig”, cf. L. de-taela “from-twig/cutting”; -ss- > -s-
esprini	to detail	verb		
espriniat	detailer			
esprinan	detailing	noun		noun
diunid	daily		derivation / compound	diu +-nid, “day-like”
diunac	diurnal		derivation / compound	diu + -nac, “day-like”, cf. L. diurnalis, id.
diunacas	diurnalism			
diunidu	journal		derivation / compound	diunid + -u, “daily thing”
diunidwi	to journal	verb		to keep a journal
diunidwiat	journaler			journal-keeper
diunidaun	journalist			
diunidaunac	journalistic			
diunidait	journalism			
noitid	nightly		derivation / compound	noit + -id
noitac	nocturnal			
noitacas	nocturnalism			
scut	shield			< L. scutum, Gaulish origin, Ellis 2013, Mauss & Lantier 1934
scuti	to shield	verb		
scutiat	shielder			
scutan	shielding	noun		noun
scutwar	legion		derivation / compound	scut + mar, “shield-big”; cf. Ir. scatha mór, id.
scutwaraun	legionary			
iur	woodland			< iuris, attested, Kerkhof 2016, “The Case For Late Gaulish”
samauc	herring			< samauca, attested, Kerkhof 2016, “The Case For Late Gaulish”
urigan	worm			< *urigantes, Kerkhof 2016, “The Case For Late Gaulish”
urigani	to worm	verb		
uriganiat	wormer			
uriganan	worming	noun		noun
durigan	groveller		derivation / compound	du + urigan, “bad-worm”; one who worms into dank places for favours
durigani	to grovel	verb		
duriganu	grovelling	noun		noun
tucuvusaiat	arse-kisser			
tucuvusa	to kiss arse	verb	derivation / compound	tuc + u + busa, “arse-kiss”, epenthetic /u/
tucuvusan	arsekissing	noun		noun
trunduv	brown-noser		derivation / compound	trun + duv, “nose-brown”
trunduvi	to brown-nose	verb		
trunduvan	brown-nosing	noun		noun
uriganduv	maggot		derivation / compound	urigan + duv, “worm-black”
andevan	scaffold			 < OFr. auvent < *andebanno, Kerkhof 2016, “The Case For Late Gaulish”
andevani	to scaffold	verb		
andevaniat	scaffolder			
eioti	to elect	verb		attested, Mees 2004
eiotiat	elector			
eiotan	election			
eiotac	electoral			
panu	rag			< pannou, attested Baudecet, Kerkhof 2016, “The Case For Late Gaulish”
panwi	to rag	verb		
panwiat	ragger			
panwian	ragging	noun		noun
oscu	mountain ash tree			< osco, att., Kerkhof 2016, “The Case For Late Gaulish”
cran	castrated pig			< cranni, att. Lex Salica, Kerkhof 2016, “The Case For Late Gaulish”
crani	to castrate	verb		
craniat	castrater			
cranan	castration			
crantu	castrato			
cunwan	hound			killing dog < chunnouanno, att. Lex Salica, Kerkhof 2016, “The Case For Late Gaulish”
frav	insult			< estrabo < *srabo, att. Lex Salica, Kerkhof 2016, “The Case For Late Gaulish”
fravi	to insult	verb		
fraviat	insulter			
ateran	section		derivation / compound	ate + ran, “again-part”; cf. W. adran < *ate-rann-
aterani	to section	verb		
ateraniat	sectioner			
gwomola	to suggest	verb	derivation / compound	gwo + moli, “under-praise”; cf. Ir. mol, id.; L. sub-gerere, “bring-from-below”
gwomolat	suggestion			
gwomalaiat	suggester			
duvarnu	damage		derivation / compound	du+ barnu, “bad-judgement”, cf. W. difrod < di-brawd “without judgement”
duvarna	to damage	verb		
duvarnaiat	damager			
evuru	rowan tree			Schrijver 2015
altot	fairy people		derivation / compound	al + tot, “other-people”; elves, sprites, otherwordly creatures
don altot	fairy person			
atrevgwidait	ecology		derivation / compound	athrev + -gwidait, “habitation-science”, cf. Gr. oiko-logia, id.
atrevgwid	ecologist			
atrevgwidaitac	ecological			
gwisunac	sophisticated			gwisu + -nac, “wisdom-like”; cf. Gr. sophos-t-ik-os, “wise-person-like”
gwisunacas	sophistication			
gwisurgaru	sophistry		derivation / compound	gwisu + urgaru, “wisdom-argument”, use of false arguments to deceive; -uu- > -u-
gwisurgar	to use sophistry	verb		to use false arguments to deceive
gwisurgariat	sophist			one who uses false arguments to decieve
erbasc	complex		derivation / compound	er + basc, “all-around-plait”; cf. L. complexus/complect-, “surrounding-plait”
erbascas	complexity			
erbasci	to elaborate	verb		
erbasciat	elaborator			
erbascan	elaboration			
borbor	bubble		derivation / compound	bor + bor, imitative of sound of hot spring, Gaul. boru-, cf. OFr. borboter
borbori	to bubble	verb		
borborac	bubbly			
borboriat	bubbler			
iurt	yurt			loanword
boret	motor		derivation / compound	bor + -et, “move-er”; cf. L. motor, id.
teivoret	motor home			
borac	mobile		derivation / compound	bor + -ac, “moving-like”
teivorac	mobile home			
teigwoi	transportable house		derivation / compound	tei + gwoi, “house-transporting”
auran	apart		derivation / compound	au + ran, “away-part”; cf. Fr. appartement, It. apartimento
auranas	apartness			
auranait	apartheid			
auranu	apartment			
divor	to hesitate	verb	derivation / compound	di + bor, “not-move”
divoru	hesitattion			
divoriat	hesitater			
esbor	to paralyse	verb	derivation / compound	es + bor, “without-move”
esboriat	paralyser			
esboru	paralysis			
suvris	to pause	verb	derivation / compound	su + bris, “good-breaking”, cf. Ir. briseadh “to pause, break”
suvrisan	pause			
suvrisiat	pauser			
arstam e-sue	to stop himself	verb		
uswari	to grow up	verb	derivation / compound	us + mari, “up-grow”; cf. Ir. fás suas, fás aníos, id.
uswaran	upgrowing	noun		noun
usber	to bring up	verb	derivation / compound	to raise children; us + ber, “up-carry”
usberu	upbringing	noun		noun
usberiat	upbringer			parent/guardian
entarugri	to interact	verb	derivation / compound	entar + ugri, “between-act”
entarugrac	interactive			
entarurgracas	interactivity			
entarugran	interaction			
entarugriat	interactor			participant in interaction
nesdati	to appose	verb	derivation / compound	nes + dati, “near-put”, to put near; cf. Ir. comhaisneis, apposition; L. appositio, id. < apponere “to put near”
nesdatan	apposition			cf. Ir. comhaisneis, id; L. appositio, id.
nesdatiat	appositioner			
ganac nesdatan	genitive of apposition			
ganac	genitive		derivation / compound	gan + -ac, “generate-like”; cf. L. genitivus, id. < gignere “to beget”
ulidu	banquet			Delamarre 2003, p. 324, "festin, banquet", cf. OIr. fled, Ir. flea, W. gwledd, id.
Domenica	Domenica			
Totait Domenicid	Domenican Republic			
Antigwa & Berwuda	Antigua & Bermuda			
dumunu	netherworld			world under the surface of the earth
trinu	triad		derivation / compound	“something made of three”, tri “three” + -nu substantivising suffix
trian	threesome		derivation / compound	tri + an, “three-thing”
raimonac	gorgeous		derivation / compound	raimon + -ac, “throat-like”; cf. OFr. gorgias “necklace”< gorge “throat”
raimonacas	gorgeousness			
Cambodia	Cambodia			
Camerun	Cameroon			
Levanon	Lebanon			
Mali	Mali			
Malta	Malta			
Inise Caiman	Cayman Islands			
Albania	Albania			
Algeria	Algeria			
sulec	lean	noun	derivation / compound	noun; tilt at an angle; su + lec, “good-slant”
sulechi	to lean	verb		
sulechiat	leaner			
sulechan	leaning	noun		noun
cluian	client		derivation / compound	clui + -an, “hear-ing”, < Gaul. *cluianto, cf. caranto, namanto; cf. L. client- < cluens “one who is hearing” < cluere “to hear, to heed”
cluianloi	clientele			
slanas	hello			“health”, wellwishing > greeting upon coming or going
acrid	all right		derivation / compound	a + crid, “to-heart”; cf. Fr. d’accord, id.
acridi	to accord	verb		
acridiat	accorder			
acridan	accord			
acridol	chord			musical chord
apeni	to appoint	verb	derivation / compound	a + pen “to-head”, placing something or someone at the head/top of something; cf. W. pennodi, O. Fr. à point “at-point”
apenan	appointment			
apeniat	appointer			
ambisni	to concern	verb	derivation / compound	ambi + sni, “around-contort”; cf. Ir. imní < O. Ir. im-snim “about-twisting”
ambisnion	concern			
ambisniat	concerner			
sni	to contort	verb		Lambert in DLG 2003 p. 277, “to twist, to spin, to torture”
snion	contortion			
sniat	contorter			
tolis	tribute			< Tolistobogii, Delamarre 2003, p. 298, etymology uncertain, cf. O. Ir. tol “will, desire”
tol	fee			
tolu	toll			
tolisa	to tribute	verb		
tolisaiat	tributer			
tolisan	tributing	noun		noun
toli	to charge fees	verb		
toliat	fee charger			
tolan	fee-charging	noun		noun
tolwi	to charge toll	verb		
tolwiat	toll charger			
tolwian	toll-charging	noun		noun
dutol	extortion			
dutoliat	extorter			
dutoli	to extort	verb		
dutolan	extorting	noun		noun
sutol	tip			extra money given for good service
sutoli	to tip	verb		
sutoliat	tipper			
sutolan	tipping	noun		noun
divis	not-be		derivation / compound	di + bis, “un-be”, general expression of disagreement, disapproval or refusal
sulisa	to fascinate	verb		DLG 2003, p. 202; cf. W. llygad-dynnu, id.
sulisan	fascination			
sulisaiat	fascinator			
sulisac	fascinating	adjective		adjective
urac	contrary		derivation / compound	ur + -ac, “against-like”; cf. L. contrarius < contra, id.
uracas	contrariness			
casat	intrigue			“curled thing”; cf. Ir. casta, “intrigue”, past part. < cass “to curl”
casati	to intrigue	verb		
casatiat	intriguer			
casatan	intriguing	noun		noun
casatac	intriguing	adjective		adjective
casac	curly			
casa	to curl	verb		
casaiat	curler			
casatol	curling	noun		noun
casu	twirl			
caswi	to twirl	verb		
caswiat	twirler			
caswian	twirling	noun		noun
caswiac	intricate			
caswiacas	intricacy			
tecal	trophy		derivation / compound	tec + al, “beautiful-small”; cf. Ir. áilleag, id.
sentunal	alley		derivation / compound	sentu + -nal, “small path”, n-enlargement after vowel
lergal	mark		derivation / compound	lerg + -al, “trace-small”; cf. Ir. lorg, id.
livir lergal	note book			
India	India			
Indonesia	Indonesia			
gwertanal	little turn			
rotuc boc	mouth harp			“harp mouth”
gwirwarcait	behaviour		derivation / compound	gwir + marc + -ait, “man-horse-ness”, > “man being like a horse”; cf. W. marchwriaeth, id.
gwirwarci	to behave	verb		
gwirwarciat	behaver			
tegwarc	very beautiful		derivation / compound	tec + marc, "beautiful-horse" > “as beautiful as a horse”, *-cw- > -gw-; cf. W. marchdeg, id.
nertwarc	great strength		derivation / compound	nert + marc, "strength-horse"
motwarc	great fuck		derivation / compound	mot + marc, "fuck-horse”" > "fuck like a horse” [stallion]
Dosbir	Short-Arm		derivation / compound	dos + bir
Answada	Bitter-One		derivation / compound	answad + a, suffix –a marking female name
escos	legless			very drunk
esaged	faceless			“off his face”, very drunk
arwentu	chin		derivation / compound	ar + mentu, “before-jaw”; cf. Gaul. araus “before-ear”> temple
dutruni	to snort	verb	derivation / compound	du + trun, “bad-nose”
dutruniat	snorter			
dutrunan	snort			
entruni	to sniff	verb	derivation / compound	en + trun, “in-nose”
entruniat	sniffer			
entrunan	sniffing	noun		noun
urboi	to shock	verb	derivation / compound	ur + boi, “against-hit”; cf. OFr. chocuer “strike against”
urboitol	shock			
urboiat	shocker			
urboian	shocking			
urboiac	shocking	adjective		adjective
bortarti	to wipe	verb	derivation / compound	bor + tarti, “move + dry”; cf. W. sychu “to wipe” < “to dry”
bortartiat	wiper			
bortartan	wipe	noun		noun
gwesa	to deign	verb		to consider worthy
gwesaiat	deigner			
digwesa	to disdain	verb		to consider unworthy
digwesan	disdain			
digwesaiat	disdainer			
escernu	contempt		derivation / compound	 es + cernu, “without-horn”; cf. VL. excornare “to break off someone’s horns” > to disgrace, to treat with contempt
escerna	to treat with contempt	verb		
escernaiat	one who treats with contempt			
longucro	bloodvessel		derivation / compound	longu + cro, “vessel-blood”
cadol	candle			“glisten-thing”; cf. L. candere < candid “white, glisten”
colerg	calque		derivation / compound	co + lerg, “with-trace”, cf. L. calcare “to trace, to copy”
colerge	to calque	verb		to produce a calque
colerget	calquer			producer of a calque
colergen	production of a calque			
urspantu	counter statement		derivation / compound	ur + spantu, “against-statement”
canspantu	joint statement		derivation / compound	con + spantu, “with-statement”
gwodelge	to assume	verb	derivation / compound	gwo + delge, “under-hold”; cf. L. ad-sub-mere “towards-under-take”
dataun	thesis		derivation / compound	dat + -aun, suffix of agency; cf. Gr. thesis < tithemi + -tis, to place + suffix of agency
urdataun	antithesis			
candataun	synthesis			
candati	to synthesise	verb		
candatiat	synthesiser			
candatac	synthetic			
canpantu	sympathy		derivation / compound	can + pantu, “with-suffering”; cf. Gr. sym-pathos, id.
canpantunac	sympathetic			
canpanta	to sympathise	verb		
canpantaiat	sympathiser			
canpantan	sympathising	noun		noun
urpantu	antipathy		derivation / compound	ur + pantu, “against-suffering”
urpantunac	antipathetic			
gwirotac	genuine		derivation / compound	gwirot + -ac, “truth-like”; cf. W. gwrioneddol, Ir. fíor, id.
gwirotacas	genuineness			
anwaru	undead			
gwitul	fiddle			< L. vitula > fiddle, viola, violin
Liveria	Liberia			
Livia	Libya			
Numidia	Libya			
Gwiana	Guyana			
liac	supple		derivation / compound	li + -ac, “lying-down-like”; cf. Ir. ligthe, id.
liacas	suppleness			
catin	feline		derivation / compound	cat + -in, “cat-like”; cf. L. felinus, id.; adjectival suffix –in for animal qualities
scuvul mor	osprey		derivation / compound	scuvul + mor, “hawk-sea”
ratol	grace			< ratu “fortune”; cf. W. rhad
ratolwar	graceful			
ratolwaras	gracefulness			
bosboi	to clap	verb	derivation / compound	bos + boi, “palm-hit”; cf. Ir. bualadh bos, id.
bosboiat	clapper			
bosboitol	clap			
suvosboi	to applaud	verb		
suvosboiat	applauder			
suvosboitol	applause			
gwertal	swirl		derivation / compound	gwert- + -al, “turn-small”; cf. W. troelliad
gwertali	to swirl	verb		
gwertaliat	swirler			
gwertalan	swirling	noun		noun
drilten	spark		derivation / compound	 dril + ten, “scrap-fire”; cf. Ir. dril, drithle, id., maybe not related; Gaul. dril, “scrap of material”, dial. Fr., Lambert 2003, p. 197
drilteni	to spark	verb		
drilteniat	sparker			
driltenan	sparking	noun		noun
uslanci	to launch	verb	derivation / compound	us + lanci, “high-lance”
uslancan	launch			
uslanciat	launcher			
dertin	concubine			DLG p. 240 ‘oipommio”
derti	to strip	verb		naked
dertiat	stripper			
dertan	stripping	noun		noun; striptease
tregdert	barefoot		derivation / compound	treg + dert, “foot-skin”
tregderti	to go barefoot	verb		
tregdertan	barefooting	noun		noun
tregdertiat	barefooter			
losbor	to wag	verb	derivation / compound	los + bor, “tail-move”
losboriat	wagger			
losboran	wag			
biuni	to twitch	verb	derivation / compound	biu + -ni, “alive-ing”; cf. Ir. biog < bidcet < *beo “alive”
biuniat	twitcher			
biunan	twitch			
sutruni	to hum	verb	derivation / compound	su + truni, “good-snore”; cf. W. chwyrnu “hum, snarl, snore”
sutruniat	hummer			
sutrunan	hum			
meld	mild			< meldios, meldi “agreeable one(s)”; cf. C. Gwinn pers. comm. 2020
meldas	mildness			
Americ	America			
caman	street			
caman	road			
caman	way			
barnu trean	criminal judgement		derivation / compound	barnu + trean, “crime-judgement”
canbriti	to consult	verb	derivation / compound	can + briti, “with-minding”, cf. Ir. breathnaigh “to consult”
canbritiat	consultant			
canbritan	consultation			
canbritait	consultancy			
urbata	to clash	verb	derivation / compound	ur + bata, “against-fight”, cf. W. gwrthdaro, “against-hit”
urbatan	clash			
urbataiat	clasher			
duvedol	thistle		derivation / compound	du + bedol, “bad-burr”
diligol	duty		derivation / compound	dilig- + -ol, “binding”; cf. W. dylw, dylu, dylid; Ir. dualgas, id.
diligolwar	dutiful			
diligolwaras	dutifulness			
aritalbis	keyboard		derivation / compound	arital + bís, "board-finger"; cf. Ir. méarchlar
gwip	sprint			< uipo- < Tascouipus, Chartres inscription, Repansek 2013; cf. W. gwib, id.
gwipi	to sprint	verb		
gwipiat	sprinter			
gwipac	instant	adjective		adjective; very quick, immediate
gwipacas	instantness			
gwipid	instantaneous			
gwipu	instant	noun		noun; a fraction of time
tasgwip	assault		derivation / compound	tasc + gwip, “badger-sprint”, -scgw- > -sgw- < Tascouipus, Charters inscr., Repansek 2013
tasgwipiat	assaulter			
tasgwipi	to assault	verb		
lambor	to beckon	verb	derivation / compound	lam + bor, “hand-move”
lamboriat	beckoner			
lamboru	hand signal			
lamboran	beckoning	noun		noun
lamborwi	to gesture	verb		
lamborwiath	gesturer			
lamborwian	gesture			
boran	motion			
borani	to motion	verb		
boraniat	motioner			
sutorci	to writhe	verb	derivation / compound	su + torci, “good-twist”
sutorciat	writher			
sutorcan	writhing	noun		noun
gwerin	league			organisation; DLG 2003, p. 307
coilu	waist			“narrow thing”; cf. Ir. caol, id.
croswal	ripple		derivation / compound	crosu + -al, “wave-let”, -ua- > -wa-; cf. W. crych, id.
croswali	to ripple	verb		
croswaliat	rippler			
croswalan	rippling	noun		noun
acen	slit		derivation / compound	ac + -en, “edge-thing”; cf. W. agen, id.
aceni	to slit	verb		
aceniat	slitter			
acenan	slitting	noun		noun
cereni	to bulge	verb		
cereniat	bulger			
cerenu	bulging	noun		noun
cerencos	calf		derivation / compound	lower part of the leg; ceren + cos, “leg-bulge”; cf. W. croth coes, id.
cernuvoi	to pulsate	verb	derivation / compound	cernu + boi, “horn-beat”
cernuvoitol	pulsation			
cernuvoiat	pulsator			
suvoi	to beat	verb		rhythmically for music
suvoitol	beat			musical
suvoiat	beater			musical beat setter
Ciprus	Cyprus			
Totait Sec	Czech Republic			
Siria	Syria			
caiuni	to moor	verb	derivation / compound	caiu + -ni, “quay-ing” > “to moor”; cf. W. cau, id.
caiunan	mooring	noun		noun
caiuniat	moorer			
eri	to belt	verb		< er “all around”; cf. Gr. peri, id.
eriat	belter			
eran	belt			
erani	to fasten	verb	derivation / compound	eran + -i, “belt-ing” > to tie, to fasten; cf. Ir. ceangail < L. cingulum “girdle”
eraniat	fastener			
eranu	fastening			
pencaiu	mooring post		derivation / compound	pen + caiu, “head-quay”, post for tying ship’s moorings to
dierani	to unfasten	verb		
dieraniat	unfastener			
dieranu	unfastening	noun		noun; disconnection
atanster	analysis		derivation / compound	at(e)- + anster, “again-loose”, loss of /e/ before /a/; cf. L. analysis, id.
atansteri	to analyse	verb		
atansteriat	analyst			
atansteran	analysing	noun		noun
tepi	to jog	verb		
tepiat	jogger			
tepan	jog			
tali	to reinforce	verb		Delamarre 2019, Guerrier Gaulois de Première Ligne
taliat	reinforcer			
talan	reinforcement			
riucun	mercenary (< riocono- “free-wolf/dog”, Delamarre 2019, Guerrier Gaulois de Première Ligne			
talasu	auxiliary			Delamarre 2019, Guerrier Gaulois de Première Ligne
arisu	officer			military; Delamarre 2019, Guerrier Gaulois de Première Ligne
otu	horror			< otucios, Delamarre 2019, Guerrier Gaulois de Première Ligne; 2021, FB post
otuc	horrible			
otucas	horribleness			
otwi	to horrify	verb		
otwiat	horrifier			
otwian	horrification			
otwiac	horrific			
cinac	former		derivation / compound	cin + -ac, “before-like”
cinac	previous			
ranoc	summary		derivation / compound	ran + oc, “part-complete”
ranoci	to summarise	verb		
ranociat	summariser			
ranur	counterpart		derivation / compound	ran + ur, “part-against”
petani	to question	verb		
petaniat	questioner			
petanu	questioning			
drupetani	to interrogate	verb	derivation / compound	dru + petani, “hard/robust-questioning”
drupetaniat	interrogater			
drupetanu	interrogation			
cotamici	to equate	verb		
cotamican	equation			
cotamiciat	equator			
uritue	data			findings, what has been found, e.g. scientifically
uritu	finding			
dicanu	document			“show-thing” < dici “to show”; cf L. docere
bascol	context		derivation / compound	basc- + ol, “weave-all”, everything woven together; cf. L. contextus < con-texere “with-weave”
bascoli	to contextualise	verb		
bascoliat	contextualiser			
bascolan	contextualisation			
co(n)-	with	affix		prefix only
co(n)-	together	affix		prefix only
co(n)-	shared	affix		prefix only
conaged	resemblance		derivation / compound	con + aged, “shared-face”
conagedi	to resemble	verb		
conagediat	resembler			
anatait	animism		derivation / compound	anat + -ait, “soul-ness”; cf. L. animism, id.
anataitac	animistic			
apisan usel	overview			
apisan bitu	worldview			
soconi	to suck	verb		< souconna, river name [Saône], < *sowk-n-o “to suck, to suckle”
soconiat	sucker			
soconan	suck	noun		noun
davian	dichotomy		derivation / compound	da + bian, “two-cut”; cf. Gr/L. dichotomy, id.
davianac	dichotomous			
dercoran	phenomenon			“what is seen”; cf. Gr./L. phenomenon, id.
dercoranac	phenomenal			
dercorangwidait	phenomenology			
dercorangwid	phenomenologist			
ganbis	entity		derivation / compound	gan + bis, “produce-being”; cf. W. hanfod, “produced-be”
dewbis	deity		derivation / compound	dew + bis, “god-being”
briten	vulcano		derivation / compound	bri + ten, “muntain-fire”
britenac	vulcanic			
britenait	vulcanism			study of intrusive and extrusive vulcanic activity and phenomena
tanci	to pacify	verb		
tanciat	pacifier			
tancan	pacification			
cogar	to conciliate	verb	derivation / compound	co + gar, “together-call”; cf. L. concilium < con-calo-ium
cogaru	conciliation			
cogarunac	conciliatory			
cogariat	conciliator			
cogarait	council			
cogaraun	councillor			
cogaraunac	councilliar			
atecogar	to reconcile	verb		
atecogaru	reconciliation			
atecogarunac	reconciliatory			
atecogariat	reconcilliator			
divungar	to affront	verb	derivation / compound	di + bun + gar, “un-base-call’, baseless call; cf. L. in-sol-entia, id.
divungaru	affront			
divungariat	affronter			
divungarac	insolent			
divungaracas	insolence			
reit ardu	bylaw			“law high”
dananac	administrative			
colin dananac	administrative body			
diai en taravan	to come into effect	verb		
ateguti	to revoke	verb	derivation / compound	ate + guti, “re-voice”; cf. L. re-vocare, id.
ategutiat	revoker			
ategutan	revocation			
atemen	to rethink	verb	derivation / compound	ate + men, “again-think”
atemeniat	rethinker			
atemenu	re-thought			
atepeta	to recall	verb	derivation / compound	to ask for something to be returned; ate + peti, “again-ask”
atepetaiat	recaller			one who asks for something to be returned
atepetan	recall			request for something to be returned
anepeti	to annull	verb	derivation / compound	a + nepet, “to-nothing”; cf. L. annullare, id.
anepetiat	annuller			
anepetan	annulment			
cnusit etaran	flying carpet			“carpet-flight”
cnusit	carpet			< cnusitu, “picked”; cf. L. carpita < carpere “to pick, pluck [rough wool]”
clustucait	arsehole-ism			
clustucu	arseholery			
ne sete clustuc	don’t be an arsehole			
camoc	mountain goat			
escambi	to alter	verb	derivation / compound	es + cambi, “out of-bend”, Endlicher’s glossary “cambiare” = Gaul. cambi- + L. ending; < Gaul. cambo- “bend”
escambiat	alterer			
escamban	altering	noun		noun
escambu	alteration			
alcambi	to alternate	verb	derivation / compound	al + cambi, “other-bend”
alcambiat	alternator			
alcamban	alternation			
alcambac	alternate			
alcambid	alternative			
alcambidas	alternativeness			
cambuderc	cock-eyed		derivation / compound	cambu + derc, “bend-look”
cambuderci	to squint	verb		
cambuderciat	squinter			“cockeye”
cambudercan	squint	noun		noun
cambit	wheel rim			cf. Fr. jante, id. < Gaul. cambita
cambu	bend			
cambitu	bent			
cambitunas	bentness			
cambi	to bend	verb		
cambiat	bender			
camban	bending	noun		noun
cambac	bendy			
regucambu	deformation			“straight-bend”
regucambi	to deform	verb		
regucambiat	deformer			
regucamban	deforming	noun		noun
cambutreg	cripple		derivation / compound	“cambu + treg, “bend-leg” < cambotrex, < *cambo-traget, “bent-foot”, g < x, DLG 2003, p. 100
cambutregi	to cripple	verb		
cambutregiat	crippler			
cambutregan	crippling	noun		noun
ducambi	to kink	verb		
ducambiat	kinker			
ducambu	kink			
ducamban	kinking	noun		noun
sucambi	to curve	verb		
sucambu	curve			
sucambiat	curver			
sucamban	curving	noun		noun
sucambac	curvy			
cambon	meander			DLG 2003, p. 100
camboni	to meander	verb		
camboniat	meanderer			
cambonan	meandering	noun		noun
morcambu	bay			< moricambe, DLG 2003, p. 100
cambunem	firmament		derivation / compound	cambu + nem, “bend-sky”, cf. Br. kanevedenn “rainbow”, < *cambo-nemet-
cambutir	horizon		derivation / compound	cambu + tir, “bend-land”
cambac	sinuous			
cambacas	sinuousness			
encam	incursion		derivation / compound	en + cam, “in-step”
encami	to make an incursion	verb		
encamiat	incurser			
cam	step			< Gaul. cammano-
cami	to step	verb		
camiat	stepper			
camu	stepping	noun		noun
caman	road			
caman	way			also figuratively
raicami	to advance	verb		
raicam	advance		derivation / compound	rai + cam, “front-step”
raicamiat	advancer			
garcam	crisis		derivation / compound	gar + cam, “shout-step”; cf. Ir. géarchéim “shout-step”, id.
garcami	to freak out	verb		
garcami	to panic	verb		
garcamiat	panicker			
garcamu	panic			
mencam	degree		derivation / compound	men + cam, “think-step”
mencam	grade			
mencami	to grade	verb		
mencamiat	grader			
mencamu	grading	noun		noun
camgigur	goose-step		derivation / compound	cam + gigur, “step-goose”
camgiguri	to goose-step	verb		
camgiguriat	goose-stepper			
camgiguran	goose-stepping	noun		noun
ducam	failure		derivation / compound	du + cam, “bad-step”, cf. W. camgyryd, “step-take”
ducami	to fail	verb		
ducamiat	failer			
ducamu	flop			
ducamwi	to flop	verb		
ducamwiat	flopper			
ducamwian	flopping	noun		noun
sucam	success			
sucamiat	succeeder			
sucami	to succeed	verb		
sucamu	triumph			
sucamwi	to triumph	verb		
sucamwiat	triumpher			
sucamwian	triumphing	noun		noun
sucamunac	triumphant			
arcam	initiative		derivation / compound	ar + cam, “before-step”
arcami	to take initiative	verb		
arcami	to initiate	verb		to start
arcamiat	initiater			starter of something
arcamac	initial			
arcamu	initiation			beginning
clecami	to tread	verb	derivation / compound	cle + cam, “push-step”; cf. OE tredan “step on, trample, pressure with the foot”
clecam	tread			
clecamiat	treader			
clecamu	treading	noun		noun
Gwertalan Coswaus Arcamac	Initial Consonant Mutation			GCA = ICM
ciumar	menace		derivation / compound	ciu + mar, “cloud-big”
ciumarac	menacing	adjective		adjective
ciumari	to menace	verb		
ciumariat	menacer			
esdiunitu	outdated		derivation / compound	es + diuni, “out-of-dating”
en diun	up to date	verb		“in date”
camaniat	path-walker			“road-er” > walker of path of philosophy; cf. Fr cheminant, e.g. “druid path”
camanu	path-walking			“roading” > discipline of the philosophical path-walker; cf. Fr. cheminance
renfruti	to flush	verb		
renfrut	flush	noun	derivation / compound	noun; ren + frut, “flow-current”
renfrutiat	flusher			
renacuni	to rinse	verb	derivation / compound	ren + acu, “flow-fast”
renacunan	rinse	noun		noun
renacuniat	rinser			
Galatis	Gaulish woman		derivation / compound	Galat + -is, feminine marker
britamlocu	psychedelia		derivation / compound	brit+amlocu, “mind-manifest”; cf. Gr. ψυχή psukhḗ, “mind” + δῆλος dêlos “manifest”
britamlocunac	psychedelic			
lic araun	coat of arms		derivation / compound	lic + araun, “flat-rock-weapon”; cf. W. arfbais “weapon-flat area”
garu argwid	motto		derivation / compound	garu + argwid, “call-sign”; cf. W. arwydd-air, id.
u	of			< uciu “of-this”, ibete uciu “drink of this”, DLG 2003, p. 187
map u bled	son of a wolf			
map u cunis	son of a bitch			
map u benbled	son of a whore			cf. Fr. fils de putte
map u’n mor	son of the sea			
gnat u’n cet	child of forest			
u’n	of the			
a’n	to the	verb		
u sin	of this			
u se	of that			
cantumantaled	versatile			< ca(n)ta-mantalo-edis, “hundred-routes-feet”, DLG 2003, p. 104, 216
cantumantaledas	versatility			
cantu	hundred			
gwelauncantu	centurion		derivation / compound	gwelaun + cantu, “commander-hundred”
canted	surface		derivation / compound	cant(u) + ed, “hundred-feet”, DLG 2003, p. 103
cantedi	to surface	verb		
cantediat	surfacer			
cantedan	surfacing	noun		noun
metar	metre			< Gr. metron; epenthetic /a/, cf. etan < etno, DLG 2003, p. 434
litar	litre			< Gr. litra; epenthetic /a/, cf. etan < etno, DLG 2003, p. 434
metarcantu	centimetre		derivation / compound	metar + cantu, “metre-hundred”
metarwilan	millimetre		derivation / compound	metar + milan, “metre-thousand”
litarcantu	centilitre		derivation / compound	litar + cantu, “litre-hundred”
litarwilan	millilitre		derivation / compound	litar + milan, “litre-thousand”
mesbis	inch		derivation / compound	mes + bis, "measurement-finger"
ricantu	percent		derivation / compound	ri + cantu, “for hundred”; cf. Fr. pourcent, id.
ricantunas	percentage			
aiucantu	century			
gwovion	irony		derivation / compound	gwo + bion, “under-cut”; cf. Gr. eironeia “simulated ignorance”
gwovionac	ironic			
dimolat	disapproval		derivation / compound	di + molat, “dis-praise”; cf. W. anglod, “bad-renown” > “disapproval”
dimola	to disapprove	verb		
dimolaiat	disapprover			
dicu	very early			< dici “to show” > time of display, showtime, time of first light, sunrise
gwogwep	subtext		derivation / compound	gwo + gwep, “under-word”
stantan	statue			“standing-thing”; cf. L. statua, id.
stantanac	statuesque			
gerac	genuine		derivation / compound	ger + -ac, “knee-like”; cf. L. genu- “knee [placement of legitimite child]”
geracas	genuineness			
gwerdiuni	to update	verb		
gwerdiunan	update			
gwerdiuniat	updater			
don nep	someone			
andederci	to review	verb	derivation / compound	ande + derci, “very-look”
andederciat	reviewer			
andedercan	review			
sugwerti	to twirl	verb	derivation / compound	su + gwerti, “good-turning”
sugwertiat	twirler			
sugwertan	twirl			
balanal	brush		derivation / compound	balan + -al, “small broom”
balanali	to brush	verb		
balanaliat	brusher			
balanalan	brushing	noun		noun
dulewi	to slip	verb	derivation / compound	du + lewi, “bad slide”; cf. Ir. duillín, id.
dulewiat	slipper			
dulewian	slip			
frut dulewian	slipstream		derivation / compound	frut + dulewian, “stream-slip”
nascali	to gyrate	verb	derivation / compound	nascal + -i, “to ring [go around in a ring or circle]”; cf. L. gyrus, Gr. gyros, “circle, ring”
nascaliat	ringer			someone who goes around in circles or who describes rings around something
nascalan	ringing	noun		noun
awel susnion	whirlwind		derivation / compound	awel + susnion, “wind-whirl”
brisan	fraction			
brisani	to fraction	verb		
tremor	overseas			
bardis	poetess			
diliauti	to shapeshift	verb	derivation / compound	di + lauthi, “un-shape”
diliautiat	shapeshifter			
diliautan	shapeshifting	noun		noun
cingcerdan	career		derivation / compound	cing + cerdan, “course-work”; cf. soncing, “course of the sun”
mim	meme			
disonac	awake		derivation / compound	di + son + -ac, “un-sleep-like”
disonwar	wakeful			
disonwaras	wakefulness			
aucontrevi	to excommunicate	verb	derivation / compound	au + contrev, "away-from-community"
aucontreviat	excommunicator			
aucontrevan	excommunication			
condatol	compound	noun	derivation / compound	noun; con + datol, “together-putting”; datol secondary noun derivation of dati “to put”
endosa	to embrace	verb	derivation / compound	en + dos, "in-arm"; cf. Fr, embracer
endosaiat	embracer			
endosan	embrace			
cindelgac	continuous			
cangweri	to concur	verb	derivation / compound	can + gweri, “with-happen”; happen at the same time
cangweran	concurrence			
urgweri	to occur	verb	derivation / compound	ur + gweri, “agaisnt-happen”; cf. L. ob-currere, “against-run”
urgweran	occurrence			
cantai	to befall	verb	derivation / compound	to happen by chance; can + tai, "together-touch"; cf. L. contingere
cantaiac	contingent		derivation / compound	can + tai + -ac, "together-touch-like"; cf. L. contingere, id.
cantaitol	contingency		derivation / compound	can + tai + -tol, "together-touch-thing"; cf. L. contingere, id.
cantaid	contiguous		derivation / compound	cantai + -(i)d, “befall-like”, -ii- > -i-
cantaidas	contiguousness			
olanti	to determine	verb	derivation / compound	ol + anti, “all-end”; cf. L. de-terminare, id.
olantu	determination			
olantiat	determinator			
olantitu	determined			
esonac	astute		derivation / compound	intelligent; es + son + -ac, "without-sleep-like"; cf. Gr. έξυπνος, exypnos, id.
eson	aware (es + son, “without-sleep”		derivation / compound	
esonacas	astuteness			
esonas	awareness			
gworegu	control		derivation / compound	gwo + regu, “under-straight”
gworegwi	to control	verb	derivation / compound	gwo + regwi, “under-straight”; cf Gr. υπεύθυνος: "responsible" < Ancient Greek ὑπό, hupó (“under”) + εὐθύνω, euthúnô (“to guide straight, direct; govern; make straight; examine someone's conduct”) < εὐθύς, euthús (straight, direct; straightforward, open, frank)
gworegwiat	controller			
gworegwian	controlling	noun		noun
gworegwitu	controlled			
swereitait	autonomy		derivation / compound	sue + reit + -ait, “self-law-ness”, cf. Gr. auto-nom-ia, id.
swereitac	autonomous			
swereiti	to autonomise	verb		
swereitiat	autonomiser			
swereitan	autonomising	noun		noun
diran	isolation		derivation / compound	di + ran, “un-part”, i.e. not part of anything
dirani	to isolate	verb		
diraniat	isolator			
diranan	isolating	noun		noun
canemi	to hang on	verb	derivation / compound	 can + nemi, “with-hanging”
canemiat	hanger-on			
caneman	hanging-on			
esrani	to encompass	verb	derivation / compound	es + rani, "without-parting", i.e. all including, cf. Gr. excarto-, id.
esranan	encompassment			
esraniat	encompasser			
urwentaiac	unlikeable		derivation / compound	ur + mentai + -ac, "against-feeling-like", cf. Gr. antipathikos, id.
canwentaiac	likeable		derivation / compound	can + mentai + -ac, “with-feeling-like”, cf. Gr. sympathikos, id.
lergali	to mark	verb		
lergaliat	marker			
lergalan	marking	noun		noun
sterwi	to tame	verb		“to firm”
sterwiat	tamer			one who tames
sterwian	taming	noun		noun
milsterwi	to tame animals	verb	derivation / compound	mil + sterwi, “animal- firming: 
milsterwiat	animal tamer			
milsterwian	animal taming			
dususterwi	to exorcise	verb	derivation / compound	dusu + sterwi, "demon-tame"
dususterwian	exorcism			
dususterwiat	exorcist			
epsterwiat	horse tamer			
bosterwiat	cattle tamer			
cunsterwiat	dog tamer			
dalcanal	nightingale		derivation / compound	dal + can + -al, "blind-sing-derivative suffix for birds", < Fr, rossignol < Vulg Lat. lusciniolus < masculine diminutive of L. luscinia < luscus + cano, "one-eyed singer"
daucatiat	flame thrower			
didert	monster		derivation / compound	di- + dert, "no-skin"; cf. W. anghen "monster, skinless"
didertac	monstrous			
didertacas	monstrosity			
rentar	diarrhea		derivation / compound	ren + tar, "flow-through"; cf. Gr. diarhrein, id.
gutac	vocal	adjective	derivation / compound	adjective; gut + -ac, "voice-like"
e-esi rentar gutac	he has vocal diarrhea	phrase		i.e. he talks a lot/too much
swausgwidait	phonology			
swausgwid	phonologist			
lavaral	banter		derivation / compound	lavar + -al, “small talk”
lavarali	to banter	verb		
lavaraliat	banterer			
esovoni	to dare	verb		esovon “fearless” > to be fearless
esovonan	dare	noun		noun
esovoniat	darer			
andovolg	gut		derivation / compound	ando + bolg, "inside-belly"
bolgucoil	intestine		derivation / compound	bolg + u + coil, "belly-narrow", epenthetic /u/ for pronunciation
andovolgi	to gut	verb		to get the intestines out
andovolgan	gutting	noun		noun
andovolgiat	gutter			person who guts
tauni	to strangle	verb	derivation / compound	tau + -ni, "quiet-ing"; cf. W. tagu, Ir. tacht, id. < *tak- "quiet"
tauniat	strangler			
taunan	strangling	noun		noun
bitauni	to choke	verb	derivation / compound	bi + tauni, "cut-strangle"
bitauniat	choker			
bitaunan	choke	noun		noun
dutauni	asphyxiate		derivation / compound	du- + tauni, "bad-strangle"
dutaunan	asphyxiation			
dutauniat	asphyxiator			
gustauni	to throttle	verb	derivation / compound	gus + tauni, "force-strangle"
gustauniat	throttle			
gustaunan	throttling	noun		noun
etrunal	armpit		derivation / compound	etru + -n- + -al, “wing-little; cf. W. cesail, Ir. ascaill < L. ascella “little wing”; with epenthetic /n/
odac	smelly			
dimon	quote		derivation / compound	di- + mon, "not-mine"; cf. W. dyfynnu, < *dy- myn, id.
dimoni	to quote	verb		
dimoniat	quoter			
dimonan	quotation			
roderci	to stare	verb	derivation / compound	ro + derci, "too-look"; cf. W. llygadrythu, id.
roderciat	starer			
rodercan	stare.	noun		noun
opuscuvul	glance		derivation / compound	op + u + scuvul, “hawk-eye”, epenthetic /u/ for pronunciation
opuscuvuli	to glance	verb		
opuscuvuliat	glancer			
can opuscuvul	at a glance			“with a hawk-eye”
cluti	to rhyme	verb	derivation / compound	clut + -i, “ear-ing”; cf. Br. klotañ, klotenniñ, id.
clutan	rhyme			
clutiat	rhymer			
trunus	snub		derivation / compound	trun + us, “nose-high”
trunusa	to snub	verb		to look down on people
trunusaiat	snubber			
sete riu can i	feel free			"be free with it"
petis menwar	to save a file	verb		
leon	lion			loanword; cf. W. llew, Br. leon, Ir. leon < L. leo < Gr. léon
lucumar	lion		derivation / compound	lucu + mar, "lynx-big"
milucu	panther		derivation / compound	mil + lucu, “animal-lynx”; generic name for the large felines
natar cucul	cobra			"snake-hood", cf. Port. cobra de capello, "hooded snake"
sita	cheetah			< Hindi cítá
tigr	tiger			< Avestan tigri
oric	antelope			< Gr. oryx, id.; /x/ > /c/ cf. samoc, esoc
oricu	gazelle			< Gr. oryx
osulondu	buffalo			osu “londu, "ox-wild"
osudwodac	bison		derivation / compound	osu + dwodan, "ox-stinky"
tatu	tattoo			from a Polynesian word
gwogwep	subtitle		derivation / compound	gwo + gwep, “under-word”
sospa	to gossip	verb	derivation / compound	so + spa, “their-say”; cf. W. chweddleua, “their story”
sospatol	gossip			
sospaiat	gossiper			
cunispa	to spread runours	verb	derivation / compound	cunis + spa, “bitch-say”, -ss- > -s-; cf. W. clapgi, clapgast, “gossip-dog, gossip-bitch”
cunispatol	rumour-spreading			
cunispaiat	rumour-spreader			
corevriti	to mention	verb	derivation / compound	co + re + brithi, “with-very-mind”; cf. W. crybwyll, *cy-rhy-pwyll, id.
corevritan	mention			
corevritiat	mentioner			
andegar	to remark	verb	derivation / compound	ande + gar, “very-call”; cf. Ir. tagair, *to-ad-gar, “to/for-very-call”
andegaru	remark			
andegariat	remarker			
Galatia Belgac	Belgium			Belgian Gaul, Gallia Belgica
Belgia	Belgium			
dicanlegat	solution		derivation / compound	di + canlegat, “un-confusion”
dicanlega	to solve	verb	derivation / compound	di + canlega, “un-confuse”
dicanlegaiat	solver			
dicanlegac	soluble			dicanlega + -ac, “solve-like”
doldan	diploma		derivation / compound	dol + dan, “paper-magistrate”
doldangwidait	diplomacy			
doldangwidac	diplomatic			
doldangwid	diplomat		derivation / compound	doldan + gwid, “diploma-ologist”
dolgnion	certificate		derivation / compound	dol + gnion, “paper-knowledge”
dolgni	to certify	verb		
dolgniat	certifier			
dolgnitu	certified			
desu	ceremony	noun	derivation / compound	des + -u, “preparing-noun”, cf. L. caeremonia, id.
desunac	ceremonial			
operu	eagle-eye			< op-etrios, “eye-[of]-eagle”, Delamarre 2023; cf. eru “eagle”, DLG 2003, p. 166
elicoiter	helicopter			loanword; /pt/ > /xt/ > /it/
endici	to emphasise	verb	derivation / compound	en + dici, “in-show”; cf. Gr. em-phainein, id.
endican	emphasis			
endiciat	emphasiser			
endicid	emphatic			adjectival suffix –d instead of –ac to avoid *-cac-
gwidwaloi	alphabet		derivation / compound	gwidwal + loi, “letter-collective”; cf. Br. lizherenneg < lizheren + eg, id.
gwidwaloic	alphabetic			
gwidwaloini	to alphabetise	verb		
gwidwaloinan	alphabetisation			
gwidwaloiat	alphabetiser			
totberiat	bus		derivation / compound	tot + beriat, “people-carrier”; cf. Gr. λεωφορείο (leoforío), id.
pari	to test	verb		< par “pot”; cf. L. testa, testum, “pot”
paran	test			
pariat	tester			
digos	host		derivation / compound	di + gos, “not-guest”, i.e. host
digosa	to host	verb		
digosan	hosting	noun		noun
algwerti	to differ	verb	derivation / compound	al + gwerti, “other-turn”; cf. L. alternus, “every other”; W. eiledu, “othering, seconding, nexting”
algwertac	different			
algwertiat	differer			
algwertaci	to differentiate	verb		
algwertaciat	differentiator			
algwertacan	differentiation			
canu tot	folk song			“song-people”
bagaud	outlaw			“combattant”, historical outlaw rebel
auson	sleepless		derivation / compound	au + son, “away-from-sleep”
ausonas	sleeplessness			
swauson	vigilant		derivation / compound	su + auson, “good-sleepless”
swausonas	vigilance			
dwauson	insomniac		derivation / compound	du + lansón, “bad-awake”
dwausonas	insomnia			
condatu	unit			“putting together”
condan mediac raiedan	central processing unit			
CMR	CPU			condan mediac raiedan = central processing unit
rim danid	binary digit			
rid	bit			rim danid > r-i-d; “binary digit” > b-i-t
danid	binary			“two-like”
danidas	binariness			
bion	byte			unit of 8 rid/bits; < bion “cut”, spelled differently in analogy with byte < bite
bionwilan	kilobyte		derivation / compound	bion + milan, “byte-thousand”
bionwoi	megabyte		derivation / compound	bion + moi, “byte-great”
bioncawar	gigabyte		derivation / compound	bion + cawar, “byte-giant”
endau	ink		derivation / compound	en + dau, “in-flame”; cf. Gr. en-kaustos < Gr. en-kaiein, “in-burn”; Gal dau- “flame”
endauni	to ink	verb		
endauniat	inker			
aritis cravan	desk			“table writing”
cisargan	wallet		derivation / compound	cis + argan, “case-money”
carnit	building			“[something that has been] built”
liautudon	anthropomorph		derivation / compound	liaut + u + don, “shape-human”, epenthetic /u/ for pronunciation > -td- > -tud-; < Gr. ἄνθρωπος-μορφή, id. 
liautudonac	anthropomorphic			
liautudonait	anthropomorphism			
cansedol	law court		derivation / compound	can + sedol, “with-seat”; cf. Gr. Συνέδριο, id.
cangweitol	conclave		derivation / compound	can + gweitol, “with-wish”; cf Gr. συμβούλιο, id.
cangwelu	counsel		derivation / compound	can + gwelu, “with-will”, < Gr. συμβουλή, id.
cangwel	to counsel	verb	derivation / compound	can + gwel, “with-want”
cangweliat	counselor			
cangartan	congress		derivation / compound	 can + gart- + -an, “with-called-thing”; < Gr. σύγκλητος, id.
cangartanac	congressional			
penwaru	skull			“head-dead”
cname trewerac	crossbones		derivation / compound	trewer + -ac, “crossing-like”
trewerac	cross-like			“crossing-like”
treweru	cross			
diteini	to move house	verb		
diteiniat	removalist			
diteinan	house move			
conartu	bark		derivation / compound	of a dog or other animal; con + artu "like-bear"; cf. W. cynarth- , id.
conartwi	to bark	verb		
conartwiat	barker			
garil	trumpet		derivation / compound	< garilla, gar + illa, "small caller", Delamarre 2023
cogwolis	concubine			< couolix, < *co-uo-lig/leg-, “with-under-lie”, Delamarre 2022, Etudes Celtiques no. 48, pp 28-32
cogwoliga	to cohabit	verb	derivation / compound	< couolig, < *co + uo + lig, “with-under-lie”
cogwoligaiat	cohabiter			
cogwoligat	cohabitation			
cogwolisait	concubinage			
gwoi	to slay	verb		< uo- "to hit, to kill", Uir-uos "man slayer", Delamarre 2022, Etudes Celtiques no. 48, pp 28-32
gwoiat	slayer			
gwoitol	slaying			
algwoi	to be xenophobic	verb	derivation / compound	al + gwoi "other-slay", < aliiouos, Delamarre 2022, Etudes Celtiques no. 48, pp 28-32
algwoiat	xenophobe			
algwoiac	xenophobic			
algwoiait	xenophobia			
dinu	safeguard			< dino-, dinia, Delamarre 2022, Etudes Celtiques no. 48, pp 28-32
dinwi	to safeguard	verb		
dinwian	safeguarding			
dinwiat	safeguarder			
esdinu	exposure		derivation / compound	es + dinu, "without-safeguard", Delamarre 2022, Etudes Celtiques no. 48, pp 28-32
esdinwi	to expose	verb		
esdinwiat	exposer			
esdinwian	act of exposing			
sudinwi	to reserve	verb	derivation / compound	su + dinwi, "good-safeguard"
sudinwiat	reserver			
sudinwian	reservation			
sudinwitu	reserved			
andedinwi	to conserve	verb	derivation / compound	ande + dinwi, "very-safeguard"
andedinwiat	conserver			
andedinwian	conservation			
andedinwiac	conservative	adjective		adjective
andedinwaun	conservative	noun		noun
andedinwait	conservatism			
esawel	lee		derivation / compound	es + awel. “without-wind”
triami	to rotate	verb		< olcatriama "fallow-three-yearly-rotation", Delamarre 2022, Etudes Celtiques no. 48, pp 28-32
triamiat	rotator			
triaman	rotation			
sitac	parrot			< L. psittacus, Gr. psittakos
sitaci	to parrot	verb		
sitaciat	parroter			
sitacan	act of parroting			
doverwan	doberman			type of dog
cerdanwaran	blowjob		derivation / compound	cerd + anwaran, "work-blow"
penrodi	to give head	verb		
penrodiat	someone who gives head			
penrodan	blowjob			act of giving head
lergaltir	landmark			
dilugenwar	deceitful			
dilugenwaras	deceitfulness			
dwadgar	to challenge	verb	derivation / compound	du + adgar, "bad-accuse"
dwadgaru	challenge			
dwadgariat	challenger			
gweropi	to glare	verb	derivation / compound	gwer + op, “on/over-eye”
gweropan	glare			dirty look
gweropíath	glarer			
certac	proper			
certacas	propriety			
cananda	to condescend	verb	derivation / compound	can + anda, "with-lowering"; cf. W. ymostwng, L. condescendere
canandan	condescension			
canandaiat	condescender			
dunitem	fake	noun	derivation / compound	noun; du + nitem, "bad-claim"; cf. W. honniad "pretension" < honni "claim"
dunitemi	to fake	verb		
dunitemac	fake	adjective		adjective
dunitemiat	faker			
dagwepac	pretentious		derivation / compound	da + gwep + -ac, “two-word-like”
dagwepacas	pretentiousness			
gavite	available		derivation / compound	gavi + -te, "take-able"
gaviteas	availability			
avo gavite	make available			
sulerg	note		derivation / compound	su + lerg, "good-track"
sulerge	to note	verb		
sulerget	noter			
sulergen	noting			
derwi	to verify	verb	derivation / compound	deru + -i, "oaking", < deru "oak"; cf. Ir. dearbhaigh "to verify", < Ir. dearbh "true, certain" < *deruo- "oak, tree, firm"
derwiat	verifier			
derwian	verification			
derwite	verifiable			
amdarn	diverse		derivation / compound	am + darn, “about-some/several”; cf. W. amryw, id.
amdarnas	diversity			
averada	to admit	verb	derivation / compound	a + berada, “towards-send”; cf. L. admittere, id.
averadan	admission			
averadiat	admitter			
esi i troicarat	it’s a pity			
esi i duvarnu	it’s a pity			duvarnu “damage” < Fr. “c’est dommage”
digwerberu	devolution		derivation / compound	di + gwerberu, “de-evolution”
gnimenbeti	to recognise	verb	derivation / compound	gni + menbeti, “remember-know”
gnimenbetiat	recogniser			
gnimenbetan	recognition			
gnimenbete	recognisable			
gnimenbeteas	recognisability			
angnimenbete	unrecognisable			
angnimenbeteas	unrecognisability			
cluite	audible			
cluiteas	audibility			
ancluite	inaudible			
ancluiteas	inaudibility			
spariu	novel		derivation / compound	work of fiction; spa + riu, “say-free”
spariunaun	novelist			
SORRA	Se O Re Rincor Adavo			“that which needed demonstrating”; cf. QED, Quot Erat Demonstrandum
gwerusel	outstanding		derivation / compound	gwer + usel, “over/on-above”; cf. W. aruchel, id.
gweruselas	outstandingness			
gweraun	at once		derivation / compound	gwer + aun, “on-one time/occasion”; cf. W. ar unwaith, id.
andegwin	splendid		derivation / compound	andeé + gwin, “very white”; cf. W. arwyn, id.
andegwinas	splendidness			
andegwinu	splendour			
gwercrit	awe		derivation / compound	gwer + crit, “excessive-terror”; cf. W. aruthrol < aruthr- < ar-uthr, “excessive-terror”
gwercritwar	awful			
gwercritwaras	awfulness			
gwercawar	tremendous		derivation / compound	gwer + cawar, “over/on-giant”
gwercawaras	tremendousness			
gwerwoi	awesome		derivation / compound	gwer + moi, “over/on-great”
gwerwoias	awesomeness			
gwerwes	reverence		derivation / compound	gwer + mes, “excessive-judgement”; cf. Ir. ardmheas, “high judgment”
gwerwesa	to rever	verb		
gwerwesaiat	reverer			
ardumes	veneration		derivation / compound	ardu + mes, “high-judgement; cf. Ir. ardmheas. id.
ardumesa	to venerate	verb		
ardumesaiat	venerator			
dumanit	prestige			< dumanitu, “smoked”; cf. W. myged “honour”, id. < mwg- “smoke”
dumanitac	prestigious			
mai nep	somewhere			
carali	to cherish	verb	derivation / compound	cara + al, “love-small”
caraliat	cherisher			
caralan	cherishment			
lawendelge	to entertain	verb	derivation / compound	lawen + delge, “happy-hold”
lawendelget	entertainer			
lawendelgen	entertainment			
lawendelgac	entertaining			
alau	melody			root of G. alauni, “to meander, wander”, cf. W. alaw “melody”; meaning “meandering, wandering [sound]”; cf. Gaul. alaud “lark [songbird]”
alauc	melodious			
alaucas	melodiousness			
gosancro	bloodshed			
gosan	pouring			act of pouring a liquid
gosaiat	pourer			
dipeni	to decapitate	verb	derivation / compound	di + pen + -i, “un-head-ing”
dipenan	decapitation			
dipeniat	decapitator			
tamic	classic		derivation / compound	tam + -ic, “[belonging to a ]-class-like”), < Gaul- -tamica; cf. L. classicus, id.
lingovan	lap		derivation / compound	< lin + gov-, “water-fold, completed circuit of a pool or race track”
lingoviat	lapper			
oltotol	publication	noun		tertiary noun derivation on –ol
anbesac	unusual			
anloscu	level	noun		noun
autaian	tactic	noun		< autai “to arrange”, secondary noun derivation on –an; cf. L tactica < Gr. taktike “(art of) arrangement”
autaianac	tactical			
autaianaun	tactician			
atolisa	to retribute	verb		
atolisan	retribution			
atolisaiat	retributer			
gwergweit	parade		derivation / compound	gwer + gweit, “over/on-travel”; cf. W. gorymdaith, id.
gwergweiti	to parade	verb		
gwergweitiat	parader			
sudan	manager		derivation / compound	su + dan, “good-administrator”
sudani	to manage	verb		
sudanan	management			concept
sudanloi	management			group of people
sudanac	managerial			
mocal	small pig			piglet
diunanlan	holiday		derivation / compound	diu + -n- + anlan, “day-empty”, epenthetic -n-; cf. vacation < PIE *wak- “empty”
iacrunal	pill		derivation / compound	iacrun + -al, “small-medicine”
Basque	Gwasc	noun		noun, exonym, < L. Uasco-
Basque	Gwasconac	adjective		adjective, exonym, < L. Uasco-
anbedolac	non-metallic		derivation / compound	an + bedol + ac, “non-metal-like”
swausac	phonetic		derivation / compound	swaus + -ac, “sound-like”
swausacloi	phonetics			
ergwerti	to tour	verb	derivation / compound	er + gwerti, “all-around-turn”
ergwertan	tour			
ergwertiat	tourist			
ergwertait	tourism			
awenaun	genius		derivation / compound	awen + -aun, “source-er”; cf. W. awenydd, id.
awenaunac	genial			
gworan	sward			area of grassland, Gaul. uorra, Occ. goura “meadow”, Kerkhof 2018
gworan	lea			area of grassland, Gaul. uorra, Occ. goura “meadow”, Kerkhof 2018
gwaver	ravine			Gaul. uabero, OProv. gaur, Kerkhof 2018
gwadan	waterhole			Gaul. uadana, MFr. gasne, Kerkhof 2018
segon	sniffer dog			Gaul. segusium < *segusion, Kerkhof 2018
cranwar	hog			
ducran	swine			
gwanu	bloodhound			Gaul. uanno, OFr. guaignun, Kerkhof 2018
devi	to blaze	verb		Gaul. deba, Kerkhof 2018
devan	blaze			
deviat	blazer			
baunid	sordid		derivation / compound	bau + n + -id, “mud-like”, secondary adjectival suffix –id,epenthetic /n/; cf. W. bawaidd, “muddy, sordid”
baunidas	sordity			
menbetani	to memorise	verb		
menbetanu	memorisation			
menbetaniat	memoriser			
diacuvor	to stalk	verb	derivation / compound	diacu + bor , “slow-move”; verb at end of word in compounds
diacuvoriat	stalker			
diacuvoru	act of stalking			
gwercaltoi	bowstring			
biscladi	to poke	verb	derivation / compound	bis + cladi, “finger-stab”
biscladiat	poker			iron bar for poking things with
biscladan	poke			
bi-ac-angavi	hit-and-miss	phrase		
covret	general	adjective	derivation / compound	adjective, co+ bret, “with-reflection”; cf. W. cyffredinol < *combretin-, id.
inte covret	generally			
covretas	generality			
covreti	to generalise	verb		
covretiat	generaliser			
covretan	generalisation			
glasrunloi	vegetation		derivation / compound	glasrun + loi, “plant-collective”
glasgwolt	grass		derivation / compound	glas + gwolt, “green-hair”; gwolt “hair” used as qualifier of glas “green”; cf. W. glaswellt, “green-hair” = grass
triac	triple		derivation / compound	tri + -ac, “three-like”
diprenol	incident		derivation / compound	di + pren + -ol, “un-tree-thing”; cf. W. digwyddiad, id.; meaning “without [supporting] framework [of wood/tree]”
diprenolac incidental				
etrol	fin			< etru “wing” < *etro-, < *(p)etro-, DLG 2003, p. 168; cf. E. feather < *petra; cf. W. adan “wing, feather, fin, spoke of wheel”
etrol rot	spoke		derivation / compound	of wheel; etrol + rot, “wing-wheel”; cf. W. adain olwyn, id.
etrol esc	fish fin			
bascu	texture	noun		< basci “to weave”; secondary noun derivation
gnascani	to sext	verb	derivation / compound	gnas + bascani, “sex-text”
gnascaniat	sexter			
gnascanu	sexting			
tigernis	lady		derivation / compound	tigeren- + -is, fem. form of tigeren
drapdal	blindfold		derivation / compound	drap + dal, “cloth-blind”
drapdali	to blindfold	verb		
drapdaliat	blindfolder			
drapdalan	blindfolding	noun		noun
urdrugar	to protest	verb	derivation / compound	ur + drugar, “against-shout”
urdrugaru	protest			
urdrugariat	protester			
scotiral	palette		derivation / compound	scotir + -al, “little-shovel”; cf. Fr. palette, id.
raivor	to impel	verb	derivation / compound	rai + bor, “forward-move”
raivoriat	impellent			“impeller”
raivoru	impulse			
raivoraun	hormone		derivation / compound	raivor + -aun, “forward-move-agent”; cf. Gr. hormon < horme “impulse”
raivoraunac	hormonal			
duvatait	fascism		derivation / compound	du + bat + -ait, “bad-stick-ism”; cf. L. fasces “bundle of sticks”
duvataun	fascist	noun		noun
duvatac	fascist	adjective		adjective
moregin	urchin		derivation / compound	mor + egin, “sea-hedgehog”; sea urchin; mor- used as archaic-fossilised prefix, cf. morcambu “bay” < “sea-bend” (DLG 2003 p. 100); cf. morcun “dolphin” < sea-dog”, etc.
diligol	bundle		derivation / compound	dilig- + ol, “bind everything”
diligoli	to bundle	verb		
diligoliat	bundler			
enren	influence		derivation / compound	en + ren, “in-flow”; cf. L. influentia, id.
enreni	to influence	verb		
enreniat	influencer			
bulgu	lyre		derivation / compound	bulg + -u, “bag-thing”, musical instrument; cf. W. crwth, Ir. cruit, < PC. *crutto-, bag, swelling
enbolg	womb		derivation / compound	en + bolg, "in-belly", cf. Ir. imbolc, id.
bulgwi	to pay the lyre	verb		
bulgwiat	lyre player			
bulgwian	lyre-playing			lyre music
cantol bulgu	lyre music			
enbolge	to breed	verb	derivation / compound	to make pregnant; en + bolge, “in-belly”; cf. Ir. imbolc, id.
enbolget	breeder			stud, someone or something that makes pregnant
enbolgen	breeding			
epis enbolgen	brood mare			
andenbolge	to inbreed	verb	derivation / compound	and(o) + enbolge, “inside-breed”, loss of /o/ before /e/
andenbolget	inbreeder			
andenbolgen	inbreeding			
andenbolgetu	inbred			
auvolge	to abort	verb	derivation / compound	au + bolge, "away from belly"
auvolget	aborter			
auvolgen	abortion			
auvolgac	abortive			
epis	mare		derivation / compound	ep + -is, suffix regularly endowing female gender
caracol	snail			
acunas caracol	snail speed			snail's pace
adama	to confess	verb	derivation / compound	a + dama, “towards-accept”; cf. W. addef, cyfaddef, Ir. admhaigh, OIr. ad-daimid, PrC. *addamyeti, “towards-endure/suffer/accept”
adamaiat	confessor			
adamat	confession			
conadama	to admit	verb	derivation / compound	con + adama, “with-confess”; cf. W. cyfaddef < *com-ad-dam-, “with-towards-accepting”
conadamaiat	admitter			
conadamat	admittance			
urgwerti	to revolt	verb	derivation / compound	ur + gwerti, “against-turn”
urgwertiat	revolter			
urgwertan	revolt			
ergwerti	to about-turn	verb	derivation / compound	er + gwerti, “around-turn”
ergwertiat	about-turner			
ergwertan	about-turn			
pengwerti	to overturn	verb	derivation / compound	pen + gwerti, “head-turn”, i.e. turn on its head
pengwertiat	overturner			
pengwertan	overturn	noun		noun
pengwertol	revolution			“over-turn-all”; political, technological, social
pengwertolac	revolutionary	adjective		adjective
pengwertolaun	revolutionary	noun		noun, a person, of either gender
gwertogwi	to change course	verb	derivation / compound	gwerti + ogwi, “turn-conduct”, cf. W. chwyldroi, id.
gwertogwiat	course changer			
gwertogwian	course change			
amroti	to revolve	verb	derivation / compound	am + roti, “around-wheeling”; cf. Ir. imrothlú “revolution”
amrotiat	revolver			
amrotan	revolution			of physical matter, e.g. door, planet, wheel; cf. Ir. imrothlú, id.
pimcores	pentathlon		derivation / compound	pimp + cores, “five-contest”, -mpc- > -mc-; cf. Ger. Fünfkampf, “five-fight”
pimcoresaun	pentathlete			
tricores	triathlon		derivation / compound	tri + cores, “three-contest”
tricoresaun	triathlete			
snantu sucerdac	artistic swimming			
darot bri	mountain bike			
gavusa	to lift	verb	derivation / compound	gavi + us, “take-high”
gavusaiat	lifter			one who lifts things up
gavusan	lifting	noun		noun; lifting things up
bragavusa	to lift weights	verb	derivation / compound	bra + gavusa, “heavy-lift”
bragavusaiat	weightlifter			
bragavusan	weightlifting	noun		noun
darot sentu	track cycle			
teidur	town hall			
digalac	disabled		derivation / compound	handicapped; di + galac, “un-able”
digalu	disability			
suvat	golf		derivation / compound	su + bat, “good-stick”; cf. golf “stick”
suvati	to play golf	verb		
suvatiat	golfer			
bat suvat	golf club			
brisuling	to breakdance	verb	derivation / compound	bris + suling, “break-dance”
brisulingen	breakdance			
brisulinget	breakdancer			
durunoli	to box	verb	derivation / compound	durun + ol + -i, “fist-all-ing”
durunoliat	boxer			
durunol	boxing		derivation / compound	durun + ol, “fist-all”; cf. Ir. dornáil, Br. dornata, “boxing”
enduruni	to fist	verb	derivation / compound	en + durun, “in-fist”
enduruniat	fister			
endurunan	fisting	noun		noun
lutures	athletics		derivation / compound	lutu + res, “ardour-contest”; cf. Ir. luthchleas, “strength-feat”
luturesaun	athlete			
luturesac	athletic			
lutu	ardour			
lutumar	ardent			
dulutu	indignation			
dulutumar	indignant			
argon	champion			
argoni	to champion	verb		
argoniat	championer			
argonan	championing	noun		noun
argonait	championship			
latiu	day period of 24 hours			
sulat	hero			
sulatac	heroic			
sulatis	heroine			
sulatait	heroism			
gwersulat	superhero			< uer-su-lat-, “super-hero”, < *su-lat- “good-fury”, DLG 2003, p. 197-98
gwolat	timid person		derivation / compound	gwo + lat-, “under-fury”, DLG 2003, p. 197-98
gwolatac	timid			
gwolatait	timidity			
latu	fury			
latunac	furious			
duvariu	tantrum			
bariu	rage			
bariunac	rage-like			
bariuni	to rage	verb	derivation / compound	bariu + -ni, cf. carni < car-ni, DLG 2003, p. 106) 
bariuniat	rager			
rovur	angry			< Roburi, DLG 2003, p. 94
rovuras	anger			
lut	bog			
lutac	boggy			
luti	to bog	verb		to fill up holes
lutiat	bogger			hole filler
lutol	bogging			filling of holes
duluti	to get bogged	verb		to get stuck in mud
dulutiat	one who gets bogged			stuck in mud
dulutol	act of beng bogged			stuck in mud
laten	wetland			
luten	puddle			< lut, “bog, swamp”, cf. luteno-, DLG 2003, p. 211-12
luteni	to puddle	verb		
luteniat	puddler			
borbauni	to smudge	verb	derivation / compound	bor + bauni, “move-muddy”
borbauniat	smudger			
borbaunan	smudge			
divaunan	wipe	noun		noun
divauni	to wipe	verb	derivation / compound	di + bauni, “un-muddy”
divauniat	wiper			
divaunac	wiped	adjective		adjective
lat	flat			
latas	flatness			
swavan	feat		derivation / compound	su + avan, “good-act, good-deed”
canowa	canoe			< Sp. canoa < Arawak/Carib canaoua
canowi	to canoe	verb		
canowiat	canoeist			
canowian	canoeing			
tenis aritis	table tennis			
tenis	tennis			< OFr. tenez “take!”
darot caman	road bike			
bolduvur	water polo			“water-ball”, cf. Ger. Wasserball, id., < Balti (Tibetan) polo, pulu “ball”
bolvoli	volleyball			
bolvoli trait	beach volleyball			
giunas	gymnastics			< gimnas, with /mn/ > /un/ in Gaulish; < Gr. gymnazo, gymnazein “to exercise or train naked”
giunasaun	gymnast			
giunas sucerdac	artistic gymnastics			
bolbascaud	basketball			
cladbata	to fence	verb	derivation / compound	clad + bata, “sword-fight”, verb at end of compound
cladbataiat	fencer			
cladbatan	fencing			
clad marcis	sabre			“sword-horseman”, broad-bladed sword, cf. Manx cliwe markee, id.
clad cernac	foil			“sword-protruding”, thin-bladed sword for fencing, cf. Manx cliwe crammanagh, “bulbous sword”, id.
iudo	judo			< Jap. judo
oci	hockey			< Fr. hoquet “shepherd’s staff, crook < OFr hoc “hook”
badwinton	badminton			
suvorue gwer marc	equestrian sports			“sports on horse”; cf. Br. sportoù war varc’h, id.
bolam	handball		derivation / compound	bol + lam, “ball-hand”
boltreg	football		derivation / compound	bol + treg, “ball-foot”
rugbi	rugby			
Iwan	person of the yew tree			< Gaul. Iuanius, DLG 2003, p. 193-94
arin	ridge		derivation / compound	< ari(o)- + -n, “elevated-thing”; cf. Gaul. ario “nobleman”, L. aristo-, id.; cf. Gaul. arinca “wheat”, L. arista; cf. Fr. arête, “ridge”, “backbone of fish”; note similarity in shape of mountain ridge and backbone of fish
arin esc	backbone of fish			
dertolas	nakedness			
swen	idiom		derivation / compound	swe + -n, “self-thing”; cf. L., Gr. idioma < Gr. idios < *swed-yo- “self”
swenac	idiomatic			
angwirid	insecure		derivation / compound	an + gwirid, “un-secure”
angwiridas	insecurity			
divritwi	to ignore	verb	derivation / compound	di + britwi, “non-consider”; cf. W. diystyru, id.
divritwiat	ignorer			
divritwian	ignorance			
glasu	indigo			woad blue, < Gaul. glasina “blueberry”, DLG p. 180
glasu	woad blue			
glasin	blueberry			
iunac	alike			
iunu	parallel			
iun	match			equal, one of a pair; < Gaul. Essimnus, ess-imnu-, “without rival, without alike”; name of Condrusi soldier 2nd cent CE; Stifter 2013, ‘Two Continental Celtic Studies: the Vocative of Gaulish, and Essimnus’; cf. OIr. emno, Br. eeun, MCor. ewn
iuni	to match	verb		
iuniat	matcher			
iunan	a matching			
daiun	couple		derivation / compound	da + iun, “two-match”
daiuni	to couple	verb		
daiuniat	coupler			
daiunan	coupling			
coiuni	to emulate	verb		
coiuniat	emulator			
coiunan	emulation			
caliagu	icecube		derivation / compound	cal + iagu, “pebble-ice”
dumunredi	to dark-ride	verb	derivation / compound	dumun + redi, "dark-ride", > ride at night, ride in the dark; > to raid, rob, steal, plot, scheme, conspire, rebel, revolt, to rip off
dumunrediat	dark-rider			raider, pirate, robber, highway man, thief, plotter, schemer, conspiracist, rebel, revolutionary
dumunredan	dark-ride			
dumunredan	rip-off			
dumunreditu	dark-ridden			ripped off; e.g. etu ti dumunreditu: you have been ripped off
coswadi	to comfort	verb		< coswad “comfortable”
coswadiat	comforter			
canstor	consolation		derivation / compound	can + stor, “with-solid”; cf. W. cysur, id.
canstori	to console	verb		
canstoriat	consoler			
urid	morality			< uridolano, “full-of-virtue/morals”, DLG p.196
uridac	moral			
anuridac	immoral			
anurid	immorality			
uridi	to moralise	verb		
uridiat	moraliser			
uridan	moralisation			
aulung	to dismiss	verb	derivation / compound	au + lung, “away-release”; cf. L. missa, “dismiss(al)”
aulungen	dismissal			
aulunget	dismisser			
ioru	offer			
auver	to go on a mission	verb	derivation / compound	au + ber, “away-carry”
auveru	mission			
auveriat	missionary			
ened auveriat	missionary position			
ioran ecles	mass			offering-church, i.e. christian church service, cf. W. offeren, Ir. aifreann “mass” < L. offerenda “sacrifice”, “carry-towards” < *ob-fero
ecles	church			“christian church” < Gr. ecclesia “gathering”
lavaru ioran	sermon		derivation / compound	speech + offering
credin	pious		derivation / compound	cred + -in, “believe-like”
credinas	piety			
drum	water course			
drumi	to course	verb		
drumiat	courser			
druman	turbulence			
drumcarc	rapid		derivation / compound	feature on river; < drum + carc, “watercourse-rock”
drauc	fit person			
drauci	to get fit	verb		
draucan	fitness			
drauciat	fitness practitioner			
dolv	caterpillar			< dolba, L. of Gaul. origin
dolvi	to creep	verb		
dolviat	creeper			
dolvan	slow motion			
dolvac	creepy			
dolvacas	creepiness			
bol	ball			loanword < E. ball < PrGer. *balluz < PIE *bhel- “to swell”; cf. Gaul. bolg “belly”
boldert	blister		derivation / compound	bol + dert, “ball-skin”
bolderti	to blister	verb		
boldertiat	blisterer			
boldertan	blistering	noun		noun
derweti	to lesion	verb		
derwetiat	lesioner			
derwetan	lesioning	noun		noun
derwetu	skin sore			
derwet	lesion			< L. derbita < Gaul. *derueta
dac	dagger			< L. daculum < Gaul. *daca
dacal	small dagger			
dalg	hoe			< L. daculum < Gaul. *dalgis, “scythe”
dalge	to hoe	verb		
dalget	hoe-er			
dalgen	act of hoeing			
isoni	to propel	verb		< Gaul. Ambisontes, “around-propelling [watercourse]”, hydronymic component
isoniat	propeller			
isonan	act of propelling			
aur	hail			< Gaul. Arauris, hydronym, ar-aur-, “rising rain/water/flow”
auri	to hail	verb		
carcaur	hailstone		derivation / compound	carc + aur, “stone-hail”
atal	dad		derivation / compound	at- + -al, “daddy”
croga	to croak	verb		onomatopeia
crogaiat	croaker			
crogat	croak	noun		noun
gnasid	sexual			“sex-like”, < gnas “sex”
gnasidas	sexuality			
gnasidi	to sexualise	verb		
gnasidiat	sexualiser			
gnasidan	sexualisation			
gnasac	sexy			
gnasacas	sexiness			
algnasu	species		derivation / compound	algnas + -u, “sort-thing”, cf. W. rhywogaeth < rhywog “sort”, rhyw “sex”
amel	daisy			< L. amellus < Gaul. *amellos, “daisy”
anuando	endonym		derivation / compound	anu + ando, “name-inside”
anueso	exonym		derivation / compound	anu + eso, “name-outside”
anusamal	homonym			
anutengu	glottonym		derivation / compound	anu + tengu, “name-language”
mapan	adoption			cf W. mabwysiad, id.
mapi	to adopt	verb		
mapitu	adopted			
mapiat	adopter			
bucu	mellow			< buccos, FWOGO
bucunas	mellowness			
camis	shirt			< camisia; cf. Fr. chemise, FWOGO
carbu	chest			large container, < carbos “basket”, FWOGO
ulanu	wool			< ulana “wool”, FWOGO; cf. W. gwlan, Ir. olann
dercol	berry			< dercos, “berry”, FWOGO
menunal	inkling		derivation / compound	menu + -al, "thought-small"; epenthetic /n/
petrudur	quarter of town		derivation / compound	petru + dur, “quarter-town”
milcum tir	tortoise			“turtle-land”
garunal	squeak		derivation / compound	garu + -al, “call-small”, epenthetic /n/
garunali	to squeak	verb		
garunaliat	squeaker			
tiuprite	payable			i.e. must be paid, obligation to pay
tiupriteas	payability			obligation to be paid
ogwi	to conduct	verb		
ogwian	conduct			
ogwiat	conductor			
ogwiatait	conductorship			
dugwisa	to stupefy	verb		
dugwisaiat	stupefier			
dugwisan	stupefaction			
-aun	agentative suffix for abstract concept	affix		cf. uelaunos “commander”
oswediu	afternoon		derivation / compound	os + mediu, “after-midday”
cognion	conscience		derivation / compound	co + gnion, “with-wisdom”; cf. L. conscientia, id.
baru	morning			< Tre-baru-na, “across-morning-[female deity suffix]”; < PrC. *baregu
gwaric	dawn			< Uaricellus, Uaricia [Asteria], cf. W. gwawr, Ir. fáir “aurore”; Delamarre 2025, Wekwos [online]
gwarici	to dawn	verb		
gwarican	dawning	noun		noun
ciunis	fog		derivation / compound	ciu + is, “cloud-low”; with epenthetic /n/ after /u/
ciunisac	foggy			
ciulu	haze		derivation / compound	ciu + ulu, “cloud-dust”; cf. Ir. smúiteán “small cloud of dust, haze”
ciulunac	hazy			
nodon	mist			< Gaul. Nodonti, Nodenti; Matasovic 2009, p. 350, “mist, haze”
nodonac	misty			
ogomi	to orate	verb		
ogomiat	orator			
ogoman	oration			
ogom	eloquence			< Ogmios, Gaulish god who bound people’s ears to his tongue with chains, DLG 2003, p. 239; ogom < ogmo-, epenthetic /o/ of assimilation to preceding vowel
ogomac	eloquent			
Ogom	Gaulish god of eloquence			
andernad	those below			
is	down			< issu, issi, isilus, isin; Whatmough 1970, p. 706, 709, 215, 1280; W. C. isel, Br. izel, Ir. íseal < PrC. fissus-; cf. “Isombres” < Is-Ombres, “Lower-Umbrians”, Livy, native of Gallia Cisalpina, Gaulish folk-etymology for Insubres
us	up			
amani	to path-walk	verb		 “to road”
ecuran	border			
ecurani	to border	verb		
ecuraniat	borderer			
ecuranu	bordering	noun		noun
ecuranu	boundary marker			
elan	doe			roe deer
elem	deer			
cernucaru	antler		derivation / compound	carnu +caru, “horn-deer”
caru	deer			generic
caru	stag			
damat	fallow deer			
damu	buck			
andapis	to inspect	verb	derivation / compound	and- + apis, “very-see”
andapisiat	inspector			
andapisan	inspection			
tricaman	three-way			
aman coric	present tense			
aman gwatolac	future tense			
o	his			
io	its			
so	her			
sio	their			
cintid	already		derivation / compound	cint- + -id, “first-like”, cf. Br. keñtiz, id.
dor	door			
teldor	threshold		derivation / compound	tel + dor, “cavity-door”, cf. Br. toul an nor, id.
tel	cavity			< Telo, “waterhole”, Gaulish god of a spring
tel	hole			
tel	waterhole			
gwepel	grammar		derivation / compound	gwep + -el, “word-instrument”, -el instrumental suffix, cf. W. geiriadur, Br. geriadur, id.
gwepelac	grammatical			
-el	instrumental suffix	affix		cf. metel, magel
on can cel	with each other			one with a companion
ar ac es	on and off			“on and out”, cf. Ir. air agus as, id.; pertaining to lights and switches
atawen	resource		derivation / compound	at- + awen, “again-source”, cf. E. resource, Fr. ressource, id.
argwercu	online			
esoni	to utter	verb	derivation / compound	eso + -ni, “outside-ing”, cf. E. utter < “out-ing”, id.
esoniat	utterer			
esonan	uttering			
Duvnu	world of the dead			
Bitu	world of the living			
Albu	world of the gods			
escoti	to erase	verb	derivation / compound	es + scoti, “out-of-scrape”, cf. L. exradere > erase, id.
escotiat	eraser			
escotiat	erasure			
ardunar	altar		derivation / compound	ardu + -n + -ar, “high-place”, with epenthetic /n/, cf. L. altare “high place for sacrifice”
maiten	fire place		derivation / compound	mai + ten, “place-fire”
maiten	hearth			
isai	to descend	verb	derivation / compound	is + ai, “down-go”
isaitol	descent			physical going down
isaiat	descender			one who goes down
isaiel	descender		derivation / compound	isai + -el, “descend-tool”, tool for going down [with rope], e.g. mountain, cliff
cridol	core	noun	derivation / compound	crid + -ol, “heart-thing”, secondary noun derivation
mesu	mode			
Diulugu	Monday			diu Lugu, “Lugus Day”
Diuvelen	Tuesday			diu Belen, “Belenos Day”
Diutotat	Wednesday			diu Totat, “Toutatis Day”
Diutaran	Thursday			diu Taran, “Taranis Day”
Diumatron	Friday			diu Matron, “Matrona Day”
Diucernun	Saturday			diu Cernun, “Cernunnos Day”
Diuroswert	Sunday			diu Roswert, “Rosmerta Day”
gwi	yes			abbreviation of “gwiru “true”; also phonetic rendition of modern French “oui” with Galatac /gw/ for word-initial [w]
ne	no			negating abundantly attested in ancient Gaulish, cf. DLG 2003, p. 233
epduvur	hippopotamus		derivation / compound	ep + duvur, “horse-water”, cf. W. dyfrfarch, Ir. dobhareach, id.; Gr. hippopotamos “horse-river”
truncernu	rhinoceros		derivation / compound	trun + cernu, “nose-horn”, cf. Ir. srónbheannach, “nose-horned/peaked”; Gr. rhinoceros “nose-horn”
aman	time			
setol	generation			
aiu	age			
or	hour			modern loan
minut	minute			id.
secondu	second			id.
pimdec minute	fifteen minutes			
petru or	quarter hour			
sim or	half hour			
diu	day			
sindiu	today			
noit	night			
sinoit	tonight		derivation / compound	sin + noit; cf. sindiu “sin + diu”, DLG 2003, p. 274-75; -nn- > -n-
latiu	period of 24 hours, 1 day and 1 night			
baru	morning			< Trebaruna, theonym, DLG 2003, p. 123, 301; analysed as tre-baru-na, “across-morning-”
mediu	midday		derivation / compound	< medi + diu, “middle-day”, contraction of -didi- > -di-, cf. sindiu < *sindediu, id.
oswediu	afternoon		derivation / compound	os + mediu, “after-midday”
nesnoit	evening		derivation / compound	nes + noit, “near-night”
medinoit	midnight		derivation / compound	medi + noit, “middle-night”
avaru	tomorrow		derivation / compound	a + baru, “to[wards]-morning
os avaru	after tomorrow			
ardiu	yesterday		derivation / compound	ar + diu, “before/in front of-day”; cf. araus “temple” > “before-ear”
cin ardiu	before yesterday			
seitnoit	week			“seven-night”, by analogy with e.g. trinoctia “three-night”
penseitnoit	weekend		derivation / compound	pen + seitnoit, “head-week”
mis	month			
bleden	year			
penbleden	anniversary, birthday		derivation / compound	pen + bleden, “head-year”
soncing	season			period
sam	summer			
met	autumn			“harvest” < *met- “to harvest
giam	winter			
gwison	spring			
trinoit	three-night feast			
decnoit	ten-night feast			